o Extruded.001
v 0 -2.0816681711721685e-17 0.10000000149011612
v 0 0 0
v 0.10000000149011612 0 0
v 0.10000000149011612 -2.0816681711721685e-17 0.10000000149011612
v 0 0.10000000149011612 0.10000000149011612
v 0 0.10000000149011612 0
v 0.10000000149011612 0.10000000149011612 0.10000000149011612
v 0.10000000149011612 0.10000000149011612 0
vn 0 -1 -2.0816681711721685e-16
vn 0 -1 -2.0816681711721685e-16
vn 0 -1 -2.0816681711721685e-16
vn 0 -1 -2.0816681711721685e-16
vn -1 0 0
vn -1 0 0
vn -1 0 0
vn -1 0 0
vn 0 1 2.0816681711721685e-16
vn 0 1 2.0816681711721685e-16
vn 0 1 2.0816681711721685e-16
vn 0 1 2.0816681711721685e-16
vn 1 0 0
vn 1 0 0
vn 1 0 0
vn 1 0 0
vn 0 0 1
vn 0 0 1
vn 0 0 1
vn 0 0 1
vn 0 0 -1
vn 0 0 -1
vn 0 0 -1
vn 0 0 -1
f 1//1 2//2 3//3
f 3//3 4//4 1//1
f 2//5 1//6 5//7
f 5//7 6//8 2//5
f 7//9 8//10 6//11
f 6//11 5//12 7//9
f 3//13 8//14 7//15
f 7//15 4//16 3//13
f 5//17 1//18 4//19
f 4//19 7//20 5//17
f 8//21 3//22 2//23
f 2//23 6//24 8//21
o Extruded.002
v 0 0.6499999761581421 0.10000000149011612
v 0 0.6499999761581421 0
v 0.10000000149011612 0.6499999761581421 0
v 0.10000000149011612 0.6499999761581421 0.10000000149011612
v 0 0.75 0.10000000149011612
v 0 0.75 0
v 0.10000000149011612 0.75 0.10000000149011612
v 0.10000000149011612 0.75 0
vn 0 -1 -2.0816681711721685e-16
vn 0 -1 -2.0816681711721685e-16
vn 0 -1 -2.0816681711721685e-16
vn 0 -1 -2.0816681711721685e-16
vn -1 0 0
vn -1 0 0
vn -1 0 0
vn -1 0 0
vn 0 1 2.0816681711721685e-16
vn 0 1 2.0816681711721685e-16
vn 0 1 2.0816681711721685e-16
vn 0 1 2.0816681711721685e-16
vn 1 0 0
vn 1 0 0
vn 1 0 0
vn 1 0 0
vn 0 0 1
vn 0 0 1
vn 0 0 1
vn 0 0 1
vn 0 0 -1
vn 0 0 -1
vn 0 0 -1
vn 0 0 -1
f 9//25 10//26 11//27
f 11//27 12//28 9//25
f 13//29 14//30 10//31
f 10//31 9//32 13//29
f 15//33 16//34 14//35
f 14//35 13//36 15//33
f 12//37 11//38 16//39
f 16//39 15//40 12//37
f 13//41 9//42 12//43
f 12//43 15//44 13//41
f 16//45 11//46 10//47
f 10//47 14//48 16//45
o Extruded.003
v 1.2000000476837158 0.6499999761581421 0.10000000149011612
v 1.2000000476837158 0.6499999761581421 0
v 1.2999999523162842 0.6499999761581421 0
v 1.2999999523162842 0.6499999761581421 0.10000000149011612
v 1.2000000476837158 0.75 0.10000000149011612
v 1.2000000476837158 0.75 0
v 1.2999999523162842 0.75 0.10000000149011612
v 1.2999999523162842 0.75 0
vn 0 -1 -2.0816681711721685e-16
vn 0 -1 -2.0816681711721685e-16
vn 0 -1 -2.0816681711721685e-16
vn 0 -1 -2.0816681711721685e-16
vn -1 0 0
vn -1 0 0
vn -1 0 0
vn -1 0 0
vn 0 1 2.0816681711721685e-16
vn 0 1 2.0816681711721685e-16
vn 0 1 2.0816681711721685e-16
vn 0 1 2.0816681711721685e-16
vn 1 0 0
vn 1 0 0
vn 1 0 0
vn 1 0 0
vn 0 0 1
vn 0 0 1
vn 0 0 1
vn 0 0 1
vn 0 0 -1
vn 0 0 -1
vn 0 0 -1
vn 0 0 -1
f 17//49 18//50 19//51
f 19//51 20//52 17//49
f 21//53 22//54 18//55
f 18//55 17//56 21//53
f 23//57 24//58 22//59
f 22//59 21//60 23//57
f 20//61 19//62 24//63
f 24//63 23//64 20//61
f 21//65 17//66 20//67
f 20//67 23//68 21//65
f 24//69 19//70 18//71
f 18//71 22//72 24//69
o Extruded.004
v 1.2000000476837158 -2.0816681711721685e-17 0.10000000149011612
v 1.2000000476837158 0 0
v 1.2999999523162842 0 0
v 1.2999999523162842 -2.0816681711721685e-17 0.10000000149011612
v 1.2000000476837158 0.10000000149011612 0.10000000149011612
v 1.2000000476837158 0.10000000149011612 0
v 1.2999999523162842 0.10000000149011612 0.10000000149011612
v 1.2999999523162842 0.10000000149011612 0
vn 0 -1 -2.0816681711721685e-16
vn 0 -1 -2.0816681711721685e-16
vn 0 -1 -2.0816681711721685e-16
vn 0 -1 -2.0816681711721685e-16
vn -1 0 0
vn -1 0 0
vn -1 0 0
vn -1 0 0
vn 0 1 2.0816681711721685e-16
vn 0 1 2.0816681711721685e-16
vn 0 1 2.0816681711721685e-16
vn 0 1 2.0816681711721685e-16
vn 1 0 0
vn 1 0 0
vn 1 0 0
vn 1 0 0
vn 0 0 1
vn 0 0 1
vn 0 0 1
vn 0 0 1
vn 0 0 -1
vn 0 0 -1
vn 0 0 -1
vn 0 0 -1
f 25//73 26//74 27//75
f 27//75 28//76 25//73
f 26//77 25//78 29//79
f 29//79 30//80 26//77
f 31//81 32//82 30//83
f 30//83 29//84 31//81
f 27//85 32//86 31//87
f 31//87 28//88 27//85
f 29//89 25//90 28//91
f 28//91 31//92 29//89
f 32//93 27//94 26//95
f 26//95 30//96 32//93
o Extruded.005
v -0.04092346504330635 0.8106156587600708 1.7999999523162842
v -0.04092346504330635 0.8106156587600708 0.10000000149011612
v -0.04092346504330635 -0.06061564385890961 0.10000000149011612
v -0.04092346504330635 -0.06061564385890961 1.7999999523162842
v 1.3409234285354614 0.8106156587600708 1.7999999523162842
v 1.3409234285354614 0.8106156587600708 0.10000000149011612
v 1.3409234285354614 -0.06061564385890961 0.10000000149011612
v 1.3409234285354614 -0.06061564385890961 1.7999999523162842
v 0.6380000114440918 -0.06061564385890961 1.7994095087051392
v 0.6620000004768372 -0.06061564385890961 1.7994095087051392
v 0.6620000004768372 -0.06061564385890961 0.10059046745300293
v 0.6380000114440918 -0.06061564385890961 0.10059046745300293
v 0.6620000004768372 0.05400000140070915 1.7994095087051392
v 0.6620000004768372 0.05400000140070915 0.10059046745300293
v 0.6380000114440918 0.05400000140070915 1.7994095087051392
v 0.6380000114440918 0.05400000140070915 0.10059046745300293
vn -1 0 0
vn -1 0 0
vn -1 0 0
vn -1 0 0
vn 0 1 2.2857533482748037e-16
vn 0 1 2.2857533482748037e-16
vn 0 1 2.2857533482748037e-16
vn 0 1 2.2857533482748037e-16
vn 1 0 0
vn 1 0 0
vn 1 0 0
vn 1 0 0
vn 4.1086506704734314e-33 0 1
vn 4.1086506704734314e-33 0 1
vn 4.1086506704734314e-33 0 1
vn 4.1086506704734314e-33 0 1
vn -4.1086506704734314e-33 0 -1
vn -4.1086506704734314e-33 0 -1
vn -4.1086506704734314e-33 0 -1
vn -4.1086506704734314e-33 0 -1
vn 0 -1 -2.2857533482748037e-16
vn 0 -1 -2.2857533482748037e-16
vn 0 -1 -2.2857533482748037e-16
vn 0 -1 -2.2857533482748037e-16
vn 0 -1 -2.2857533482748037e-16
vn 0 -1 -2.2857533482748037e-16
vn 0 -1 -2.2857533482748037e-16
vn 0 -1 -2.2857533482748037e-16
vn -1 0 0
vn -1 0 0
vn -1 0 0
vn -1 0 0
vn 0 0 -1
vn 0 0 -1
vn 0 0 -1
vn 0 0 -1
vn 0 -1 0
vn 0 -1 0
vn 0 -1 0
vn 0 -1 0
vn 0 0 1
vn 0 0 1
vn 0 0 1
vn 0 0 1
vn 1 0 0
vn 1 0 0
vn 1 0 0
vn 1 0 0
f 33//97 34//98 35//99
f 35//99 36//100 33//97
f 37//101 38//102 34//103
f 34//103 33//104 37//101
f 39//105 38//106 37//107
f 37//107 40//108 39//105
f 40//109 37//110 33//111
f 33//111 36//112 40//109
f 39//113 35//114 34//115
f 34//115 38//116 39//113
f 40//117 36//118 41//119
f 41//119 42//120 40//117
f 42//120 39//121 40//117
f 42//120 43//122 39//121
f 35//123 39//121 43//122
f 36//118 44//124 41//119
f 43//122 44//124 35//123
f 44//124 36//118 35//123
f 45//125 46//126 43//127
f 43//127 42//128 45//125
f 42//129 41//130 47//131
f 47//131 45//132 42//129
f 47//133 48//134 46//135
f 46//135 45//136 47//133
f 48//137 44//138 43//139
f 43//139 46//140 48//137
f 47//141 41//142 44//143
f 44//143 48//144 47//141
o Extruded.006
v 0.4365101754665375 -1.3877787807814457e-17 0.9981458783149719
v 0.44999998807907104 -1.3877787807814457e-17 1
v 0.44999998807907104 -0.10000000149011612 1
v 0.42402079701423645 -1.3877787807814457e-17 0.9927209615707397
v 0.4365101754665375 -0.10000000149011612 0.9981458783149719
v 0.4134581983089447 -1.3877787807814457e-17 0.9841276407241821
v 0.42402079701423645 -0.10000000149011612 0.9927209615707397
v 0.4056057333946228 -1.3877787807814457e-17 0.9730032682418823
v 0.4134581983089447 -0.10000000149011612 0.9841276407241821
v 0.4010457992553711 -1.3877787807814457e-17 0.9601727724075317
v 0.4056057333946228 -0.10000000149011612 0.9730032682418823
v 0.40011656284332275 -1.3877787807814457e-17 0.946587860584259
v 0.4010457992553711 -0.10000000149011612 0.9601727724075317
v 0.4028869569301605 -1.3877787807814457e-17 0.9332560300827026
v 0.40011656284332275 -0.10000000149011612 0.946587860584259
v 0.40915149450302124 -1.3877787807814457e-17 0.9211660027503967
v 0.4028869569301605 -0.10000000149011612 0.9332560300827026
v 0.4184456169605255 -1.3877787807814457e-17 0.9112144112586975
v 0.40915149450302124 -0.10000000149011612 0.9211660027503967
v 0.43007993698120117 -1.3877787807814457e-17 0.9041394591331482
v 0.4184456169605255 -0.10000000149011612 0.9112144112586975
v 0.44319167733192444 -1.3877787807814457e-17 0.900465726852417
v 0.43007993698120117 -0.10000000149011612 0.9041394591331482
v 0.45680832862854004 -1.3877787807814457e-17 0.900465726852417
v 0.44319167733192444 -0.10000000149011612 0.900465726852417
v 0.4699200689792633 -1.3877787807814457e-17 0.9041394591331482
v 0.45680832862854004 -0.10000000149011612 0.900465726852417
v 0.48155438899993896 -1.3877787807814457e-17 0.9112144112586975
v 0.4699200689792633 -0.10000000149011612 0.9041394591331482
v 0.49084848165512085 -1.3877787807814457e-17 0.9211660027503967
v 0.48155438899993896 -0.10000000149011612 0.9112144112586975
v 0.49711304903030396 -1.3877787807814457e-17 0.9332560300827026
v 0.49084848165512085 -0.10000000149011612 0.9211660027503967
v 0.4998834431171417 -1.3877787807814457e-17 0.946587860584259
v 0.49711304903030396 -0.10000000149011612 0.9332560300827026
v 0.4989542067050934 -1.3877787807814457e-17 0.9601727724075317
v 0.4998834431171417 -0.10000000149011612 0.946587860584259
v 0.4943942725658417 -1.3877787807814457e-17 0.9730032682418823
v 0.4989542067050934 -0.10000000149011612 0.9601727724075317
v 0.4865418076515198 -1.3877787807814457e-17 0.9841276407241821
v 0.4943942725658417 -0.10000000149011612 0.9730032682418823
v 0.475979208946228 -1.3877787807814457e-17 0.9927209615707397
v 0.4865418076515198 -0.10000000149011612 0.9841276407241821
v 0.463489830493927 -1.3877787807814457e-17 0.9981458783149719
v 0.475979208946228 -0.10000000149011612 0.9927209615707397
v 0.463489830493927 -0.10000000149011612 0.9981458783149719
vn 0.269796758890152 0 -0.9629172682762146
vn 2.4492937051703357e-16 0 -1
vn 2.4492937051703357e-16 0 -1
vn 0.5195839405059814 0 -0.8544194102287292
vn 0.269796758890152 0 -0.9629172682762146
vn 0.7308359742164612 0 -0.6825531721115112
vn 0.5195839405059814 0 -0.8544194102287292
vn 0.8878852128982544 0 -0.4600650370121002
vn 0.7308359742164612 0 -0.6825531721115112
vn 0.9790840744972229 0 -0.20345601439476013
vn 0.8878852128982544 0 -0.4600650370121002
vn 0.9976687431335449 0 0.06824241578578949
vn 0.9790840744972229 0 -0.20345601439476013
vn 0.9422609210014343 0 0.334879606962204
vn 0.9976687431335449 0 0.06824241578578949
vn 0.8169698715209961 0 0.5766803026199341
vn 0.9422609210014343 0 0.334879606962204
vn 0.6310879588127136 0 0.7757112979888916
vn 0.8169698715209961 0 0.5766803026199341
vn 0.39840108156204224 0 0.9172112941741943
vn 0.6310879588127136 0 0.7757112979888916
vn 0.13616664707660675 0 0.9906859397888184
vn 0.39840108156204224 0 0.9172112941741943
vn -0.13616664707660675 0 0.9906859397888184
vn 0.13616664707660675 0 0.9906859397888184
vn -0.39840108156204224 0 0.9172112941741943
vn -0.13616664707660675 0 0.9906859397888184
vn -0.6310879588127136 0 0.7757112979888916
vn -0.39840108156204224 0 0.9172112941741943
vn -0.8169698715209961 0 0.5766803026199341
vn -0.6310879588127136 0 0.7757112979888916
vn -0.9422609210014343 0 0.334879606962204
vn -0.8169698715209961 0 0.5766803026199341
vn -0.9976687431335449 0 0.06824241578578949
vn -0.9422609210014343 0 0.334879606962204
vn -0.9790840744972229 0 -0.20345601439476013
vn -0.9976687431335449 0 0.06824241578578949
vn -0.8878852128982544 0 -0.4600650370121002
vn -0.9790840744972229 0 -0.20345601439476013
vn -0.7308359742164612 0 -0.6825531721115112
vn -0.8878852128982544 0 -0.4600650370121002
vn -0.5195839405059814 0 -0.8544194102287292
vn -0.7308359742164612 0 -0.6825531721115112
vn -0.269796758890152 0 -0.9629172682762146
vn -0.5195839405059814 0 -0.8544194102287292
vn -0.269796758890152 0 -0.9629172682762146
f 49//145 50//146 51//147
f 52//148 49//145 53//149
f 54//150 52//148 55//151
f 56//152 54//150 57//153
f 58//154 56//152 59//155
f 60//156 58//154 61//157
f 62//158 60//156 63//159
f 64//160 62//158 65//161
f 66//162 64//160 67//163
f 68//164 66//162 69//165
f 70//166 68//164 71//167
f 72//168 70//166 73//169
f 74//170 72//168 75//171
f 76//172 74//170 77//173
f 78//174 76//172 79//175
f 80//176 78//174 81//177
f 82//178 80//176 83//179
f 84//180 82//178 85//181
f 86//182 84//180 87//183
f 88//184 86//182 89//185
f 90//186 88//184 91//187
f 92//188 90//186 93//189
f 50//146 92//188 94//190
f 94//190 51//147 50//146
f 93//189 94//190 92//188
f 91//187 93//189 90//186
f 89//185 91//187 88//184
f 87//183 89//185 86//182
f 85//181 87//183 84//180
f 83//179 85//181 82//178
f 81//177 83//179 80//176
f 79//175 81//177 78//174
f 77//173 79//175 76//172
f 75//171 77//173 74//170
f 73//169 75//171 72//168
f 71//167 73//169 70//166
f 69//165 71//167 68//164
f 67//163 69//165 66//162
f 65//161 67//163 64//160
f 63//159 65//161 62//158
f 61//157 63//159 60//156
f 59//155 61//157 58//154
f 57//153 59//155 56//152
f 55//151 57//153 54//150
f 53//149 55//151 52//148
f 51//147 53//149 49//145
o Extruded.007
v 0.836510181427002 -1.3877787807814457e-17 0.9981458783149719
v 0.8500000238418579 -1.3877787807814457e-17 1
v 0.8500000238418579 -0.10000000149011612 1
v 0.8240208029747009 -1.3877787807814457e-17 0.9927209615707397
v 0.836510181427002 -0.10000000149011612 0.9981458783149719
v 0.8134582042694092 -1.3877787807814457e-17 0.9841276407241821
v 0.8240208029747009 -0.10000000149011612 0.9927209615707397
v 0.8056057095527649 -1.3877787807814457e-17 0.9730032682418823
v 0.8134582042694092 -0.10000000149011612 0.9841276407241821
v 0.8010457754135132 -1.3877787807814457e-17 0.9601727724075317
v 0.8056057095527649 -0.10000000149011612 0.9730032682418823
v 0.8001165390014648 -1.3877787807814457e-17 0.946587860584259
v 0.8010457754135132 -0.10000000149011612 0.9601727724075317
v 0.802886962890625 -1.3877787807814457e-17 0.9332560300827026
v 0.8001165390014648 -0.10000000149011612 0.946587860584259
v 0.8091515302658081 -1.3877787807814457e-17 0.9211660027503967
v 0.802886962890625 -0.10000000149011612 0.9332560300827026
v 0.81844562292099 -1.3877787807814457e-17 0.9112144112586975
v 0.8091515302658081 -0.10000000149011612 0.9211660027503967
v 0.830079972743988 -1.3877787807814457e-17 0.9041394591331482
v 0.81844562292099 -0.10000000149011612 0.9112144112586975
v 0.8431916832923889 -1.3877787807814457e-17 0.900465726852417
v 0.830079972743988 -0.10000000149011612 0.9041394591331482
v 0.8568083047866821 -1.3877787807814457e-17 0.900465726852417
v 0.8431916832923889 -0.10000000149011612 0.900465726852417
v 0.8699200749397278 -1.3877787807814457e-17 0.9041394591331482
v 0.8568083047866821 -0.10000000149011612 0.900465726852417
v 0.8815544247627258 -1.3877787807814457e-17 0.9112144112586975
v 0.8699200749397278 -0.10000000149011612 0.9041394591331482
v 0.8908485174179077 -1.3877787807814457e-17 0.9211660027503967
v 0.8815544247627258 -0.10000000149011612 0.9112144112586975
v 0.897113025188446 -1.3877787807814457e-17 0.9332560300827026
v 0.8908485174179077 -0.10000000149011612 0.9211660027503967
v 0.8998834490776062 -1.3877787807814457e-17 0.946587860584259
v 0.897113025188446 -0.10000000149011612 0.9332560300827026
v 0.8989542126655579 -1.3877787807814457e-17 0.9601727724075317
v 0.8998834490776062 -0.10000000149011612 0.946587860584259
v 0.8943942785263062 -1.3877787807814457e-17 0.9730032682418823
v 0.8989542126655579 -0.10000000149011612 0.9601727724075317
v 0.8865417838096619 -1.3877787807814457e-17 0.9841276407241821
v 0.8943942785263062 -0.10000000149011612 0.9730032682418823
v 0.8759791851043701 -1.3877787807814457e-17 0.9927209615707397
v 0.8865417838096619 -0.10000000149011612 0.9841276407241821
v 0.8634898662567139 -1.3877787807814457e-17 0.9981458783149719
v 0.8759791851043701 -0.10000000149011612 0.9927209615707397
v 0.8634898662567139 -0.10000000149011612 0.9981458783149719
vn 0.269796758890152 0 -0.9629172682762146
vn 2.4492937051703357e-16 0 -1
vn 2.4492937051703357e-16 0 -1
vn 0.5195839405059814 0 -0.8544194102287292
vn 0.269796758890152 0 -0.9629172682762146
vn 0.7308359742164612 0 -0.6825531721115112
vn 0.5195839405059814 0 -0.8544194102287292
vn 0.8878852128982544 0 -0.4600650370121002
vn 0.7308359742164612 0 -0.6825531721115112
vn 0.9790840744972229 0 -0.20345601439476013
vn 0.8878852128982544 0 -0.4600650370121002
vn 0.9976687431335449 0 0.06824241578578949
vn 0.9790840744972229 0 -0.20345601439476013
vn 0.9422609210014343 0 0.334879606962204
vn 0.9976687431335449 0 0.06824241578578949
vn 0.8169698715209961 0 0.5766803026199341
vn 0.9422609210014343 0 0.334879606962204
vn 0.6310879588127136 0 0.7757112979888916
vn 0.8169698715209961 0 0.5766803026199341
vn 0.39840108156204224 0 0.9172112941741943
vn 0.6310879588127136 0 0.7757112979888916
vn 0.13616664707660675 0 0.9906859397888184
vn 0.39840108156204224 0 0.9172112941741943
vn -0.13616664707660675 0 0.9906859397888184
vn 0.13616664707660675 0 0.9906859397888184
vn -0.39840108156204224 0 0.9172112941741943
vn -0.13616664707660675 0 0.9906859397888184
vn -0.6310879588127136 0 0.7757112979888916
vn -0.39840108156204224 0 0.9172112941741943
vn -0.8169698715209961 0 0.5766803026199341
vn -0.6310879588127136 0 0.7757112979888916
vn -0.9422609210014343 0 0.334879606962204
vn -0.8169698715209961 0 0.5766803026199341
vn -0.9976687431335449 0 0.06824241578578949
vn -0.9422609210014343 0 0.334879606962204
vn -0.9790840744972229 0 -0.20345601439476013
vn -0.9976687431335449 0 0.06824241578578949
vn -0.8878852128982544 0 -0.4600650370121002
vn -0.9790840744972229 0 -0.20345601439476013
vn -0.7308359742164612 0 -0.6825531721115112
vn -0.8878852128982544 0 -0.4600650370121002
vn -0.5195839405059814 0 -0.8544194102287292
vn -0.7308359742164612 0 -0.6825531721115112
vn -0.269796758890152 0 -0.9629172682762146
vn -0.5195839405059814 0 -0.8544194102287292
vn -0.269796758890152 0 -0.9629172682762146
f 95//191 96//192 97//193
f 98//194 95//191 99//195
f 100//196 98//194 101//197
f 102//198 100//196 103//199
f 104//200 102//198 105//201
f 106//202 104//200 107//203
f 108//204 106//202 109//205
f 110//206 108//204 111//207
f 112//208 110//206 113//209
f 114//210 112//208 115//211
f 116//212 114//210 117//213
f 118//214 116//212 119//215
f 120//216 118//214 121//217
f 122//218 120//216 123//219
f 124//220 122//218 125//221
f 126//222 124//220 127//223
f 128//224 126//222 129//225
f 130//226 128//224 131//227
f 132//228 130//226 133//229
f 134//230 132//228 135//231
f 136//232 134//230 137//233
f 138//234 136//232 139//235
f 96//192 138//234 140//236
f 140//236 97//193 96//192
f 139//235 140//236 138//234
f 137//233 139//235 136//232
f 135//231 137//233 134//230
f 133//229 135//231 132//228
f 131//227 133//229 130//226
f 129//225 131//227 128//224
f 127//223 129//225 126//222
f 125//221 127//223 124//220
f 123//219 125//221 122//218
f 121//217 123//219 120//216
f 119//215 121//217 118//214
f 117//213 119//215 116//212
f 115//211 117//213 114//210
f 113//209 115//211 112//208
f 111//207 113//209 110//206
f 109//205 111//207 108//204
f 107//203 109//205 106//202
f 105//201 107//203 104//200
f 103//199 105//201 102//198
f 101//197 103//199 100//196
f 99//195 101//197 98//194
f 97//193 99//195 95//191
o Sphere.001
v 0.879925012588501 -0.12999999523162842 0.8981683850288391
v 0.8654903173446655 -0.12999999523162842 0.8921893239021301
v 0.8649159073829651 -0.12582075595855713 0.8921893239021301
v 0.8788152933120728 -0.12192633002996445 0.8981683850288391
v 0.8632352352142334 -0.12195147573947906 0.8921893239021301
v 0.8755685091018677 -0.11445144563913345 0.8981683850288391
v 0.8605729937553406 -0.11867911368608475 0.8921893239021301
v 0.8704254031181335 -0.10812972486019135 0.8981683850288391
v 0.8571265339851379 -0.11624637246131897 0.8921893239021301
v 0.8637674450874329 -0.10343002527952194 0.8981683850288391
v 0.8531516194343567 -0.11483366787433624 0.8921893239021301
v 0.856088399887085 -0.10070089995861053 0.8981683850288391
v 0.8489428758621216 -0.1145457848906517 0.8921893239021301
v 0.8479578495025635 -0.10014475136995316 0.8981683850288391
v 0.8448126316070557 -0.11540407687425613 0.8921893239021301
v 0.8399787545204163 -0.10180283337831497 0.8981683850288391
v 0.8410670161247253 -0.11734487116336823 0.8921893239021301
v 0.8327428102493286 -0.10555216670036316 0.8981683850288391
v 0.8379839658737183 -0.1202242448925972 0.8921893239021301
v 0.8267868161201477 -0.11111468821763992 0.8981683850288391
v 0.8357921242713928 -0.12382863461971283 0.8921893239021301
v 0.8225524425506592 -0.1180778443813324 0.8981683850288391
v 0.8346539735794067 -0.12789073586463928 0.8921893239021301
v 0.8203536868095398 -0.125925213098526 0.8981683850288391
v 0.8346539735794067 -0.13210926949977875 0.8921893239021301
v 0.8203536868095398 -0.13407479226589203 0.8981683850288391
v 0.8357921242713928 -0.136171355843544 0.8921893239021301
v 0.8225524425506592 -0.14192216098308563 0.8981683850288391
v 0.8379839658737183 -0.13977575302124023 0.8921893239021301
v 0.8267868161201477 -0.1488853096961975 0.8981683850288391
v 0.8410670161247253 -0.1426551342010498 0.8921893239021301
v 0.8327428102493286 -0.15444782376289368 0.8981683850288391
v 0.8448126316070557 -0.1445959210395813 0.8921893239021301
v 0.8399787545204163 -0.15819716453552246 0.8981683850288391
v 0.8489428758621216 -0.14545421302318573 0.8921893239021301
v 0.8479578495025635 -0.15985524654388428 0.8981683850288391
v 0.8531516194343567 -0.1451663225889206 0.8921893239021301
v 0.856088399887085 -0.1592991054058075 0.8981683850288391
v 0.8571265339851379 -0.14375363290309906 0.8921893239021301
v 0.8637674450874329 -0.1565699726343155 0.8981683850288391
v 0.8605729937553406 -0.14132088422775269 0.8921893239021301
v 0.8704254031181335 -0.1518702656030655 0.8981683850288391
v 0.8632352352142334 -0.13804852962493896 0.8921893239021301
v 0.8755685091018677 -0.14554855227470398 0.8981683850288391
v 0.8649159073829651 -0.1341792345046997 0.8921893239021301
v 0.8788152933120728 -0.13807366788387299 0.8981683850288391
v 0.8923203349113464 -0.12999999523162842 0.9076796770095825
v 0.8907510042190552 -0.1185821071267128 0.9076796770095825
v 0.8861593008041382 -0.10801102221012115 0.9076796770095825
v 0.8788858652114868 -0.09907076507806778 0.9076796770095825
v 0.8694701194763184 -0.09242438524961472 0.9076796770095825
v 0.8586103320121765 -0.08856482058763504 0.9076796770095825
v 0.8471119403839111 -0.08777830749750137 0.9076796770095825
v 0.8358277678489685 -0.09012318402528763 0.9076796770095825
v 0.8255946636199951 -0.095425546169281 0.9076796770095825
v 0.8171716332435608 -0.10329213738441467 0.9076796770095825
v 0.8111832737922668 -0.11313952505588531 0.9076796770095825
v 0.8080738186836243 -0.12423738092184067 0.9076796770095825
v 0.8080738186836243 -0.13576261699199677 0.9076796770095825
v 0.8111832737922668 -0.14686048030853271 0.9076796770095825
v 0.8171716332435608 -0.15670786798000336 0.9076796770095825
v 0.8255946636199951 -0.16457445919513702 0.9076796770095825
v 0.8358277678489685 -0.1698768138885498 0.9076796770095825
v 0.8471119403839111 -0.17222169041633606 0.9076796770095825
v 0.8586103320121765 -0.1714351773262024 0.9076796770095825
v 0.8694701194763184 -0.16757561266422272 0.9076796770095825
v 0.8788858652114868 -0.16092923283576965 0.9076796770095825
v 0.8861593008041382 -0.15198896825313568 0.9076796770095825
v 0.8907510042190552 -0.14141789078712463 0.9076796770095825
v 0.9018316268920898 -0.12999999523162842 0.920074999332428
v 0.8999095559120178 -0.11601599305868149 0.920074999332428
v 0.8942859768867493 -0.10306911170482635 0.920074999332428
v 0.885377824306488 -0.09211957454681396 0.920074999332428
v 0.8738459348678589 -0.08397945761680603 0.920074999332428
v 0.8605454564094543 -0.07925247400999069 0.920074999332428
v 0.8464629054069519 -0.07828919589519501 0.920074999332428
v 0.8326426148414612 -0.08116107434034348 0.920074999332428
v 0.8201097249984741 -0.08765511959791183 0.920074999332428
v 0.8097935914993286 -0.09728968143463135 0.920074999332428
v 0.8024594187736511 -0.10935021936893463 0.920074999332428
v 0.7986511588096619 -0.12294226139783859 0.920074999332428
v 0.7986511588096619 -0.13705773651599884 0.920074999332428
v 0.8024594187736511 -0.1506497859954834 0.920074999332428
v 0.8097935914993286 -0.16271032392978668 0.920074999332428
v 0.8201097249984741 -0.1723448783159256 0.920074999332428
v 0.8326426148414612 -0.17883892357349396 0.920074999332428
v 0.8464629054069519 -0.18171079456806183 0.920074999332428
v 0.8605454564094543 -0.18074752390384674 0.920074999332428
v 0.8738459348678589 -0.176020547747612 0.920074999332428
v 0.885377824306488 -0.16788041591644287 0.920074999332428
v 0.8942859768867493 -0.15693087875843048 0.920074999332428
v 0.8999095559120178 -0.14398400485515594 0.920074999332428
v 0.9078106880187988 -0.12999999523162842 0.9345096945762634
v 0.9056668877601624 -0.11440286785364151 0.9345096945762634
v 0.8993945717811584 -0.0999625027179718 0.9345096945762634
v 0.8894588351249695 -0.08774987608194351 0.9345096945762634
v 0.8765966892242432 -0.07867075502872467 0.9345096945762634
v 0.8617619276046753 -0.07339848577976227 0.9345096945762634
v 0.8460548520088196 -0.07232409715652466 0.9345096945762634
v 0.8306403756141663 -0.07552725821733475 0.9345096945762634
v 0.8166617155075073 -0.08277042210102081 0.9345096945762634
v 0.8051556348800659 -0.09351637959480286 0.9345096945762634
v 0.7969753742218018 -0.10696816444396973 0.9345096945762634
v 0.7927277684211731 -0.12212811410427094 0.9345096945762634
v 0.7927277684211731 -0.1378718912601471 0.9345096945762634
v 0.7969753742218018 -0.1530318409204483 0.9345096945762634
v 0.8051556348800659 -0.16648362576961517 0.9345096945762634
v 0.8166617155075073 -0.17722958326339722 0.9345096945762634
v 0.8306403756141663 -0.18447273969650269 0.9345096945762634
v 0.8460548520088196 -0.18767590820789337 0.9345096945762634
v 0.8617619276046753 -0.18660151958465576 0.9345096945762634
v 0.8765966892242432 -0.18132925033569336 0.9345096945762634
v 0.8894588351249695 -0.17225012183189392 0.9345096945762634
v 0.8993945717811584 -0.16003750264644623 0.9345096945762634
v 0.9056668877601624 -0.14559713006019592 0.9345096945762634
v 0.909850001335144 -0.12999999523162842 0.949999988079071
v 0.9076306223869324 -0.11385265737771988 0.949999988079071
v 0.9011369943618774 -0.09890289604663849 0.949999988079071
v 0.890850841999054 -0.08625945448875427 0.949999988079071
v 0.8775349259376526 -0.07686005532741547 0.949999988079071
v 0.8621768355369568 -0.07140180468559265 0.949999988079071
v 0.845915675163269 -0.0702895075082779 0.949999988079071
v 0.8299574255943298 -0.07360567152500153 0.949999988079071
v 0.8154856562614441 -0.0811043381690979 0.949999988079071
v 0.8035736680030823 -0.09222937375307083 0.949999988079071
v 0.7951048612594604 -0.10615568608045578 0.949999988079071
v 0.7907074093818665 -0.12185042351484299 0.949999988079071
v 0.7907074093818665 -0.13814957439899445 0.949999988079071
v 0.7951048612594604 -0.15384431183338165 0.949999988079071
v 0.8035736680030823 -0.1677706241607666 0.949999988079071
v 0.8154856562614441 -0.17889566719532013 0.949999988079071
v 0.8299574255943298 -0.1863943338394165 0.949999988079071
v 0.845915675163269 -0.18971049785614014 0.949999988079071
v 0.8621768355369568 -0.18859820067882538 0.949999988079071
v 0.8775349259376526 -0.18313995003700256 0.949999988079071
v 0.890850841999054 -0.17374055087566376 0.949999988079071
v 0.9011369943618774 -0.16109710931777954 0.949999988079071
v 0.9076306223869324 -0.14614734053611755 0.949999988079071
v 0.9078106880187988 -0.12999999523162842 0.9654903411865234
v 0.9056668877601624 -0.11440286785364151 0.9654903411865234
v 0.8993945717811584 -0.0999625027179718 0.9654903411865234
v 0.8894588351249695 -0.08774987608194351 0.9654903411865234
v 0.8765966892242432 -0.07867075502872467 0.9654903411865234
v 0.8617619276046753 -0.07339848577976227 0.9654903411865234
v 0.8460548520088196 -0.07232409715652466 0.9654903411865234
v 0.8306403756141663 -0.07552725821733475 0.9654903411865234
v 0.8166617155075073 -0.08277042210102081 0.9654903411865234
v 0.8051556348800659 -0.09351637959480286 0.9654903411865234
v 0.7969753742218018 -0.10696816444396973 0.9654903411865234
v 0.7927277684211731 -0.12212811410427094 0.9654903411865234
v 0.7927277684211731 -0.1378718912601471 0.9654903411865234
v 0.7969753742218018 -0.1530318409204483 0.9654903411865234
v 0.8051556348800659 -0.16648362576961517 0.9654903411865234
v 0.8166617155075073 -0.17722958326339722 0.9654903411865234
v 0.8306403756141663 -0.18447273969650269 0.9654903411865234
v 0.8460548520088196 -0.18767590820789337 0.9654903411865234
v 0.8617619276046753 -0.18660151958465576 0.9654903411865234
v 0.8765966892242432 -0.18132925033569336 0.9654903411865234
v 0.8894588351249695 -0.17225012183189392 0.9654903411865234
v 0.8993945717811584 -0.16003750264644623 0.9654903411865234
v 0.9056668877601624 -0.14559713006019592 0.9654903411865234
v 0.9018316268920898 -0.12999999523162842 0.9799250364303589
v 0.8999095559120178 -0.11601599305868149 0.9799250364303589
v 0.8942859768867493 -0.10306911170482635 0.9799250364303589
v 0.885377824306488 -0.09211957454681396 0.9799250364303589
v 0.8738459348678589 -0.08397945761680603 0.9799250364303589
v 0.8605454564094543 -0.07925247400999069 0.9799250364303589
v 0.8464629054069519 -0.07828919589519501 0.9799250364303589
v 0.8326426148414612 -0.08116107434034348 0.9799250364303589
v 0.8201097249984741 -0.08765511959791183 0.9799250364303589
v 0.8097935914993286 -0.09728968143463135 0.9799250364303589
v 0.8024594187736511 -0.10935021936893463 0.9799250364303589
v 0.7986511588096619 -0.12294226139783859 0.9799250364303589
v 0.7986511588096619 -0.13705773651599884 0.9799250364303589
v 0.8024594187736511 -0.1506497859954834 0.9799250364303589
v 0.8097935914993286 -0.16271032392978668 0.9799250364303589
v 0.8201097249984741 -0.1723448783159256 0.9799250364303589
v 0.8326426148414612 -0.17883892357349396 0.9799250364303589
v 0.8464629054069519 -0.18171079456806183 0.9799250364303589
v 0.8605454564094543 -0.18074752390384674 0.9799250364303589
v 0.8738459348678589 -0.176020547747612 0.9799250364303589
v 0.885377824306488 -0.16788041591644287 0.9799250364303589
v 0.8942859768867493 -0.15693087875843048 0.9799250364303589
v 0.8999095559120178 -0.14398400485515594 0.9799250364303589
v 0.8923203349113464 -0.12999999523162842 0.9923203587532043
v 0.8907510042190552 -0.1185821071267128 0.9923203587532043
v 0.8861593008041382 -0.10801102221012115 0.9923203587532043
v 0.8788858652114868 -0.09907076507806778 0.9923203587532043
v 0.8694701194763184 -0.09242438524961472 0.9923203587532043
v 0.8586103320121765 -0.08856482058763504 0.9923203587532043
v 0.8471119403839111 -0.08777830749750137 0.9923203587532043
v 0.8358277678489685 -0.09012318402528763 0.9923203587532043
v 0.8255946636199951 -0.095425546169281 0.9923203587532043
v 0.8171716332435608 -0.10329213738441467 0.9923203587532043
v 0.8111832737922668 -0.11313952505588531 0.9923203587532043
v 0.8080738186836243 -0.12423738092184067 0.9923203587532043
v 0.8080738186836243 -0.13576261699199677 0.9923203587532043
v 0.8111832737922668 -0.14686048030853271 0.9923203587532043
v 0.8171716332435608 -0.15670786798000336 0.9923203587532043
v 0.8255946636199951 -0.16457445919513702 0.9923203587532043
v 0.8358277678489685 -0.1698768138885498 0.9923203587532043
v 0.8471119403839111 -0.17222169041633606 0.9923203587532043
v 0.8586103320121765 -0.1714351773262024 0.9923203587532043
v 0.8694701194763184 -0.16757561266422272 0.9923203587532043
v 0.8788858652114868 -0.16092923283576965 0.9923203587532043
v 0.8861593008041382 -0.15198896825313568 0.9923203587532043
v 0.8907510042190552 -0.14141789078712463 0.9923203587532043
v 0.879925012588501 -0.12999999523162842 1.0018316507339478
v 0.8788152933120728 -0.12192633002996445 1.0018316507339478
v 0.8755685091018677 -0.11445144563913345 1.0018316507339478
v 0.8704254031181335 -0.10812972486019135 1.0018316507339478
v 0.8637674450874329 -0.10343002527952194 1.0018316507339478
v 0.856088399887085 -0.10070089995861053 1.0018316507339478
v 0.8479578495025635 -0.10014475136995316 1.0018316507339478
v 0.8399787545204163 -0.10180283337831497 1.0018316507339478
v 0.8327428102493286 -0.10555216670036316 1.0018316507339478
v 0.8267868161201477 -0.11111468821763992 1.0018316507339478
v 0.8225524425506592 -0.1180778443813324 1.0018316507339478
v 0.8203536868095398 -0.125925213098526 1.0018316507339478
v 0.8203536868095398 -0.13407479226589203 1.0018316507339478
v 0.8225524425506592 -0.14192216098308563 1.0018316507339478
v 0.8267868161201477 -0.1488853096961975 1.0018316507339478
v 0.8327428102493286 -0.15444782376289368 1.0018316507339478
v 0.8399787545204163 -0.15819716453552246 1.0018316507339478
v 0.8479578495025635 -0.15985524654388428 1.0018316507339478
v 0.856088399887085 -0.1592991054058075 1.0018316507339478
v 0.8637674450874329 -0.1565699726343155 1.0018316507339478
v 0.8704254031181335 -0.1518702656030655 1.0018316507339478
v 0.8755685091018677 -0.14554855227470398 1.0018316507339478
v 0.8788152933120728 -0.13807366788387299 1.0018316507339478
v 0.8654903173446655 -0.12999999523162842 1.0078107118606567
v 0.8649159073829651 -0.12582075595855713 1.0078107118606567
v 0.8632352352142334 -0.12195147573947906 1.0078107118606567
v 0.8605729937553406 -0.11867911368608475 1.0078107118606567
v 0.8571265339851379 -0.11624637246131897 1.0078107118606567
v 0.8531516194343567 -0.11483366787433624 1.0078107118606567
v 0.8489428758621216 -0.1145457848906517 1.0078107118606567
v 0.8448126316070557 -0.11540407687425613 1.0078107118606567
v 0.8410670161247253 -0.11734487116336823 1.0078107118606567
v 0.8379839658737183 -0.1202242448925972 1.0078107118606567
v 0.8357921242713928 -0.12382863461971283 1.0078107118606567
v 0.8346539735794067 -0.12789073586463928 1.0078107118606567
v 0.8346539735794067 -0.13210926949977875 1.0078107118606567
v 0.8357921242713928 -0.136171355843544 1.0078107118606567
v 0.8379839658737183 -0.13977575302124023 1.0078107118606567
v 0.8410670161247253 -0.1426551342010498 1.0078107118606567
v 0.8448126316070557 -0.1445959210395813 1.0078107118606567
v 0.8489428758621216 -0.14545421302318573 1.0078107118606567
v 0.8531516194343567 -0.1451663225889206 1.0078107118606567
v 0.8571265339851379 -0.14375363290309906 1.0078107118606567
v 0.8605729937553406 -0.14132088422775269 1.0078107118606567
v 0.8632352352142334 -0.13804852962493896 1.0078107118606567
v 0.8649159073829651 -0.1341792345046997 1.0078107118606567
v 0.8500000238418579 -0.12999999523162842 1.009850025177002
v 0.8500000238418579 -0.12999999523162842 0.8901500105857849
vn 0.5 0 -0.8660253882408142
vn 0.258819043636322 0 -0.9659258127212524
vn 0.2492213398218155 0.06982854008674622 -0.9659258127212524
vn 0.4814586341381073 0.134898379445076 -0.8660253882408142
vn 0.22114001214504242 0.13447822630405426 -0.9659258127212524
vn 0.4272097051143646 0.2597919702529907 -0.8660253882408142
vn 0.1766577512025833 0.1891542673110962 -0.9659258127212524
vn 0.3412765860557556 0.3654179871082306 -0.8660253882408142
vn 0.11907359212636948 0.22980161011219025 -0.9659258127212524
vn 0.2300325185060501 0.4439426064491272 -0.8660253882408142
vn 0.052658289670944214 0.2534056007862091 -0.9659258127212524
vn 0.10172800719738007 0.48954203724861145 -0.8660253882408142
vn -0.01766243577003479 0.25821566581726074 -0.9659258127212524
vn -0.034121207892894745 0.49883437156677246 -0.8660253882408142
vn -0.08667322248220444 0.24387507140636444 -0.9659258127212524
vn -0.167439803481102 0.47113046050071716 -0.8660253882408142
vn -0.14925585687160492 0.21144737303256989 -0.9659258127212524
vn -0.28834015130996704 0.40848493576049805 -0.8660253882408142
vn -0.2007688581943512 0.1633375734090805 -0.9659258127212524
vn -0.3878556489944458 0.3155439794063568 -0.8660253882408142
vn -0.23739175498485565 0.10311379283666611 -0.9659258127212524
vn -0.45860564708709717 0.19920054078102112 -0.8660253882408142
vn -0.2564083933830261 0.03524252027273178 -0.9659258127212524
vn -0.4953429698944092 0.06808332353830338 -0.8660253882408142
vn -0.2564083933830261 -0.03524252027273178 -0.9659258127212524
vn -0.4953429698944092 -0.06808332353830338 -0.8660253882408142
vn -0.23739175498485565 -0.10311379283666611 -0.9659258127212524
vn -0.45860564708709717 -0.19920054078102112 -0.8660253882408142
vn -0.2007688581943512 -0.1633375734090805 -0.9659258127212524
vn -0.3878556489944458 -0.3155439794063568 -0.8660253882408142
vn -0.14925585687160492 -0.21144737303256989 -0.9659258127212524
vn -0.28834015130996704 -0.40848493576049805 -0.8660253882408142
vn -0.08667322248220444 -0.24387507140636444 -0.9659258127212524
vn -0.167439803481102 -0.47113046050071716 -0.8660253882408142
vn -0.01766243577003479 -0.25821566581726074 -0.9659258127212524
vn -0.034121207892894745 -0.49883437156677246 -0.8660253882408142
vn 0.052658289670944214 -0.2534056007862091 -0.9659258127212524
vn 0.10172800719738007 -0.48954203724861145 -0.8660253882408142
vn 0.11907359212636948 -0.22980161011219025 -0.9659258127212524
vn 0.2300325185060501 -0.4439426064491272 -0.8660253882408142
vn 0.1766577512025833 -0.1891542673110962 -0.9659258127212524
vn 0.3412765860557556 -0.3654179871082306 -0.8660253882408142
vn 0.22114001214504242 -0.13447822630405426 -0.9659258127212524
vn 0.4272097051143646 -0.2597919702529907 -0.8660253882408142
vn 0.2492213398218155 -0.06982854008674622 -0.9659258127212524
vn 0.4814586341381073 -0.134898379445076 -0.8660253882408142
vn 0.7071067690849304 0 -0.7071067690849304
vn 0.6808853149414062 0.19077512621879578 -0.7071067690849304
vn 0.6041657328605652 0.3674013316631317 -0.7071067690849304
vn 0.4826379418373108 0.5167790651321411 -0.7071067690849304
vn 0.32531511783599854 0.6278296709060669 -0.7071067690849304
vn 0.14386512339115143 0.692317008972168 -0.7071067690849304
vn -0.048254672437906265 0.7054583430290222 -0.7071067690849304
vn -0.23679564893245697 0.6662790775299072 -0.7071067690849304
vn -0.40777456760406494 0.5776849389076233 -0.7071067690849304
vn -0.548510730266571 0.44624656438827515 -0.7071067690849304
vn -0.6485663056373596 0.2817121148109436 -0.7071067690849304
vn -0.7005207538604736 0.09628435969352722 -0.7071067690849304
vn -0.7005207538604736 -0.09628435969352722 -0.7071067690849304
vn -0.6485663056373596 -0.2817121148109436 -0.7071067690849304
vn -0.548510730266571 -0.44624656438827515 -0.7071067690849304
vn -0.40777456760406494 -0.5776849389076233 -0.7071067690849304
vn -0.23679564893245697 -0.6662790775299072 -0.7071067690849304
vn -0.048254672437906265 -0.7054583430290222 -0.7071067690849304
vn 0.14386512339115143 -0.692317008972168 -0.7071067690849304
vn 0.32531511783599854 -0.6278296709060669 -0.7071067690849304
vn 0.4826379418373108 -0.5167790651321411 -0.7071067690849304
vn 0.6041657328605652 -0.3674013316631317 -0.7071067690849304
vn 0.6808853149414062 -0.19077512621879578 -0.7071067690849304
vn 0.8660253882408142 0 -0.5
vn 0.8339108228683472 0.23365086317062378 -0.5
vn 0.7399489283561707 0.44997289776802063 -0.5
vn 0.5911083817481995 0.6329225301742554 -0.5
vn 0.3984280228614807 0.7689311504364014 -0.5
vn 0.1761980801820755 0.8479117155075073 -0.5
vn -0.05909966304898262 0.864006519317627 -0.5
vn -0.29001423716545105 0.8160219192504883 -0.5
vn -0.49941980838775635 0.7075166702270508 -0.5
vn -0.6717857122421265 0.5465381741523743 -0.5
vn -0.7943282723426819 0.3450254499912262 -0.5
vn -0.8579592108726501 0.11792377382516861 -0.5
vn -0.8579592108726501 -0.11792377382516861 -0.5
vn -0.7943282723426819 -0.3450254499912262 -0.5
vn -0.6717857122421265 -0.5465381741523743 -0.5
vn -0.49941980838775635 -0.7075166702270508 -0.5
vn -0.29001423716545105 -0.8160219192504883 -0.5
vn -0.05909966304898262 -0.864006519317627 -0.5
vn 0.1761980801820755 -0.8479117155075073 -0.5
vn 0.3984280228614807 -0.7689311504364014 -0.5
vn 0.5911083817481995 -0.6329225301742554 -0.5
vn 0.7399489283561707 -0.44997289776802063 -0.5
vn 0.8339108228683472 -0.23365086317062378 -0.5
vn 0.9659258127212524 0 -0.258819043636322
vn 0.9301066994667053 0.260603666305542 -0.258819043636322
vn 0.8253057599067688 0.5018795728683472 -0.258819043636322
vn 0.6592957377433777 0.7059333324432373 -0.258819043636322
vn 0.4443886876106262 0.857631266117096 -0.258819043636322
vn 0.19652341306209564 0.9457225799560547 -0.258819043636322
vn -0.06591711193323135 0.963674008846283 -0.258819043636322
vn -0.3234688639640808 0.9101541638374329 -0.258819043636322
vn -0.557030439376831 0.789132297039032 -0.258819043636322
vn -0.7492795586585999 0.6095841526985168 -0.258819043636322
vn -0.8859580755233765 0.3848259150981903 -0.258819043636322
vn -0.9569291472434998 0.1315268874168396 -0.258819043636322
vn -0.9569291472434998 -0.1315268874168396 -0.258819043636322
vn -0.8859580755233765 -0.3848259150981903 -0.258819043636322
vn -0.7492795586585999 -0.6095841526985168 -0.258819043636322
vn -0.557030439376831 -0.789132297039032 -0.258819043636322
vn -0.3234688639640808 -0.9101541638374329 -0.258819043636322
vn -0.06591711193323135 -0.963674008846283 -0.258819043636322
vn 0.19652341306209564 -0.9457225799560547 -0.258819043636322
vn 0.4443886876106262 -0.857631266117096 -0.258819043636322
vn 0.6592957377433777 -0.7059333324432373 -0.258819043636322
vn 0.8253057599067688 -0.5018795728683472 -0.258819043636322
vn 0.9301066994667053 -0.260603666305542 -0.258819043636322
vn 1 0 0
vn 0.9629172682762146 0.269796758890152 0
vn 0.8544194102287292 0.5195839405059814 0
vn 0.6825531721115112 0.7308359742164612 0
vn 0.4600650370121002 0.8878852128982544 0
vn 0.20345601439476013 0.9790840744972229 0
vn -0.06824241578578949 0.9976687431335449 0
vn -0.334879606962204 0.9422609210014343 0
vn -0.5766803026199341 0.8169698715209961 0
vn -0.7757112979888916 0.6310879588127136 0
vn -0.9172112941741943 0.39840108156204224 0
vn -0.9906859397888184 0.13616664707660675 0
vn -0.9906859397888184 -0.13616664707660675 0
vn -0.9172112941741943 -0.39840108156204224 0
vn -0.7757112979888916 -0.6310879588127136 0
vn -0.5766803026199341 -0.8169698715209961 0
vn -0.334879606962204 -0.9422609210014343 0
vn -0.06824241578578949 -0.9976687431335449 0
vn 0.20345601439476013 -0.9790840744972229 0
vn 0.4600650370121002 -0.8878852128982544 0
vn 0.6825531721115112 -0.7308359742164612 0
vn 0.8544194102287292 -0.5195839405059814 0
vn 0.9629172682762146 -0.269796758890152 0
vn 0.9659258127212524 0 0.258819043636322
vn 0.9301066994667053 0.260603666305542 0.258819043636322
vn 0.8253057599067688 0.5018795728683472 0.258819043636322
vn 0.6592957377433777 0.7059333324432373 0.258819043636322
vn 0.4443886876106262 0.857631266117096 0.258819043636322
vn 0.19652341306209564 0.9457225799560547 0.258819043636322
vn -0.06591711193323135 0.963674008846283 0.258819043636322
vn -0.3234688639640808 0.9101541638374329 0.258819043636322
vn -0.557030439376831 0.789132297039032 0.258819043636322
vn -0.7492795586585999 0.6095841526985168 0.258819043636322
vn -0.8859580755233765 0.3848259150981903 0.258819043636322
vn -0.9569291472434998 0.1315268874168396 0.258819043636322
vn -0.9569291472434998 -0.1315268874168396 0.258819043636322
vn -0.8859580755233765 -0.3848259150981903 0.258819043636322
vn -0.7492795586585999 -0.6095841526985168 0.258819043636322
vn -0.557030439376831 -0.789132297039032 0.258819043636322
vn -0.3234688639640808 -0.9101541638374329 0.258819043636322
vn -0.06591711193323135 -0.963674008846283 0.258819043636322
vn 0.19652341306209564 -0.9457225799560547 0.258819043636322
vn 0.4443886876106262 -0.857631266117096 0.258819043636322
vn 0.6592957377433777 -0.7059333324432373 0.258819043636322
vn 0.8253057599067688 -0.5018795728683472 0.258819043636322
vn 0.9301066994667053 -0.260603666305542 0.258819043636322
vn 0.8660253882408142 0 0.5
vn 0.8339108228683472 0.23365086317062378 0.5
vn 0.7399489283561707 0.44997289776802063 0.5
vn 0.5911083817481995 0.6329225301742554 0.5
vn 0.3984280228614807 0.7689311504364014 0.5
vn 0.1761980801820755 0.8479117155075073 0.5
vn -0.05909966304898262 0.864006519317627 0.5
vn -0.29001423716545105 0.8160219192504883 0.5
vn -0.49941980838775635 0.7075166702270508 0.5
vn -0.6717857122421265 0.5465381741523743 0.5
vn -0.7943282723426819 0.3450254499912262 0.5
vn -0.8579592108726501 0.11792377382516861 0.5
vn -0.8579592108726501 -0.11792377382516861 0.5
vn -0.7943282723426819 -0.3450254499912262 0.5
vn -0.6717857122421265 -0.5465381741523743 0.5
vn -0.49941980838775635 -0.7075166702270508 0.5
vn -0.29001423716545105 -0.8160219192504883 0.5
vn -0.05909966304898262 -0.864006519317627 0.5
vn 0.1761980801820755 -0.8479117155075073 0.5
vn 0.3984280228614807 -0.7689311504364014 0.5
vn 0.5911083817481995 -0.6329225301742554 0.5
vn 0.7399489283561707 -0.44997289776802063 0.5
vn 0.8339108228683472 -0.23365086317062378 0.5
vn 0.7071067690849304 0 0.7071067690849304
vn 0.6808853149414062 0.19077512621879578 0.7071067690849304
vn 0.6041657328605652 0.3674013316631317 0.7071067690849304
vn 0.4826379418373108 0.5167790651321411 0.7071067690849304
vn 0.32531511783599854 0.6278296709060669 0.7071067690849304
vn 0.14386512339115143 0.692317008972168 0.7071067690849304
vn -0.048254672437906265 0.7054583430290222 0.7071067690849304
vn -0.23679564893245697 0.6662790775299072 0.7071067690849304
vn -0.40777456760406494 0.5776849389076233 0.7071067690849304
vn -0.548510730266571 0.44624656438827515 0.7071067690849304
vn -0.6485663056373596 0.2817121148109436 0.7071067690849304
vn -0.7005207538604736 0.09628435969352722 0.7071067690849304
vn -0.7005207538604736 -0.09628435969352722 0.7071067690849304
vn -0.6485663056373596 -0.2817121148109436 0.7071067690849304
vn -0.548510730266571 -0.44624656438827515 0.7071067690849304
vn -0.40777456760406494 -0.5776849389076233 0.7071067690849304
vn -0.23679564893245697 -0.6662790775299072 0.7071067690849304
vn -0.048254672437906265 -0.7054583430290222 0.7071067690849304
vn 0.14386512339115143 -0.692317008972168 0.7071067690849304
vn 0.32531511783599854 -0.6278296709060669 0.7071067690849304
vn 0.4826379418373108 -0.5167790651321411 0.7071067690849304
vn 0.6041657328605652 -0.3674013316631317 0.7071067690849304
vn 0.6808853149414062 -0.19077512621879578 0.7071067690849304
vn 0.5 0 0.8660253882408142
vn 0.4814586341381073 0.134898379445076 0.8660253882408142
vn 0.4272097051143646 0.2597919702529907 0.8660253882408142
vn 0.3412765860557556 0.3654179871082306 0.8660253882408142
vn 0.2300325185060501 0.4439426064491272 0.8660253882408142
vn 0.10172800719738007 0.48954203724861145 0.8660253882408142
vn -0.034121207892894745 0.49883437156677246 0.8660253882408142
vn -0.167439803481102 0.47113046050071716 0.8660253882408142
vn -0.28834015130996704 0.40848493576049805 0.8660253882408142
vn -0.3878556489944458 0.3155439794063568 0.8660253882408142
vn -0.45860564708709717 0.19920054078102112 0.8660253882408142
vn -0.4953429698944092 0.06808332353830338 0.8660253882408142
vn -0.4953429698944092 -0.06808332353830338 0.8660253882408142
vn -0.45860564708709717 -0.19920054078102112 0.8660253882408142
vn -0.3878556489944458 -0.3155439794063568 0.8660253882408142
vn -0.28834015130996704 -0.40848493576049805 0.8660253882408142
vn -0.167439803481102 -0.47113046050071716 0.8660253882408142
vn -0.034121207892894745 -0.49883437156677246 0.8660253882408142
vn 0.10172800719738007 -0.48954203724861145 0.8660253882408142
vn 0.2300325185060501 -0.4439426064491272 0.8660253882408142
vn 0.3412765860557556 -0.3654179871082306 0.8660253882408142
vn 0.4272097051143646 -0.2597919702529907 0.8660253882408142
vn 0.4814586341381073 -0.134898379445076 0.8660253882408142
vn 0.258819043636322 0 0.9659258127212524
vn 0.2492213398218155 0.06982854008674622 0.9659258127212524
vn 0.22114001214504242 0.13447822630405426 0.9659258127212524
vn 0.1766577512025833 0.1891542673110962 0.9659258127212524
vn 0.11907359212636948 0.22980161011219025 0.9659258127212524
vn 0.052658289670944214 0.2534056007862091 0.9659258127212524
vn -0.01766243577003479 0.25821566581726074 0.9659258127212524
vn -0.08667322248220444 0.24387507140636444 0.9659258127212524
vn -0.14925585687160492 0.21144737303256989 0.9659258127212524
vn -0.2007688581943512 0.1633375734090805 0.9659258127212524
vn -0.23739175498485565 0.10311379283666611 0.9659258127212524
vn -0.2564083933830261 0.03524252027273178 0.9659258127212524
vn -0.2564083933830261 -0.03524252027273178 0.9659258127212524
vn -0.23739175498485565 -0.10311379283666611 0.9659258127212524
vn -0.2007688581943512 -0.1633375734090805 0.9659258127212524
vn -0.14925585687160492 -0.21144737303256989 0.9659258127212524
vn -0.08667322248220444 -0.24387507140636444 0.9659258127212524
vn -0.01766243577003479 -0.25821566581726074 0.9659258127212524
vn 0.052658289670944214 -0.2534056007862091 0.9659258127212524
vn 0.11907359212636948 -0.22980161011219025 0.9659258127212524
vn 0.1766577512025833 -0.1891542673110962 0.9659258127212524
vn 0.22114001214504242 -0.13447822630405426 0.9659258127212524
vn 0.2492213398218155 -0.06982854008674622 0.9659258127212524
vn 0 0 1
vn 0 0 -1
f 141//237 142//238 143//239
f 144//240 143//239 145//241
f 146//242 145//241 147//243
f 148//244 147//243 149//245
f 150//246 149//245 151//247
f 152//248 151//247 153//249
f 154//250 153//249 155//251
f 156//252 155//251 157//253
f 158//254 157//253 159//255
f 160//256 159//255 161//257
f 162//258 161//257 163//259
f 164//260 163//259 165//261
f 166//262 165//261 167//263
f 168//264 167//263 169//265
f 170//266 169//265 171//267
f 172//268 171//267 173//269
f 174//270 173//269 175//271
f 176//272 175//271 177//273
f 178//274 177//273 179//275
f 180//276 179//275 181//277
f 182//278 181//277 183//279
f 184//280 183//279 185//281
f 186//282 185//281 142//238
f 187//283 141//237 144//240
f 188//284 144//240 146//242
f 189//285 146//242 148//244
f 190//286 148//244 150//246
f 191//287 150//246 152//248
f 192//288 152//248 154//250
f 193//289 154//250 156//252
f 194//290 156//252 158//254
f 195//291 158//254 160//256
f 196//292 160//256 162//258
f 197//293 162//258 164//260
f 198//294 164//260 166//262
f 199//295 166//262 168//264
f 200//296 168//264 170//266
f 201//297 170//266 172//268
f 202//298 172//268 174//270
f 203//299 174//270 176//272
f 204//300 176//272 178//274
f 205//301 178//274 180//276
f 206//302 180//276 182//278
f 207//303 182//278 184//280
f 208//304 184//280 186//282
f 209//305 186//282 141//237
f 210//306 187//283 188//284
f 211//307 188//284 189//285
f 212//308 189//285 190//286
f 213//309 190//286 191//287
f 214//310 191//287 192//288
f 215//311 192//288 193//289
f 216//312 193//289 194//290
f 217//313 194//290 195//291
f 218//314 195//291 196//292
f 219//315 196//292 197//293
f 220//316 197//293 198//294
f 221//317 198//294 199//295
f 222//318 199//295 200//296
f 223//319 200//296 201//297
f 224//320 201//297 202//298
f 225//321 202//298 203//299
f 226//322 203//299 204//300
f 227//323 204//300 205//301
f 228//324 205//301 206//302
f 229//325 206//302 207//303
f 230//326 207//303 208//304
f 231//327 208//304 209//305
f 232//328 209//305 187//283
f 233//329 210//306 211//307
f 234//330 211//307 212//308
f 235//331 212//308 213//309
f 236//332 213//309 214//310
f 237//333 214//310 215//311
f 238//334 215//311 216//312
f 239//335 216//312 217//313
f 240//336 217//313 218//314
f 241//337 218//314 219//315
f 242//338 219//315 220//316
f 243//339 220//316 221//317
f 244//340 221//317 222//318
f 245//341 222//318 223//319
f 246//342 223//319 224//320
f 247//343 224//320 225//321
f 248//344 225//321 226//322
f 249//345 226//322 227//323
f 250//346 227//323 228//324
f 251//347 228//324 229//325
f 252//348 229//325 230//326
f 253//349 230//326 231//327
f 254//350 231//327 232//328
f 255//351 232//328 210//306
f 256//352 233//329 234//330
f 257//353 234//330 235//331
f 258//354 235//331 236//332
f 259//355 236//332 237//333
f 260//356 237//333 238//334
f 261//357 238//334 239//335
f 262//358 239//335 240//336
f 263//359 240//336 241//337
f 264//360 241//337 242//338
f 265//361 242//338 243//339
f 266//362 243//339 244//340
f 267//363 244//340 245//341
f 268//364 245//341 246//342
f 269//365 246//342 247//343
f 270//366 247//343 248//344
f 271//367 248//344 249//345
f 272//368 249//345 250//346
f 273//369 250//346 251//347
f 274//370 251//347 252//348
f 275//371 252//348 253//349
f 276//372 253//349 254//350
f 277//373 254//350 255//351
f 278//374 255//351 233//329
f 279//375 256//352 257//353
f 280//376 257//353 258//354
f 281//377 258//354 259//355
f 282//378 259//355 260//356
f 283//379 260//356 261//357
f 284//380 261//357 262//358
f 285//381 262//358 263//359
f 286//382 263//359 264//360
f 287//383 264//360 265//361
f 288//384 265//361 266//362
f 289//385 266//362 267//363
f 290//386 267//363 268//364
f 291//387 268//364 269//365
f 292//388 269//365 270//366
f 293//389 270//366 271//367
f 294//390 271//367 272//368
f 295//391 272//368 273//369
f 296//392 273//369 274//370
f 297//393 274//370 275//371
f 298//394 275//371 276//372
f 299//395 276//372 277//373
f 300//396 277//373 278//374
f 301//397 278//374 256//352
f 302//398 279//375 280//376
f 303//399 280//376 281//377
f 304//400 281//377 282//378
f 305//401 282//378 283//379
f 306//402 283//379 284//380
f 307//403 284//380 285//381
f 308//404 285//381 286//382
f 309//405 286//382 287//383
f 310//406 287//383 288//384
f 311//407 288//384 289//385
f 312//408 289//385 290//386
f 313//409 290//386 291//387
f 314//410 291//387 292//388
f 315//411 292//388 293//389
f 316//412 293//389 294//390
f 317//413 294//390 295//391
f 318//414 295//391 296//392
f 319//415 296//392 297//393
f 320//416 297//393 298//394
f 321//417 298//394 299//395
f 322//418 299//395 300//396
f 323//419 300//396 301//397
f 324//420 301//397 279//375
f 325//421 302//398 303//399
f 326//422 303//399 304//400
f 327//423 304//400 305//401
f 328//424 305//401 306//402
f 329//425 306//402 307//403
f 330//426 307//403 308//404
f 331//427 308//404 309//405
f 332//428 309//405 310//406
f 333//429 310//406 311//407
f 334//430 311//407 312//408
f 335//431 312//408 313//409
f 336//432 313//409 314//410
f 337//433 314//410 315//411
f 338//434 315//411 316//412
f 339//435 316//412 317//413
f 340//436 317//413 318//414
f 341//437 318//414 319//415
f 342//438 319//415 320//416
f 343//439 320//416 321//417
f 344//440 321//417 322//418
f 345//441 322//418 323//419
f 346//442 323//419 324//420
f 347//443 324//420 302//398
f 348//444 325//421 326//422
f 349//445 326//422 327//423
f 350//446 327//423 328//424
f 351//447 328//424 329//425
f 352//448 329//425 330//426
f 353//449 330//426 331//427
f 354//450 331//427 332//428
f 355//451 332//428 333//429
f 356//452 333//429 334//430
f 357//453 334//430 335//431
f 358//454 335//431 336//432
f 359//455 336//432 337//433
f 360//456 337//433 338//434
f 361//457 338//434 339//435
f 362//458 339//435 340//436
f 363//459 340//436 341//437
f 364//460 341//437 342//438
f 365//461 342//438 343//439
f 366//462 343//439 344//440
f 367//463 344//440 345//441
f 368//464 345//441 346//442
f 369//465 346//442 347//443
f 370//466 347//443 325//421
f 371//467 348//444 349//445
f 372//468 349//445 350//446
f 373//469 350//446 351//447
f 374//470 351//447 352//448
f 375//471 352//448 353//449
f 376//472 353//449 354//450
f 377//473 354//450 355//451
f 378//474 355//451 356//452
f 379//475 356//452 357//453
f 380//476 357//453 358//454
f 381//477 358//454 359//455
f 382//478 359//455 360//456
f 383//479 360//456 361//457
f 384//480 361//457 362//458
f 385//481 362//458 363//459
f 386//482 363//459 364//460
f 387//483 364//460 365//461
f 388//484 365//461 366//462
f 389//485 366//462 367//463
f 390//486 367//463 368//464
f 391//487 368//464 369//465
f 392//488 369//465 370//466
f 393//489 370//466 348//444
f 394//490 393//489 371//467
f 394//490 392//488 393//489
f 394//490 391//487 392//488
f 394//490 390//486 391//487
f 394//490 389//485 390//486
f 394//490 388//484 389//485
f 394//490 387//483 388//484
f 394//490 386//482 387//483
f 394//490 385//481 386//482
f 394//490 384//480 385//481
f 394//490 383//479 384//480
f 394//490 382//478 383//479
f 394//490 381//477 382//478
f 394//490 380//476 381//477
f 394//490 379//475 380//476
f 394//490 378//474 379//475
f 394//490 377//473 378//474
f 394//490 376//472 377//473
f 394//490 375//471 376//472
f 394//490 374//470 375//471
f 394//490 373//469 374//470
f 394//490 372//468 373//469
f 394//490 371//467 372//468
f 348//444 371//467 393//489
f 370//466 393//489 392//488
f 369//465 392//488 391//487
f 368//464 391//487 390//486
f 367//463 390//486 389//485
f 366//462 389//485 388//484
f 365//461 388//484 387//483
f 364//460 387//483 386//482
f 363//459 386//482 385//481
f 362//458 385//481 384//480
f 361//457 384//480 383//479
f 360//456 383//479 382//478
f 359//455 382//478 381//477
f 358//454 381//477 380//476
f 357//453 380//476 379//475
f 356//452 379//475 378//474
f 355//451 378//474 377//473
f 354//450 377//473 376//472
f 353//449 376//472 375//471
f 352//448 375//471 374//470
f 351//447 374//470 373//469
f 350//446 373//469 372//468
f 349//445 372//468 371//467
f 325//421 348//444 370//466
f 347//443 370//466 369//465
f 346//442 369//465 368//464
f 345//441 368//464 367//463
f 344//440 367//463 366//462
f 343//439 366//462 365//461
f 342//438 365//461 364//460
f 341//437 364//460 363//459
f 340//436 363//459 362//458
f 339//435 362//458 361//457
f 338//434 361//457 360//456
f 337//433 360//456 359//455
f 336//432 359//455 358//454
f 335//431 358//454 357//453
f 334//430 357//453 356//452
f 333//429 356//452 355//451
f 332//428 355//451 354//450
f 331//427 354//450 353//449
f 330//426 353//449 352//448
f 329//425 352//448 351//447
f 328//424 351//447 350//446
f 327//423 350//446 349//445
f 326//422 349//445 348//444
f 302//398 325//421 347//443
f 324//420 347//443 346//442
f 323//419 346//442 345//441
f 322//418 345//441 344//440
f 321//417 344//440 343//439
f 320//416 343//439 342//438
f 319//415 342//438 341//437
f 318//414 341//437 340//436
f 317//413 340//436 339//435
f 316//412 339//435 338//434
f 315//411 338//434 337//433
f 314//410 337//433 336//432
f 313//409 336//432 335//431
f 312//408 335//431 334//430
f 311//407 334//430 333//429
f 310//406 333//429 332//428
f 309//405 332//428 331//427
f 308//404 331//427 330//426
f 307//403 330//426 329//425
f 306//402 329//425 328//424
f 305//401 328//424 327//423
f 304//400 327//423 326//422
f 303//399 326//422 325//421
f 279//375 302//398 324//420
f 301//397 324//420 323//419
f 300//396 323//419 322//418
f 299//395 322//418 321//417
f 298//394 321//417 320//416
f 297//393 320//416 319//415
f 296//392 319//415 318//414
f 295//391 318//414 317//413
f 294//390 317//413 316//412
f 293//389 316//412 315//411
f 292//388 315//411 314//410
f 291//387 314//410 313//409
f 290//386 313//409 312//408
f 289//385 312//408 311//407
f 288//384 311//407 310//406
f 287//383 310//406 309//405
f 286//382 309//405 308//404
f 285//381 308//404 307//403
f 284//380 307//403 306//402
f 283//379 306//402 305//401
f 282//378 305//401 304//400
f 281//377 304//400 303//399
f 280//376 303//399 302//398
f 256//352 279//375 301//397
f 278//374 301//397 300//396
f 277//373 300//396 299//395
f 276//372 299//395 298//394
f 275//371 298//394 297//393
f 274//370 297//393 296//392
f 273//369 296//392 295//391
f 272//368 295//391 294//390
f 271//367 294//390 293//389
f 270//366 293//389 292//388
f 269//365 292//388 291//387
f 268//364 291//387 290//386
f 267//363 290//386 289//385
f 266//362 289//385 288//384
f 265//361 288//384 287//383
f 264//360 287//383 286//382
f 263//359 286//382 285//381
f 262//358 285//381 284//380
f 261//357 284//380 283//379
f 260//356 283//379 282//378
f 259//355 282//378 281//377
f 258//354 281//377 280//376
f 257//353 280//376 279//375
f 233//329 256//352 278//374
f 255//351 278//374 277//373
f 254//350 277//373 276//372
f 253//349 276//372 275//371
f 252//348 275//371 274//370
f 251//347 274//370 273//369
f 250//346 273//369 272//368
f 249//345 272//368 271//367
f 248//344 271//367 270//366
f 247//343 270//366 269//365
f 246//342 269//365 268//364
f 245//341 268//364 267//363
f 244//340 267//363 266//362
f 243//339 266//362 265//361
f 242//338 265//361 264//360
f 241//337 264//360 263//359
f 240//336 263//359 262//358
f 239//335 262//358 261//357
f 238//334 261//357 260//356
f 237//333 260//356 259//355
f 236//332 259//355 258//354
f 235//331 258//354 257//353
f 234//330 257//353 256//352
f 210//306 233//329 255//351
f 232//328 255//351 254//350
f 231//327 254//350 253//349
f 230//326 253//349 252//348
f 229//325 252//348 251//347
f 228//324 251//347 250//346
f 227//323 250//346 249//345
f 226//322 249//345 248//344
f 225//321 248//344 247//343
f 224//320 247//343 246//342
f 223//319 246//342 245//341
f 222//318 245//341 244//340
f 221//317 244//340 243//339
f 220//316 243//339 242//338
f 219//315 242//338 241//337
f 218//314 241//337 240//336
f 217//313 240//336 239//335
f 216//312 239//335 238//334
f 215//311 238//334 237//333
f 214//310 237//333 236//332
f 213//309 236//332 235//331
f 212//308 235//331 234//330
f 211//307 234//330 233//329
f 187//283 210//306 232//328
f 209//305 232//328 231//327
f 208//304 231//327 230//326
f 207//303 230//326 229//325
f 206//302 229//325 228//324
f 205//301 228//324 227//323
f 204//300 227//323 226//322
f 203//299 226//322 225//321
f 202//298 225//321 224//320
f 201//297 224//320 223//319
f 200//296 223//319 222//318
f 199//295 222//318 221//317
f 198//294 221//317 220//316
f 197//293 220//316 219//315
f 196//292 219//315 218//314
f 195//291 218//314 217//313
f 194//290 217//313 216//312
f 193//289 216//312 215//311
f 192//288 215//311 214//310
f 191//287 214//310 213//309
f 190//286 213//309 212//308
f 189//285 212//308 211//307
f 188//284 211//307 210//306
f 141//237 187//283 209//305
f 186//282 209//305 208//304
f 184//280 208//304 207//303
f 182//278 207//303 206//302
f 180//276 206//302 205//301
f 178//274 205//301 204//300
f 176//272 204//300 203//299
f 174//270 203//299 202//298
f 172//268 202//298 201//297
f 170//266 201//297 200//296
f 168//264 200//296 199//295
f 166//262 199//295 198//294
f 164//260 198//294 197//293
f 162//258 197//293 196//292
f 160//256 196//292 195//291
f 158//254 195//291 194//290
f 156//252 194//290 193//289
f 154//250 193//289 192//288
f 152//248 192//288 191//287
f 150//246 191//287 190//286
f 148//244 190//286 189//285
f 146//242 189//285 188//284
f 144//240 188//284 187//283
f 142//238 141//237 186//282
f 185//281 186//282 184//280
f 183//279 184//280 182//278
f 181//277 182//278 180//276
f 179//275 180//276 178//274
f 177//273 178//274 176//272
f 175//271 176//272 174//270
f 173//269 174//270 172//268
f 171//267 172//268 170//266
f 169//265 170//266 168//264
f 167//263 168//264 166//262
f 165//261 166//262 164//260
f 163//259 164//260 162//258
f 161//257 162//258 160//256
f 159//255 160//256 158//254
f 157//253 158//254 156//252
f 155//251 156//252 154//250
f 153//249 154//250 152//248
f 151//247 152//248 150//246
f 149//245 150//246 148//244
f 147//243 148//244 146//242
f 145//241 146//242 144//240
f 143//239 144//240 141//237
f 142//238 185//281 395//491
f 185//281 183//279 395//491
f 183//279 181//277 395//491
f 181//277 179//275 395//491
f 179//275 177//273 395//491
f 177//273 175//271 395//491
f 175//271 173//269 395//491
f 173//269 171//267 395//491
f 171//267 169//265 395//491
f 169//265 167//263 395//491
f 167//263 165//261 395//491
f 165//261 163//259 395//491
f 163//259 161//257 395//491
f 161//257 159//255 395//491
f 159//255 157//253 395//491
f 157//253 155//251 395//491
f 155//251 153//249 395//491
f 153//249 151//247 395//491
f 151//247 149//245 395//491
f 149//245 147//243 395//491
f 147//243 145//241 395//491
f 145//241 143//239 395//491
f 143//239 142//238 395//491
o Solid_26
v 0.4799250066280365 -0.12999999523162842 0.8981683850288391
v 0.46549031138420105 -0.12999999523162842 0.8921893239021301
v 0.4649159014225006 -0.12582075595855713 0.8921893239021301
v 0.47881531715393066 -0.12192633002996445 0.8981683850288391
v 0.4632352292537689 -0.12195147573947906 0.8921893239021301
v 0.4755685031414032 -0.11445144563913345 0.8981683850288391
v 0.4605729579925537 -0.11867911368608475 0.8921893239021301
v 0.47042539715766907 -0.10812972486019135 0.8981683850288391
v 0.45712655782699585 -0.11624637246131897 0.8921893239021301
v 0.4637674391269684 -0.10343002527952194 0.8981683850288391
v 0.4531516134738922 -0.11483366787433624 0.8921893239021301
v 0.45608842372894287 -0.10070089995861053 0.8981683850288391
v 0.4489428997039795 -0.1145457848906517 0.8921893239021301
v 0.447957843542099 -0.10014475136995316 0.8981683850288391
v 0.4448125958442688 -0.11540407687425613 0.8921893239021301
v 0.4399787187576294 -0.10180283337831497 0.8981683850288391
v 0.44106703996658325 -0.11734487116336823 0.8921893239021301
v 0.4327428340911865 -0.10555216670036316 0.8981683850288391
v 0.43798398971557617 -0.1202242448925972 0.8921893239021301
v 0.4267868399620056 -0.11111468821763992 0.8981683850288391
v 0.43579208850860596 -0.12382863461971283 0.8921893239021301
v 0.4225524365901947 -0.1180778443813324 0.8981683850288391
v 0.43465396761894226 -0.12789073586463928 0.8921893239021301
v 0.4203537106513977 -0.125925213098526 0.8981683850288391
v 0.43465396761894226 -0.13210926949977875 0.8921893239021301
v 0.4203537106513977 -0.13407479226589203 0.8981683850288391
v 0.43579208850860596 -0.136171355843544 0.8921893239021301
v 0.4225524365901947 -0.14192216098308563 0.8981683850288391
v 0.43798398971557617 -0.13977575302124023 0.8921893239021301
v 0.4267868399620056 -0.1488853096961975 0.8981683850288391
v 0.44106703996658325 -0.1426551342010498 0.8921893239021301
v 0.4327428340911865 -0.15444782376289368 0.8981683850288391
v 0.4448125958442688 -0.1445959210395813 0.8921893239021301
v 0.4399787187576294 -0.15819716453552246 0.8981683850288391
v 0.4489428997039795 -0.14545421302318573 0.8921893239021301
v 0.447957843542099 -0.15985524654388428 0.8981683850288391
v 0.4531516134738922 -0.1451663225889206 0.8921893239021301
v 0.45608842372894287 -0.1592991054058075 0.8981683850288391
v 0.45712655782699585 -0.14375363290309906 0.8921893239021301
v 0.4637674391269684 -0.1565699726343155 0.8981683850288391
v 0.4605729579925537 -0.14132088422775269 0.8921893239021301
v 0.47042539715766907 -0.1518702656030655 0.8981683850288391
v 0.4632352292537689 -0.13804852962493896 0.8921893239021301
v 0.4755685031414032 -0.14554855227470398 0.8981683850288391
v 0.4649159014225006 -0.1341792345046997 0.8921893239021301
v 0.47881531715393066 -0.13807366788387299 0.8981683850288391
v 0.49232035875320435 -0.12999999523162842 0.9076796770095825
v 0.4907509982585907 -0.1185821071267128 0.9076796770095825
v 0.4861593246459961 -0.10801102221012115 0.9076796770095825
v 0.4788858890533447 -0.09907076507806778 0.9076796770095825
v 0.4694701135158539 -0.09242438524961472 0.9076796770095825
v 0.45861032605171204 -0.08856482058763504 0.9076796770095825
v 0.44711196422576904 -0.08777830749750137 0.9076796770095825
v 0.4358277916908264 -0.09012318402528763 0.9076796770095825
v 0.425594687461853 -0.095425546169281 0.9076796770095825
v 0.4171716272830963 -0.10329213738441467 0.9076796770095825
v 0.41118329763412476 -0.11313952505588531 0.9076796770095825
v 0.4080738127231598 -0.12423738092184067 0.9076796770095825
v 0.4080738127231598 -0.13576261699199677 0.9076796770095825
v 0.41118329763412476 -0.14686048030853271 0.9076796770095825
v 0.4171716272830963 -0.15670786798000336 0.9076796770095825
v 0.425594687461853 -0.16457445919513702 0.9076796770095825
v 0.4358277916908264 -0.1698768138885498 0.9076796770095825
v 0.44711196422576904 -0.17222169041633606 0.9076796770095825
v 0.45861032605171204 -0.1714351773262024 0.9076796770095825
v 0.4694701135158539 -0.16757561266422272 0.9076796770095825
v 0.4788858890533447 -0.16092923283576965 0.9076796770095825
v 0.4861593246459961 -0.15198896825313568 0.9076796770095825
v 0.4907509982585907 -0.14141789078712463 0.9076796770095825
v 0.5018316507339478 -0.12999999523162842 0.920074999332428
v 0.49990957975387573 -0.11601599305868149 0.920074999332428
v 0.4942859411239624 -0.10306911170482635 0.920074999332428
v 0.48537784814834595 -0.09211957454681396 0.920074999332428
v 0.4738459289073944 -0.08397945761680603 0.920074999332428
v 0.46054545044898987 -0.07925247400999069 0.920074999332428
v 0.44646286964416504 -0.07828919589519501 0.920074999332428
v 0.4326426386833191 -0.08116107434034348 0.920074999332428
v 0.42010971903800964 -0.08765511959791183 0.920074999332428
v 0.4097936153411865 -0.09728968143463135 0.920074999332428
v 0.40245944261550903 -0.10935021936893463 0.920074999332428
v 0.398651123046875 -0.12294226139783859 0.920074999332428
v 0.398651123046875 -0.13705773651599884 0.920074999332428
v 0.40245944261550903 -0.1506497859954834 0.920074999332428
v 0.4097936153411865 -0.16271032392978668 0.920074999332428
v 0.42010971903800964 -0.1723448783159256 0.920074999332428
v 0.4326426386833191 -0.17883892357349396 0.920074999332428
v 0.44646286964416504 -0.18171079456806183 0.920074999332428
v 0.46054545044898987 -0.18074752390384674 0.920074999332428
v 0.4738459289073944 -0.176020547747612 0.920074999332428
v 0.48537784814834595 -0.16788041591644287 0.920074999332428
v 0.4942859411239624 -0.15693087875843048 0.920074999332428
v 0.49990957975387573 -0.14398400485515594 0.920074999332428
v 0.507810652256012 -0.12999999523162842 0.9345096945762634
v 0.5056669116020203 -0.11440286785364151 0.9345096945762634
v 0.49939456582069397 -0.0999625027179718 0.9345096945762634
v 0.4894588589668274 -0.08774987608194351 0.9345096945762634
v 0.4765966832637787 -0.07867075502872467 0.9345096945762634
v 0.4617619216442108 -0.07339848577976227 0.9345096945762634
v 0.4460548460483551 -0.07232409715652466 0.9345096945762634
v 0.4306403696537018 -0.07552725821733475 0.9345096945762634
v 0.41666170954704285 -0.08277042210102081 0.9345096945762634
v 0.40515559911727905 -0.09351637959480286 0.9345096945762634
v 0.39697539806365967 -0.10696816444396973 0.9345096945762634
v 0.3927277624607086 -0.12212811410427094 0.9345096945762634
v 0.3927277624607086 -0.1378718912601471 0.9345096945762634
v 0.39697539806365967 -0.1530318409204483 0.9345096945762634
v 0.40515559911727905 -0.16648362576961517 0.9345096945762634
v 0.41666170954704285 -0.17722958326339722 0.9345096945762634
v 0.4306403696537018 -0.18447273969650269 0.9345096945762634
v 0.4460548460483551 -0.18767590820789337 0.9345096945762634
v 0.4617619216442108 -0.18660151958465576 0.9345096945762634
v 0.4765966832637787 -0.18132925033569336 0.9345096945762634
v 0.4894588589668274 -0.17225012183189392 0.9345096945762634
v 0.49939456582069397 -0.16003750264644623 0.9345096945762634
v 0.5056669116020203 -0.14559713006019592 0.9345096945762634
v 0.509850025177002 -0.12999999523162842 0.949999988079071
v 0.5076305866241455 -0.11385265737771988 0.949999988079071
v 0.5011370182037354 -0.09890289604663849 0.949999988079071
v 0.4908508062362671 -0.08625945448875427 0.949999988079071
v 0.4775348901748657 -0.07686005532741547 0.949999988079071
v 0.4621768593788147 -0.07140180468559265 0.949999988079071
v 0.44591569900512695 -0.0702895075082779 0.949999988079071
v 0.42995744943618774 -0.07360567152500153 0.949999988079071
v 0.415485680103302 -0.0811043381690979 0.949999988079071
v 0.4035736620426178 -0.09222937375307083 0.949999988079071
v 0.39510488510131836 -0.10615568608045578 0.949999988079071
v 0.39070743322372437 -0.12185042351484299 0.949999988079071
v 0.39070743322372437 -0.13814957439899445 0.949999988079071
v 0.39510488510131836 -0.15384431183338165 0.949999988079071
v 0.4035736620426178 -0.1677706241607666 0.949999988079071
v 0.415485680103302 -0.17889566719532013 0.949999988079071
v 0.42995744943618774 -0.1863943338394165 0.949999988079071
v 0.44591569900512695 -0.18971049785614014 0.949999988079071
v 0.4621768593788147 -0.18859820067882538 0.949999988079071
v 0.4775348901748657 -0.18313995003700256 0.949999988079071
v 0.4908508062362671 -0.17374055087566376 0.949999988079071
v 0.5011370182037354 -0.16109710931777954 0.949999988079071
v 0.5076305866241455 -0.14614734053611755 0.949999988079071
v 0.507810652256012 -0.12999999523162842 0.9654903411865234
v 0.5056669116020203 -0.11440286785364151 0.9654903411865234
v 0.49939456582069397 -0.0999625027179718 0.9654903411865234
v 0.4894588589668274 -0.08774987608194351 0.9654903411865234
v 0.4765966832637787 -0.07867075502872467 0.9654903411865234
v 0.4617619216442108 -0.07339848577976227 0.9654903411865234
v 0.4460548460483551 -0.07232409715652466 0.9654903411865234
v 0.4306403696537018 -0.07552725821733475 0.9654903411865234
v 0.41666170954704285 -0.08277042210102081 0.9654903411865234
v 0.40515559911727905 -0.09351637959480286 0.9654903411865234
v 0.39697539806365967 -0.10696816444396973 0.9654903411865234
v 0.3927277624607086 -0.12212811410427094 0.9654903411865234
v 0.3927277624607086 -0.1378718912601471 0.9654903411865234
v 0.39697539806365967 -0.1530318409204483 0.9654903411865234
v 0.40515559911727905 -0.16648362576961517 0.9654903411865234
v 0.41666170954704285 -0.17722958326339722 0.9654903411865234
v 0.4306403696537018 -0.18447273969650269 0.9654903411865234
v 0.4460548460483551 -0.18767590820789337 0.9654903411865234
v 0.4617619216442108 -0.18660151958465576 0.9654903411865234
v 0.4765966832637787 -0.18132925033569336 0.9654903411865234
v 0.4894588589668274 -0.17225012183189392 0.9654903411865234
v 0.49939456582069397 -0.16003750264644623 0.9654903411865234
v 0.5056669116020203 -0.14559713006019592 0.9654903411865234
v 0.5018316507339478 -0.12999999523162842 0.9799250364303589
v 0.49990957975387573 -0.11601599305868149 0.9799250364303589
v 0.4942859411239624 -0.10306911170482635 0.9799250364303589
v 0.48537784814834595 -0.09211957454681396 0.9799250364303589
v 0.4738459289073944 -0.08397945761680603 0.9799250364303589
v 0.46054545044898987 -0.07925247400999069 0.9799250364303589
v 0.44646286964416504 -0.07828919589519501 0.9799250364303589
v 0.4326426386833191 -0.08116107434034348 0.9799250364303589
v 0.42010971903800964 -0.08765511959791183 0.9799250364303589
v 0.4097936153411865 -0.09728968143463135 0.9799250364303589
v 0.40245944261550903 -0.10935021936893463 0.9799250364303589
v 0.398651123046875 -0.12294226139783859 0.9799250364303589
v 0.398651123046875 -0.13705773651599884 0.9799250364303589
v 0.40245944261550903 -0.1506497859954834 0.9799250364303589
v 0.4097936153411865 -0.16271032392978668 0.9799250364303589
v 0.42010971903800964 -0.1723448783159256 0.9799250364303589
v 0.4326426386833191 -0.17883892357349396 0.9799250364303589
v 0.44646286964416504 -0.18171079456806183 0.9799250364303589
v 0.46054545044898987 -0.18074752390384674 0.9799250364303589
v 0.4738459289073944 -0.176020547747612 0.9799250364303589
v 0.48537784814834595 -0.16788041591644287 0.9799250364303589
v 0.4942859411239624 -0.15693087875843048 0.9799250364303589
v 0.49990957975387573 -0.14398400485515594 0.9799250364303589
v 0.49232035875320435 -0.12999999523162842 0.9923203587532043
v 0.4907509982585907 -0.1185821071267128 0.9923203587532043
v 0.4861593246459961 -0.10801102221012115 0.9923203587532043
v 0.4788858890533447 -0.09907076507806778 0.9923203587532043
v 0.4694701135158539 -0.09242438524961472 0.9923203587532043
v 0.45861032605171204 -0.08856482058763504 0.9923203587532043
v 0.44711196422576904 -0.08777830749750137 0.9923203587532043
v 0.4358277916908264 -0.09012318402528763 0.9923203587532043
v 0.425594687461853 -0.095425546169281 0.9923203587532043
v 0.4171716272830963 -0.10329213738441467 0.9923203587532043
v 0.41118329763412476 -0.11313952505588531 0.9923203587532043
v 0.4080738127231598 -0.12423738092184067 0.9923203587532043
v 0.4080738127231598 -0.13576261699199677 0.9923203587532043
v 0.41118329763412476 -0.14686048030853271 0.9923203587532043
v 0.4171716272830963 -0.15670786798000336 0.9923203587532043
v 0.425594687461853 -0.16457445919513702 0.9923203587532043
v 0.4358277916908264 -0.1698768138885498 0.9923203587532043
v 0.44711196422576904 -0.17222169041633606 0.9923203587532043
v 0.45861032605171204 -0.1714351773262024 0.9923203587532043
v 0.4694701135158539 -0.16757561266422272 0.9923203587532043
v 0.4788858890533447 -0.16092923283576965 0.9923203587532043
v 0.4861593246459961 -0.15198896825313568 0.9923203587532043
v 0.4907509982585907 -0.14141789078712463 0.9923203587532043
v 0.4799250066280365 -0.12999999523162842 1.0018316507339478
v 0.47881531715393066 -0.12192633002996445 1.0018316507339478
v 0.4755685031414032 -0.11445144563913345 1.0018316507339478
v 0.47042539715766907 -0.10812972486019135 1.0018316507339478
v 0.4637674391269684 -0.10343002527952194 1.0018316507339478
v 0.45608842372894287 -0.10070089995861053 1.0018316507339478
v 0.447957843542099 -0.10014475136995316 1.0018316507339478
v 0.4399787187576294 -0.10180283337831497 1.0018316507339478
v 0.4327428340911865 -0.10555216670036316 1.0018316507339478
v 0.4267868399620056 -0.11111468821763992 1.0018316507339478
v 0.4225524365901947 -0.1180778443813324 1.0018316507339478
v 0.4203537106513977 -0.125925213098526 1.0018316507339478
v 0.4203537106513977 -0.13407479226589203 1.0018316507339478
v 0.4225524365901947 -0.14192216098308563 1.0018316507339478
v 0.4267868399620056 -0.1488853096961975 1.0018316507339478
v 0.4327428340911865 -0.15444782376289368 1.0018316507339478
v 0.4399787187576294 -0.15819716453552246 1.0018316507339478
v 0.447957843542099 -0.15985524654388428 1.0018316507339478
v 0.45608842372894287 -0.1592991054058075 1.0018316507339478
v 0.4637674391269684 -0.1565699726343155 1.0018316507339478
v 0.47042539715766907 -0.1518702656030655 1.0018316507339478
v 0.4755685031414032 -0.14554855227470398 1.0018316507339478
v 0.47881531715393066 -0.13807366788387299 1.0018316507339478
v 0.46549031138420105 -0.12999999523162842 1.0078107118606567
v 0.4649159014225006 -0.12582075595855713 1.0078107118606567
v 0.4632352292537689 -0.12195147573947906 1.0078107118606567
v 0.4605729579925537 -0.11867911368608475 1.0078107118606567
v 0.45712655782699585 -0.11624637246131897 1.0078107118606567
v 0.4531516134738922 -0.11483366787433624 1.0078107118606567
v 0.4489428997039795 -0.1145457848906517 1.0078107118606567
v 0.4448125958442688 -0.11540407687425613 1.0078107118606567
v 0.44106703996658325 -0.11734487116336823 1.0078107118606567
v 0.43798398971557617 -0.1202242448925972 1.0078107118606567
v 0.43579208850860596 -0.12382863461971283 1.0078107118606567
v 0.43465396761894226 -0.12789073586463928 1.0078107118606567
v 0.43465396761894226 -0.13210926949977875 1.0078107118606567
v 0.43579208850860596 -0.136171355843544 1.0078107118606567
v 0.43798398971557617 -0.13977575302124023 1.0078107118606567
v 0.44106703996658325 -0.1426551342010498 1.0078107118606567
v 0.4448125958442688 -0.1445959210395813 1.0078107118606567
v 0.4489428997039795 -0.14545421302318573 1.0078107118606567
v 0.4531516134738922 -0.1451663225889206 1.0078107118606567
v 0.45712655782699585 -0.14375363290309906 1.0078107118606567
v 0.4605729579925537 -0.14132088422775269 1.0078107118606567
v 0.4632352292537689 -0.13804852962493896 1.0078107118606567
v 0.4649159014225006 -0.1341792345046997 1.0078107118606567
v 0.44999998807907104 -0.12999999523162842 1.009850025177002
v 0.44999998807907104 -0.12999999523162842 0.8901500105857849
vn 0.5 0 -0.8660253882408142
vn 0.258819043636322 0 -0.9659258127212524
vn 0.2492213398218155 0.06982854008674622 -0.9659258127212524
vn 0.4814586341381073 0.134898379445076 -0.8660253882408142
vn 0.22114001214504242 0.13447822630405426 -0.9659258127212524
vn 0.4272097051143646 0.2597919702529907 -0.8660253882408142
vn 0.1766577512025833 0.1891542673110962 -0.9659258127212524
vn 0.3412765860557556 0.3654179871082306 -0.8660253882408142
vn 0.11907359212636948 0.22980161011219025 -0.9659258127212524
vn 0.2300325185060501 0.4439426064491272 -0.8660253882408142
vn 0.052658289670944214 0.2534056007862091 -0.9659258127212524
vn 0.10172800719738007 0.48954203724861145 -0.8660253882408142
vn -0.01766243577003479 0.25821566581726074 -0.9659258127212524
vn -0.034121207892894745 0.49883437156677246 -0.8660253882408142
vn -0.08667322248220444 0.24387507140636444 -0.9659258127212524
vn -0.167439803481102 0.47113046050071716 -0.8660253882408142
vn -0.14925585687160492 0.21144737303256989 -0.9659258127212524
vn -0.28834015130996704 0.40848493576049805 -0.8660253882408142
vn -0.2007688581943512 0.1633375734090805 -0.9659258127212524
vn -0.3878556489944458 0.3155439794063568 -0.8660253882408142
vn -0.23739175498485565 0.10311379283666611 -0.9659258127212524
vn -0.45860564708709717 0.19920054078102112 -0.8660253882408142
vn -0.2564083933830261 0.03524252027273178 -0.9659258127212524
vn -0.4953429698944092 0.06808332353830338 -0.8660253882408142
vn -0.2564083933830261 -0.03524252027273178 -0.9659258127212524
vn -0.4953429698944092 -0.06808332353830338 -0.8660253882408142
vn -0.23739175498485565 -0.10311379283666611 -0.9659258127212524
vn -0.45860564708709717 -0.19920054078102112 -0.8660253882408142
vn -0.2007688581943512 -0.1633375734090805 -0.9659258127212524
vn -0.3878556489944458 -0.3155439794063568 -0.8660253882408142
vn -0.14925585687160492 -0.21144737303256989 -0.9659258127212524
vn -0.28834015130996704 -0.40848493576049805 -0.8660253882408142
vn -0.08667322248220444 -0.24387507140636444 -0.9659258127212524
vn -0.167439803481102 -0.47113046050071716 -0.8660253882408142
vn -0.01766243577003479 -0.25821566581726074 -0.9659258127212524
vn -0.034121207892894745 -0.49883437156677246 -0.8660253882408142
vn 0.052658289670944214 -0.2534056007862091 -0.9659258127212524
vn 0.10172800719738007 -0.48954203724861145 -0.8660253882408142
vn 0.11907359212636948 -0.22980161011219025 -0.9659258127212524
vn 0.2300325185060501 -0.4439426064491272 -0.8660253882408142
vn 0.1766577512025833 -0.1891542673110962 -0.9659258127212524
vn 0.3412765860557556 -0.3654179871082306 -0.8660253882408142
vn 0.22114001214504242 -0.13447822630405426 -0.9659258127212524
vn 0.4272097051143646 -0.2597919702529907 -0.8660253882408142
vn 0.2492213398218155 -0.06982854008674622 -0.9659258127212524
vn 0.4814586341381073 -0.134898379445076 -0.8660253882408142
vn 0.7071067690849304 0 -0.7071067690849304
vn 0.6808853149414062 0.19077512621879578 -0.7071067690849304
vn 0.6041657328605652 0.3674013316631317 -0.7071067690849304
vn 0.4826379418373108 0.5167790651321411 -0.7071067690849304
vn 0.32531511783599854 0.6278296709060669 -0.7071067690849304
vn 0.14386512339115143 0.692317008972168 -0.7071067690849304
vn -0.048254672437906265 0.7054583430290222 -0.7071067690849304
vn -0.23679564893245697 0.6662790775299072 -0.7071067690849304
vn -0.40777456760406494 0.5776849389076233 -0.7071067690849304
vn -0.548510730266571 0.44624656438827515 -0.7071067690849304
vn -0.6485663056373596 0.2817121148109436 -0.7071067690849304
vn -0.7005207538604736 0.09628435969352722 -0.7071067690849304
vn -0.7005207538604736 -0.09628435969352722 -0.7071067690849304
vn -0.6485663056373596 -0.2817121148109436 -0.7071067690849304
vn -0.548510730266571 -0.44624656438827515 -0.7071067690849304
vn -0.40777456760406494 -0.5776849389076233 -0.7071067690849304
vn -0.23679564893245697 -0.6662790775299072 -0.7071067690849304
vn -0.048254672437906265 -0.7054583430290222 -0.7071067690849304
vn 0.14386512339115143 -0.692317008972168 -0.7071067690849304
vn 0.32531511783599854 -0.6278296709060669 -0.7071067690849304
vn 0.4826379418373108 -0.5167790651321411 -0.7071067690849304
vn 0.6041657328605652 -0.3674013316631317 -0.7071067690849304
vn 0.6808853149414062 -0.19077512621879578 -0.7071067690849304
vn 0.8660253882408142 0 -0.5
vn 0.8339108228683472 0.23365086317062378 -0.5
vn 0.7399489283561707 0.44997289776802063 -0.5
vn 0.5911083817481995 0.6329225301742554 -0.5
vn 0.3984280228614807 0.7689311504364014 -0.5
vn 0.1761980801820755 0.8479117155075073 -0.5
vn -0.05909966304898262 0.864006519317627 -0.5
vn -0.29001423716545105 0.8160219192504883 -0.5
vn -0.49941980838775635 0.7075166702270508 -0.5
vn -0.6717857122421265 0.5465381741523743 -0.5
vn -0.7943282723426819 0.3450254499912262 -0.5
vn -0.8579592108726501 0.11792377382516861 -0.5
vn -0.8579592108726501 -0.11792377382516861 -0.5
vn -0.7943282723426819 -0.3450254499912262 -0.5
vn -0.6717857122421265 -0.5465381741523743 -0.5
vn -0.49941980838775635 -0.7075166702270508 -0.5
vn -0.29001423716545105 -0.8160219192504883 -0.5
vn -0.05909966304898262 -0.864006519317627 -0.5
vn 0.1761980801820755 -0.8479117155075073 -0.5
vn 0.3984280228614807 -0.7689311504364014 -0.5
vn 0.5911083817481995 -0.6329225301742554 -0.5
vn 0.7399489283561707 -0.44997289776802063 -0.5
vn 0.8339108228683472 -0.23365086317062378 -0.5
vn 0.9659258127212524 0 -0.258819043636322
vn 0.9301066994667053 0.260603666305542 -0.258819043636322
vn 0.8253057599067688 0.5018795728683472 -0.258819043636322
vn 0.6592957377433777 0.7059333324432373 -0.258819043636322
vn 0.4443886876106262 0.857631266117096 -0.258819043636322
vn 0.19652341306209564 0.9457225799560547 -0.258819043636322
vn -0.06591711193323135 0.963674008846283 -0.258819043636322
vn -0.3234688639640808 0.9101541638374329 -0.258819043636322
vn -0.557030439376831 0.789132297039032 -0.258819043636322
vn -0.7492795586585999 0.6095841526985168 -0.258819043636322
vn -0.8859580755233765 0.3848259150981903 -0.258819043636322
vn -0.9569291472434998 0.1315268874168396 -0.258819043636322
vn -0.9569291472434998 -0.1315268874168396 -0.258819043636322
vn -0.8859580755233765 -0.3848259150981903 -0.258819043636322
vn -0.7492795586585999 -0.6095841526985168 -0.258819043636322
vn -0.557030439376831 -0.789132297039032 -0.258819043636322
vn -0.3234688639640808 -0.9101541638374329 -0.258819043636322
vn -0.06591711193323135 -0.963674008846283 -0.258819043636322
vn 0.19652341306209564 -0.9457225799560547 -0.258819043636322
vn 0.4443886876106262 -0.857631266117096 -0.258819043636322
vn 0.6592957377433777 -0.7059333324432373 -0.258819043636322
vn 0.8253057599067688 -0.5018795728683472 -0.258819043636322
vn 0.9301066994667053 -0.260603666305542 -0.258819043636322
vn 1 0 0
vn 0.9629172682762146 0.269796758890152 0
vn 0.8544194102287292 0.5195839405059814 0
vn 0.6825531721115112 0.7308359742164612 0
vn 0.4600650370121002 0.8878852128982544 0
vn 0.20345601439476013 0.9790840744972229 0
vn -0.06824241578578949 0.9976687431335449 0
vn -0.334879606962204 0.9422609210014343 0
vn -0.5766803026199341 0.8169698715209961 0
vn -0.7757112979888916 0.6310879588127136 0
vn -0.9172112941741943 0.39840108156204224 0
vn -0.9906859397888184 0.13616664707660675 0
vn -0.9906859397888184 -0.13616664707660675 0
vn -0.9172112941741943 -0.39840108156204224 0
vn -0.7757112979888916 -0.6310879588127136 0
vn -0.5766803026199341 -0.8169698715209961 0
vn -0.334879606962204 -0.9422609210014343 0
vn -0.06824241578578949 -0.9976687431335449 0
vn 0.20345601439476013 -0.9790840744972229 0
vn 0.4600650370121002 -0.8878852128982544 0
vn 0.6825531721115112 -0.7308359742164612 0
vn 0.8544194102287292 -0.5195839405059814 0
vn 0.9629172682762146 -0.269796758890152 0
vn 0.9659258127212524 0 0.258819043636322
vn 0.9301066994667053 0.260603666305542 0.258819043636322
vn 0.8253057599067688 0.5018795728683472 0.258819043636322
vn 0.6592957377433777 0.7059333324432373 0.258819043636322
vn 0.4443886876106262 0.857631266117096 0.258819043636322
vn 0.19652341306209564 0.9457225799560547 0.258819043636322
vn -0.06591711193323135 0.963674008846283 0.258819043636322
vn -0.3234688639640808 0.9101541638374329 0.258819043636322
vn -0.557030439376831 0.789132297039032 0.258819043636322
vn -0.7492795586585999 0.6095841526985168 0.258819043636322
vn -0.8859580755233765 0.3848259150981903 0.258819043636322
vn -0.9569291472434998 0.1315268874168396 0.258819043636322
vn -0.9569291472434998 -0.1315268874168396 0.258819043636322
vn -0.8859580755233765 -0.3848259150981903 0.258819043636322
vn -0.7492795586585999 -0.6095841526985168 0.258819043636322
vn -0.557030439376831 -0.789132297039032 0.258819043636322
vn -0.3234688639640808 -0.9101541638374329 0.258819043636322
vn -0.06591711193323135 -0.963674008846283 0.258819043636322
vn 0.19652341306209564 -0.9457225799560547 0.258819043636322
vn 0.4443886876106262 -0.857631266117096 0.258819043636322
vn 0.6592957377433777 -0.7059333324432373 0.258819043636322
vn 0.8253057599067688 -0.5018795728683472 0.258819043636322
vn 0.9301066994667053 -0.260603666305542 0.258819043636322
vn 0.8660253882408142 0 0.5
vn 0.8339108228683472 0.23365086317062378 0.5
vn 0.7399489283561707 0.44997289776802063 0.5
vn 0.5911083817481995 0.6329225301742554 0.5
vn 0.3984280228614807 0.7689311504364014 0.5
vn 0.1761980801820755 0.8479117155075073 0.5
vn -0.05909966304898262 0.864006519317627 0.5
vn -0.29001423716545105 0.8160219192504883 0.5
vn -0.49941980838775635 0.7075166702270508 0.5
vn -0.6717857122421265 0.5465381741523743 0.5
vn -0.7943282723426819 0.3450254499912262 0.5
vn -0.8579592108726501 0.11792377382516861 0.5
vn -0.8579592108726501 -0.11792377382516861 0.5
vn -0.7943282723426819 -0.3450254499912262 0.5
vn -0.6717857122421265 -0.5465381741523743 0.5
vn -0.49941980838775635 -0.7075166702270508 0.5
vn -0.29001423716545105 -0.8160219192504883 0.5
vn -0.05909966304898262 -0.864006519317627 0.5
vn 0.1761980801820755 -0.8479117155075073 0.5
vn 0.3984280228614807 -0.7689311504364014 0.5
vn 0.5911083817481995 -0.6329225301742554 0.5
vn 0.7399489283561707 -0.44997289776802063 0.5
vn 0.8339108228683472 -0.23365086317062378 0.5
vn 0.7071067690849304 0 0.7071067690849304
vn 0.6808853149414062 0.19077512621879578 0.7071067690849304
vn 0.6041657328605652 0.3674013316631317 0.7071067690849304
vn 0.4826379418373108 0.5167790651321411 0.7071067690849304
vn 0.32531511783599854 0.6278296709060669 0.7071067690849304
vn 0.14386512339115143 0.692317008972168 0.7071067690849304
vn -0.048254672437906265 0.7054583430290222 0.7071067690849304
vn -0.23679564893245697 0.6662790775299072 0.7071067690849304
vn -0.40777456760406494 0.5776849389076233 0.7071067690849304
vn -0.548510730266571 0.44624656438827515 0.7071067690849304
vn -0.6485663056373596 0.2817121148109436 0.7071067690849304
vn -0.7005207538604736 0.09628435969352722 0.7071067690849304
vn -0.7005207538604736 -0.09628435969352722 0.7071067690849304
vn -0.6485663056373596 -0.2817121148109436 0.7071067690849304
vn -0.548510730266571 -0.44624656438827515 0.7071067690849304
vn -0.40777456760406494 -0.5776849389076233 0.7071067690849304
vn -0.23679564893245697 -0.6662790775299072 0.7071067690849304
vn -0.048254672437906265 -0.7054583430290222 0.7071067690849304
vn 0.14386512339115143 -0.692317008972168 0.7071067690849304
vn 0.32531511783599854 -0.6278296709060669 0.7071067690849304
vn 0.4826379418373108 -0.5167790651321411 0.7071067690849304
vn 0.6041657328605652 -0.3674013316631317 0.7071067690849304
vn 0.6808853149414062 -0.19077512621879578 0.7071067690849304
vn 0.5 0 0.8660253882408142
vn 0.4814586341381073 0.134898379445076 0.8660253882408142
vn 0.4272097051143646 0.2597919702529907 0.8660253882408142
vn 0.3412765860557556 0.3654179871082306 0.8660253882408142
vn 0.2300325185060501 0.4439426064491272 0.8660253882408142
vn 0.10172800719738007 0.48954203724861145 0.8660253882408142
vn -0.034121207892894745 0.49883437156677246 0.8660253882408142
vn -0.167439803481102 0.47113046050071716 0.8660253882408142
vn -0.28834015130996704 0.40848493576049805 0.8660253882408142
vn -0.3878556489944458 0.3155439794063568 0.8660253882408142
vn -0.45860564708709717 0.19920054078102112 0.8660253882408142
vn -0.4953429698944092 0.06808332353830338 0.8660253882408142
vn -0.4953429698944092 -0.06808332353830338 0.8660253882408142
vn -0.45860564708709717 -0.19920054078102112 0.8660253882408142
vn -0.3878556489944458 -0.3155439794063568 0.8660253882408142
vn -0.28834015130996704 -0.40848493576049805 0.8660253882408142
vn -0.167439803481102 -0.47113046050071716 0.8660253882408142
vn -0.034121207892894745 -0.49883437156677246 0.8660253882408142
vn 0.10172800719738007 -0.48954203724861145 0.8660253882408142
vn 0.2300325185060501 -0.4439426064491272 0.8660253882408142
vn 0.3412765860557556 -0.3654179871082306 0.8660253882408142
vn 0.4272097051143646 -0.2597919702529907 0.8660253882408142
vn 0.4814586341381073 -0.134898379445076 0.8660253882408142
vn 0.258819043636322 0 0.9659258127212524
vn 0.2492213398218155 0.06982854008674622 0.9659258127212524
vn 0.22114001214504242 0.13447822630405426 0.9659258127212524
vn 0.1766577512025833 0.1891542673110962 0.9659258127212524
vn 0.11907359212636948 0.22980161011219025 0.9659258127212524
vn 0.052658289670944214 0.2534056007862091 0.9659258127212524
vn -0.01766243577003479 0.25821566581726074 0.9659258127212524
vn -0.08667322248220444 0.24387507140636444 0.9659258127212524
vn -0.14925585687160492 0.21144737303256989 0.9659258127212524
vn -0.2007688581943512 0.1633375734090805 0.9659258127212524
vn -0.23739175498485565 0.10311379283666611 0.9659258127212524
vn -0.2564083933830261 0.03524252027273178 0.9659258127212524
vn -0.2564083933830261 -0.03524252027273178 0.9659258127212524
vn -0.23739175498485565 -0.10311379283666611 0.9659258127212524
vn -0.2007688581943512 -0.1633375734090805 0.9659258127212524
vn -0.14925585687160492 -0.21144737303256989 0.9659258127212524
vn -0.08667322248220444 -0.24387507140636444 0.9659258127212524
vn -0.01766243577003479 -0.25821566581726074 0.9659258127212524
vn 0.052658289670944214 -0.2534056007862091 0.9659258127212524
vn 0.11907359212636948 -0.22980161011219025 0.9659258127212524
vn 0.1766577512025833 -0.1891542673110962 0.9659258127212524
vn 0.22114001214504242 -0.13447822630405426 0.9659258127212524
vn 0.2492213398218155 -0.06982854008674622 0.9659258127212524
vn 0 0 1
vn 0 0 -1
f 396//492 397//493 398//494
f 399//495 398//494 400//496
f 401//497 400//496 402//498
f 403//499 402//498 404//500
f 405//501 404//500 406//502
f 407//503 406//502 408//504
f 409//505 408//504 410//506
f 411//507 410//506 412//508
f 413//509 412//508 414//510
f 415//511 414//510 416//512
f 417//513 416//512 418//514
f 419//515 418//514 420//516
f 421//517 420//516 422//518
f 423//519 422//518 424//520
f 425//521 424//520 426//522
f 427//523 426//522 428//524
f 429//525 428//524 430//526
f 431//527 430//526 432//528
f 433//529 432//528 434//530
f 435//531 434//530 436//532
f 437//533 436//532 438//534
f 439//535 438//534 440//536
f 441//537 440//536 397//493
f 442//538 396//492 399//495
f 443//539 399//495 401//497
f 444//540 401//497 403//499
f 445//541 403//499 405//501
f 446//542 405//501 407//503
f 447//543 407//503 409//505
f 448//544 409//505 411//507
f 449//545 411//507 413//509
f 450//546 413//509 415//511
f 451//547 415//511 417//513
f 452//548 417//513 419//515
f 453//549 419//515 421//517
f 454//550 421//517 423//519
f 455//551 423//519 425//521
f 456//552 425//521 427//523
f 457//553 427//523 429//525
f 458//554 429//525 431//527
f 459//555 431//527 433//529
f 460//556 433//529 435//531
f 461//557 435//531 437//533
f 462//558 437//533 439//535
f 463//559 439//535 441//537
f 464//560 441//537 396//492
f 465//561 442//538 443//539
f 466//562 443//539 444//540
f 467//563 444//540 445//541
f 468//564 445//541 446//542
f 469//565 446//542 447//543
f 470//566 447//543 448//544
f 471//567 448//544 449//545
f 472//568 449//545 450//546
f 473//569 450//546 451//547
f 474//570 451//547 452//548
f 475//571 452//548 453//549
f 476//572 453//549 454//550
f 477//573 454//550 455//551
f 478//574 455//551 456//552
f 479//575 456//552 457//553
f 480//576 457//553 458//554
f 481//577 458//554 459//555
f 482//578 459//555 460//556
f 483//579 460//556 461//557
f 484//580 461//557 462//558
f 485//581 462//558 463//559
f 486//582 463//559 464//560
f 487//583 464//560 442//538
f 488//584 465//561 466//562
f 489//585 466//562 467//563
f 490//586 467//563 468//564
f 491//587 468//564 469//565
f 492//588 469//565 470//566
f 493//589 470//566 471//567
f 494//590 471//567 472//568
f 495//591 472//568 473//569
f 496//592 473//569 474//570
f 497//593 474//570 475//571
f 498//594 475//571 476//572
f 499//595 476//572 477//573
f 500//596 477//573 478//574
f 501//597 478//574 479//575
f 502//598 479//575 480//576
f 503//599 480//576 481//577
f 504//600 481//577 482//578
f 505//601 482//578 483//579
f 506//602 483//579 484//580
f 507//603 484//580 485//581
f 508//604 485//581 486//582
f 509//605 486//582 487//583
f 510//606 487//583 465//561
f 511//607 488//584 489//585
f 512//608 489//585 490//586
f 513//609 490//586 491//587
f 514//610 491//587 492//588
f 515//611 492//588 493//589
f 516//612 493//589 494//590
f 517//613 494//590 495//591
f 518//614 495//591 496//592
f 519//615 496//592 497//593
f 520//616 497//593 498//594
f 521//617 498//594 499//595
f 522//618 499//595 500//596
f 523//619 500//596 501//597
f 524//620 501//597 502//598
f 525//621 502//598 503//599
f 526//622 503//599 504//600
f 527//623 504//600 505//601
f 528//624 505//601 506//602
f 529//625 506//602 507//603
f 530//626 507//603 508//604
f 531//627 508//604 509//605
f 532//628 509//605 510//606
f 533//629 510//606 488//584
f 534//630 511//607 512//608
f 535//631 512//608 513//609
f 536//632 513//609 514//610
f 537//633 514//610 515//611
f 538//634 515//611 516//612
f 539//635 516//612 517//613
f 540//636 517//613 518//614
f 541//637 518//614 519//615
f 542//638 519//615 520//616
f 543//639 520//616 521//617
f 544//640 521//617 522//618
f 545//641 522//618 523//619
f 546//642 523//619 524//620
f 547//643 524//620 525//621
f 548//644 525//621 526//622
f 549//645 526//622 527//623
f 550//646 527//623 528//624
f 551//647 528//624 529//625
f 552//648 529//625 530//626
f 553//649 530//626 531//627
f 554//650 531//627 532//628
f 555//651 532//628 533//629
f 556//652 533//629 511//607
f 557//653 534//630 535//631
f 558//654 535//631 536//632
f 559//655 536//632 537//633
f 560//656 537//633 538//634
f 561//657 538//634 539//635
f 562//658 539//635 540//636
f 563//659 540//636 541//637
f 564//660 541//637 542//638
f 565//661 542//638 543//639
f 566//662 543//639 544//640
f 567//663 544//640 545//641
f 568//664 545//641 546//642
f 569//665 546//642 547//643
f 570//666 547//643 548//644
f 571//667 548//644 549//645
f 572//668 549//645 550//646
f 573//669 550//646 551//647
f 574//670 551//647 552//648
f 575//671 552//648 553//649
f 576//672 553//649 554//650
f 577//673 554//650 555//651
f 578//674 555//651 556//652
f 579//675 556//652 534//630
f 580//676 557//653 558//654
f 581//677 558//654 559//655
f 582//678 559//655 560//656
f 583//679 560//656 561//657
f 584//680 561//657 562//658
f 585//681 562//658 563//659
f 586//682 563//659 564//660
f 587//683 564//660 565//661
f 588//684 565//661 566//662
f 589//685 566//662 567//663
f 590//686 567//663 568//664
f 591//687 568//664 569//665
f 592//688 569//665 570//666
f 593//689 570//666 571//667
f 594//690 571//667 572//668
f 595//691 572//668 573//669
f 596//692 573//669 574//670
f 597//693 574//670 575//671
f 598//694 575//671 576//672
f 599//695 576//672 577//673
f 600//696 577//673 578//674
f 601//697 578//674 579//675
f 602//698 579//675 557//653
f 603//699 580//676 581//677
f 604//700 581//677 582//678
f 605//701 582//678 583//679
f 606//702 583//679 584//680
f 607//703 584//680 585//681
f 608//704 585//681 586//682
f 609//705 586//682 587//683
f 610//706 587//683 588//684
f 611//707 588//684 589//685
f 612//708 589//685 590//686
f 613//709 590//686 591//687
f 614//710 591//687 592//688
f 615//711 592//688 593//689
f 616//712 593//689 594//690
f 617//713 594//690 595//691
f 618//714 595//691 596//692
f 619//715 596//692 597//693
f 620//716 597//693 598//694
f 621//717 598//694 599//695
f 622//718 599//695 600//696
f 623//719 600//696 601//697
f 624//720 601//697 602//698
f 625//721 602//698 580//676
f 626//722 603//699 604//700
f 627//723 604//700 605//701
f 628//724 605//701 606//702
f 629//725 606//702 607//703
f 630//726 607//703 608//704
f 631//727 608//704 609//705
f 632//728 609//705 610//706
f 633//729 610//706 611//707
f 634//730 611//707 612//708
f 635//731 612//708 613//709
f 636//732 613//709 614//710
f 637//733 614//710 615//711
f 638//734 615//711 616//712
f 639//735 616//712 617//713
f 640//736 617//713 618//714
f 641//737 618//714 619//715
f 642//738 619//715 620//716
f 643//739 620//716 621//717
f 644//740 621//717 622//718
f 645//741 622//718 623//719
f 646//742 623//719 624//720
f 647//743 624//720 625//721
f 648//744 625//721 603//699
f 649//745 648//744 626//722
f 649//745 647//743 648//744
f 649//745 646//742 647//743
f 649//745 645//741 646//742
f 649//745 644//740 645//741
f 649//745 643//739 644//740
f 649//745 642//738 643//739
f 649//745 641//737 642//738
f 649//745 640//736 641//737
f 649//745 639//735 640//736
f 649//745 638//734 639//735
f 649//745 637//733 638//734
f 649//745 636//732 637//733
f 649//745 635//731 636//732
f 649//745 634//730 635//731
f 649//745 633//729 634//730
f 649//745 632//728 633//729
f 649//745 631//727 632//728
f 649//745 630//726 631//727
f 649//745 629//725 630//726
f 649//745 628//724 629//725
f 649//745 627//723 628//724
f 649//745 626//722 627//723
f 603//699 626//722 648//744
f 625//721 648//744 647//743
f 624//720 647//743 646//742
f 623//719 646//742 645//741
f 622//718 645//741 644//740
f 621//717 644//740 643//739
f 620//716 643//739 642//738
f 619//715 642//738 641//737
f 618//714 641//737 640//736
f 617//713 640//736 639//735
f 616//712 639//735 638//734
f 615//711 638//734 637//733
f 614//710 637//733 636//732
f 613//709 636//732 635//731
f 612//708 635//731 634//730
f 611//707 634//730 633//729
f 610//706 633//729 632//728
f 609//705 632//728 631//727
f 608//704 631//727 630//726
f 607//703 630//726 629//725
f 606//702 629//725 628//724
f 605//701 628//724 627//723
f 604//700 627//723 626//722
f 580//676 603//699 625//721
f 602//698 625//721 624//720
f 601//697 624//720 623//719
f 600//696 623//719 622//718
f 599//695 622//718 621//717
f 598//694 621//717 620//716
f 597//693 620//716 619//715
f 596//692 619//715 618//714
f 595//691 618//714 617//713
f 594//690 617//713 616//712
f 593//689 616//712 615//711
f 592//688 615//711 614//710
f 591//687 614//710 613//709
f 590//686 613//709 612//708
f 589//685 612//708 611//707
f 588//684 611//707 610//706
f 587//683 610//706 609//705
f 586//682 609//705 608//704
f 585//681 608//704 607//703
f 584//680 607//703 606//702
f 583//679 606//702 605//701
f 582//678 605//701 604//700
f 581//677 604//700 603//699
f 557//653 580//676 602//698
f 579//675 602//698 601//697
f 578//674 601//697 600//696
f 577//673 600//696 599//695
f 576//672 599//695 598//694
f 575//671 598//694 597//693
f 574//670 597//693 596//692
f 573//669 596//692 595//691
f 572//668 595//691 594//690
f 571//667 594//690 593//689
f 570//666 593//689 592//688
f 569//665 592//688 591//687
f 568//664 591//687 590//686
f 567//663 590//686 589//685
f 566//662 589//685 588//684
f 565//661 588//684 587//683
f 564//660 587//683 586//682
f 563//659 586//682 585//681
f 562//658 585//681 584//680
f 561//657 584//680 583//679
f 560//656 583//679 582//678
f 559//655 582//678 581//677
f 558//654 581//677 580//676
f 534//630 557//653 579//675
f 556//652 579//675 578//674
f 555//651 578//674 577//673
f 554//650 577//673 576//672
f 553//649 576//672 575//671
f 552//648 575//671 574//670
f 551//647 574//670 573//669
f 550//646 573//669 572//668
f 549//645 572//668 571//667
f 548//644 571//667 570//666
f 547//643 570//666 569//665
f 546//642 569//665 568//664
f 545//641 568//664 567//663
f 544//640 567//663 566//662
f 543//639 566//662 565//661
f 542//638 565//661 564//660
f 541//637 564//660 563//659
f 540//636 563//659 562//658
f 539//635 562//658 561//657
f 538//634 561//657 560//656
f 537//633 560//656 559//655
f 536//632 559//655 558//654
f 535//631 558//654 557//653
f 511//607 534//630 556//652
f 533//629 556//652 555//651
f 532//628 555//651 554//650
f 531//627 554//650 553//649
f 530//626 553//649 552//648
f 529//625 552//648 551//647
f 528//624 551//647 550//646
f 527//623 550//646 549//645
f 526//622 549//645 548//644
f 525//621 548//644 547//643
f 524//620 547//643 546//642
f 523//619 546//642 545//641
f 522//618 545//641 544//640
f 521//617 544//640 543//639
f 520//616 543//639 542//638
f 519//615 542//638 541//637
f 518//614 541//637 540//636
f 517//613 540//636 539//635
f 516//612 539//635 538//634
f 515//611 538//634 537//633
f 514//610 537//633 536//632
f 513//609 536//632 535//631
f 512//608 535//631 534//630
f 488//584 511//607 533//629
f 510//606 533//629 532//628
f 509//605 532//628 531//627
f 508//604 531//627 530//626
f 507//603 530//626 529//625
f 506//602 529//625 528//624
f 505//601 528//624 527//623
f 504//600 527//623 526//622
f 503//599 526//622 525//621
f 502//598 525//621 524//620
f 501//597 524//620 523//619
f 500//596 523//619 522//618
f 499//595 522//618 521//617
f 498//594 521//617 520//616
f 497//593 520//616 519//615
f 496//592 519//615 518//614
f 495//591 518//614 517//613
f 494//590 517//613 516//612
f 493//589 516//612 515//611
f 492//588 515//611 514//610
f 491//587 514//610 513//609
f 490//586 513//609 512//608
f 489//585 512//608 511//607
f 465//561 488//584 510//606
f 487//583 510//606 509//605
f 486//582 509//605 508//604
f 485//581 508//604 507//603
f 484//580 507//603 506//602
f 483//579 506//602 505//601
f 482//578 505//601 504//600
f 481//577 504//600 503//599
f 480//576 503//599 502//598
f 479//575 502//598 501//597
f 478//574 501//597 500//596
f 477//573 500//596 499//595
f 476//572 499//595 498//594
f 475//571 498//594 497//593
f 474//570 497//593 496//592
f 473//569 496//592 495//591
f 472//568 495//591 494//590
f 471//567 494//590 493//589
f 470//566 493//589 492//588
f 469//565 492//588 491//587
f 468//564 491//587 490//586
f 467//563 490//586 489//585
f 466//562 489//585 488//584
f 442//538 465//561 487//583
f 464//560 487//583 486//582
f 463//559 486//582 485//581
f 462//558 485//581 484//580
f 461//557 484//580 483//579
f 460//556 483//579 482//578
f 459//555 482//578 481//577
f 458//554 481//577 480//576
f 457//553 480//576 479//575
f 456//552 479//575 478//574
f 455//551 478//574 477//573
f 454//550 477//573 476//572
f 453//549 476//572 475//571
f 452//548 475//571 474//570
f 451//547 474//570 473//569
f 450//546 473//569 472//568
f 449//545 472//568 471//567
f 448//544 471//567 470//566
f 447//543 470//566 469//565
f 446//542 469//565 468//564
f 445//541 468//564 467//563
f 444//540 467//563 466//562
f 443//539 466//562 465//561
f 396//492 442//538 464//560
f 441//537 464//560 463//559
f 439//535 463//559 462//558
f 437//533 462//558 461//557
f 435//531 461//557 460//556
f 433//529 460//556 459//555
f 431//527 459//555 458//554
f 429//525 458//554 457//553
f 427//523 457//553 456//552
f 425//521 456//552 455//551
f 423//519 455//551 454//550
f 421//517 454//550 453//549
f 419//515 453//549 452//548
f 417//513 452//548 451//547
f 415//511 451//547 450//546
f 413//509 450//546 449//545
f 411//507 449//545 448//544
f 409//505 448//544 447//543
f 407//503 447//543 446//542
f 405//501 446//542 445//541
f 403//499 445//541 444//540
f 401//497 444//540 443//539
f 399//495 443//539 442//538
f 397//493 396//492 441//537
f 440//536 441//537 439//535
f 438//534 439//535 437//533
f 436//532 437//533 435//531
f 434//530 435//531 433//529
f 432//528 433//529 431//527
f 430//526 431//527 429//525
f 428//524 429//525 427//523
f 426//522 427//523 425//521
f 424//520 425//521 423//519
f 422//518 423//519 421//517
f 420//516 421//517 419//515
f 418//514 419//515 417//513
f 416//512 417//513 415//511
f 414//510 415//511 413//509
f 412//508 413//509 411//507
f 410//506 411//507 409//505
f 408//504 409//505 407//503
f 406//502 407//503 405//501
f 404//500 405//501 403//499
f 402//498 403//499 401//497
f 400//496 401//497 399//495
f 398//494 399//495 396//492
f 397//493 440//536 650//746
f 440//536 438//534 650//746
f 438//534 436//532 650//746
f 436//532 434//530 650//746
f 434//530 432//528 650//746
f 432//528 430//526 650//746
f 430//526 428//524 650//746
f 428//524 426//522 650//746
f 426//522 424//520 650//746
f 424//520 422//518 650//746
f 422//518 420//516 650//746
f 420//516 418//514 650//746
f 418//514 416//512 650//746
f 416//512 414//510 650//746
f 414//510 412//508 650//746
f 412//508 410//506 650//746
f 410//506 408//504 650//746
f 408//504 406//502 650//746
f 406//502 404//500 650//746
f 404//500 402//498 650//746
f 402//498 400//496 650//746
f 400//496 398//494 650//746
f 398//494 397//493 650//746
