# Blender 4.4.0
# www.blender.org
mtllib Keyboard_revampedobj.mtl
o Solid_94
v -0.006553 -0.002427 -0.014758
v -0.007553 0.002573 -0.015758
v -0.015553 0.002573 -0.015758
v -0.016553 -0.002427 -0.014758
v -0.006553 -0.002427 -0.024758
v -0.016553 -0.002427 -0.024758
v -0.015553 0.002573 -0.023758
v -0.007553 0.002573 -0.023758
v -0.046553 -0.002427 -0.134758
v -0.046553 -0.012427 -0.134758
v -0.046553 -0.012427 0.125242
v -0.046553 -0.002427 0.125242
v 0.043447 -0.012427 0.125242
v 0.043447 -0.002427 0.125242
v 0.043447 -0.012427 -0.134758
v 0.043447 -0.002427 -0.134758
v -0.006553 -0.002427 -0.034758
v -0.007553 0.002573 -0.035758
v -0.015553 0.002573 -0.035758
v -0.016553 -0.002427 -0.034758
v -0.006553 -0.002427 -0.054758
v -0.016553 -0.002427 -0.054758
v -0.015553 0.002573 -0.053758
v -0.007553 0.002573 -0.053758
v -0.006553 -0.002427 -0.024758
v -0.007553 0.002573 -0.025758
v -0.015553 0.002573 -0.025758
v -0.016553 -0.002427 -0.024758
v -0.006553 -0.002427 -0.034758
v -0.016553 -0.002427 -0.034758
v -0.015553 0.002573 -0.033758
v -0.007553 0.002573 -0.033758
v 0.003447 -0.002427 -0.034758
v 0.002447 0.002573 -0.035758
v -0.005553 0.002573 -0.035758
v -0.006553 -0.002427 -0.034758
v 0.003447 -0.002427 -0.054758
v -0.006553 -0.002427 -0.054758
v -0.005553 0.002573 -0.053758
v 0.002447 0.002573 -0.053758
v 0.013447 -0.002427 -0.024758
v 0.012447 0.002573 -0.025758
v 0.004447 0.002573 -0.025758
v 0.003447 -0.002427 -0.024758
v 0.013447 -0.002427 -0.054758
v 0.003447 -0.002427 -0.054758
v 0.004447 0.002573 -0.053758
v 0.012447 0.002573 -0.053758
v 0.023447 -0.002427 -0.024758
v 0.022447 0.002573 -0.025758
v 0.014447 0.002573 -0.025758
v 0.013447 -0.002427 -0.024758
v 0.023447 -0.002427 -0.044758
v 0.013447 -0.002427 -0.044758
v 0.014447 0.002573 -0.043758
v 0.022447 0.002573 -0.043758
v 0.033447 -0.002427 -0.014758
v 0.032447 0.002573 -0.015758
v 0.024447 0.002573 -0.015758
v 0.023447 -0.002427 -0.014758
v 0.033447 -0.002427 -0.024758
v 0.023447 -0.002427 -0.024758
v 0.024447 0.002573 -0.023758
v 0.032447 0.002573 -0.023758
v 0.033447 -0.002427 -0.024758
v 0.032447 0.002573 -0.025758
v 0.024447 0.002573 -0.025758
v 0.023447 -0.002427 -0.024758
v 0.033447 -0.002427 -0.034758
v 0.023447 -0.002427 -0.034758
v 0.024447 0.002573 -0.033758
v 0.032447 0.002573 -0.033758
v 0.033447 -0.002427 0.085242
v 0.032447 0.002573 0.084242
v 0.024447 0.002573 0.084242
v 0.023447 -0.002427 0.085242
v 0.033447 -0.002427 0.075242
v 0.023447 -0.002427 0.075242
v 0.024447 0.002573 0.076242
v 0.032447 0.002573 0.076242
v 0.033447 -0.002427 0.095242
v 0.032447 0.002573 0.094242
v 0.024447 0.002573 0.094242
v 0.023447 -0.002427 0.095242
v 0.033447 -0.002427 0.085242
v 0.023447 -0.002427 0.085242
v 0.024447 0.002573 0.086242
v 0.032447 0.002573 0.086242
v 0.033447 -0.002427 0.105242
v 0.032447 0.002573 0.104242
v 0.024447 0.002573 0.104242
v 0.023447 -0.002427 0.105242
v 0.033447 -0.002427 0.095242
v 0.023447 -0.002427 0.095242
v 0.024447 0.002573 0.096242
v 0.032447 0.002573 0.096242
v 0.013447 -0.002427 0.115242
v 0.012447 0.002573 0.114242
v 0.004447 0.002573 0.114242
v 0.003447 -0.002427 0.115242
v 0.013447 -0.002427 0.095242
v 0.003447 -0.002427 0.095242
v 0.004447 0.002573 0.096242
v 0.012447 0.002573 0.096242
v 0.003447 -0.002427 0.115242
v 0.002447 0.002573 0.114242
v -0.005553 0.002573 0.114242
v -0.006553 -0.002427 0.115242
v 0.003447 -0.002427 0.095242
v -0.006553 -0.002427 0.095242
v -0.005553 0.002573 0.096242
v 0.002447 0.002573 0.096242
v 0.023447 -0.002427 0.115242
v 0.022447 0.002573 0.114242
v 0.014447 0.002573 0.114242
v 0.013447 -0.002427 0.115242
v 0.023447 -0.002427 0.085242
v 0.013447 -0.002427 0.085242
v 0.014447 0.002573 0.086242
v 0.022447 0.002573 0.086242
v 0.003447 -0.002427 0.095242
v 0.002447 0.002573 0.094242
v -0.005553 0.002573 0.094242
v -0.006553 -0.002427 0.095242
v 0.003447 -0.002427 0.085242
v -0.006553 -0.002427 0.085242
v -0.005553 0.002573 0.086242
v 0.002447 0.002573 0.086242
v 0.003447 -0.002427 0.085242
v 0.002447 0.002573 0.084242
v -0.005553 0.002573 0.084242
v -0.006553 -0.002427 0.085242
v 0.003447 -0.002427 0.075242
v -0.006553 -0.002427 0.075242
v -0.005553 0.002573 0.076242
v 0.002447 0.002573 0.076242
v 0.003447 -0.002427 0.075242
v 0.002447 0.002573 0.074242
v -0.005553 0.002573 0.074242
v -0.006553 -0.002427 0.075242
v 0.003447 -0.002427 0.065242
v -0.006553 -0.002427 0.065242
v -0.005553 0.002573 0.066242
v 0.002447 0.002573 0.066242
v 0.003447 -0.002427 0.065242
v 0.002447 0.002573 0.064242
v -0.005553 0.002573 0.064242
v -0.006553 -0.002427 0.065242
v 0.003447 -0.002427 0.055242
v -0.006553 -0.002427 0.055242
v -0.005553 0.002573 0.056242
v 0.002447 0.002573 0.056242
v 0.003447 -0.002427 0.055242
v 0.002447 0.002573 0.054242
v -0.005553 0.002573 0.054242
v -0.006553 -0.002427 0.055242
v 0.003447 -0.002427 0.045242
v -0.006553 -0.002427 0.045242
v -0.005553 0.002573 0.046242
v 0.002447 0.002573 0.046242
v 0.003447 -0.002427 0.045242
v 0.002447 0.002573 0.044242
v -0.005553 0.002573 0.044242
v -0.006553 -0.002427 0.045242
v 0.003447 -0.002427 0.035242
v -0.006553 -0.002427 0.035242
v -0.005553 0.002573 0.036242
v 0.002447 0.002573 0.036242
v 0.003447 -0.002427 0.035242
v 0.002447 0.002573 0.034242
v -0.005553 0.002573 0.034242
v -0.006553 -0.002427 0.035242
v 0.003447 -0.002427 0.025242
v -0.006553 -0.002427 0.025242
v -0.005553 0.002573 0.026242
v 0.002447 0.002573 0.026242
v 0.003447 -0.002427 0.025242
v 0.002447 0.002573 0.024242
v -0.005553 0.002573 0.024242
v -0.006553 -0.002427 0.025242
v 0.003447 -0.002427 0.015242
v -0.006553 -0.002427 0.015242
v -0.005553 0.002573 0.016242
v 0.002447 0.002573 0.016242
v 0.003447 -0.002427 0.015242
v 0.002447 0.002573 0.014242
v -0.005553 0.002573 0.014242
v -0.006553 -0.002427 0.015242
v 0.003447 -0.002427 0.005242
v -0.006553 -0.002427 0.005242
v -0.005553 0.002573 0.006242
v 0.002447 0.002573 0.006242
v 0.003447 -0.002427 0.005242
v 0.002447 0.002573 0.004242
v -0.005553 0.002573 0.004242
v -0.006553 -0.002427 0.005242
v 0.003447 -0.002427 -0.004758
v -0.006553 -0.002427 -0.004758
v -0.005553 0.002573 -0.003758
v 0.002447 0.002573 -0.003758
v 0.003447 -0.002427 -0.004758
v 0.002447 0.002573 -0.005758
v -0.005553 0.002573 -0.005758
v -0.006553 -0.002427 -0.004758
v 0.003447 -0.002427 -0.014758
v -0.006553 -0.002427 -0.014758
v -0.005553 0.002573 -0.013758
v 0.002447 0.002573 -0.013758
v 0.003447 -0.002427 -0.014758
v 0.002447 0.002573 -0.015758
v -0.005553 0.002573 -0.015758
v -0.006553 -0.002427 -0.014758
v 0.003447 -0.002427 -0.024758
v -0.006553 -0.002427 -0.024758
v -0.005553 0.002573 -0.023758
v 0.002447 0.002573 -0.023758
v 0.013447 -0.002427 0.095242
v 0.012447 0.002573 0.094242
v 0.004447 0.002573 0.094242
v 0.003447 -0.002427 0.095242
v 0.013447 -0.002427 0.085242
v 0.003447 -0.002427 0.085242
v 0.004447 0.002573 0.086242
v 0.012447 0.002573 0.086242
v 0.013447 -0.002427 0.085242
v 0.012447 0.002573 0.084242
v 0.004447 0.002573 0.084242
v 0.003447 -0.002427 0.085242
v 0.013447 -0.002427 0.075242
v 0.003447 -0.002427 0.075242
v 0.004447 0.002573 0.076242
v 0.012447 0.002573 0.076242
v 0.013447 -0.002427 0.075242
v 0.012447 0.002573 0.074242
v 0.004447 0.002573 0.074242
v 0.003447 -0.002427 0.075242
v 0.013447 -0.002427 0.065242
v 0.003447 -0.002427 0.065242
v 0.004447 0.002573 0.066242
v 0.012447 0.002573 0.066242
v 0.013447 -0.002427 0.065242
v 0.012447 0.002573 0.064242
v 0.004447 0.002573 0.064242
v 0.003447 -0.002427 0.065242
v 0.013447 -0.002427 0.055242
v 0.003447 -0.002427 0.055242
v 0.004447 0.002573 0.056242
v 0.012447 0.002573 0.056242
v 0.013447 -0.002427 0.055242
v 0.012447 0.002573 0.054242
v 0.004447 0.002573 0.054242
v 0.003447 -0.002427 0.055242
v 0.013447 -0.002427 0.045242
v 0.003447 -0.002427 0.045242
v 0.004447 0.002573 0.046242
v 0.012447 0.002573 0.046242
v 0.013447 -0.002427 0.045242
v 0.012447 0.002573 0.044242
v 0.004447 0.002573 0.044242
v 0.003447 -0.002427 0.045242
v 0.013447 -0.002427 0.035242
v 0.003447 -0.002427 0.035242
v 0.004447 0.002573 0.036242
v 0.012447 0.002573 0.036242
v 0.013447 -0.002427 0.035242
v 0.012447 0.002573 0.034242
v 0.004447 0.002573 0.034242
v 0.003447 -0.002427 0.035242
v 0.013447 -0.002427 0.025242
v 0.003447 -0.002427 0.025242
v 0.004447 0.002573 0.026242
v 0.012447 0.002573 0.026242
v 0.013447 -0.002427 0.025242
v 0.012447 0.002573 0.024242
v 0.004447 0.002573 0.024242
v 0.003447 -0.002427 0.025242
v 0.013447 -0.002427 0.015242
v 0.003447 -0.002427 0.015242
v 0.004447 0.002573 0.016242
v 0.012447 0.002573 0.016242
v 0.013447 -0.002427 0.015242
v 0.012447 0.002573 0.014242
v 0.004447 0.002573 0.014242
v 0.003447 -0.002427 0.015242
v 0.013447 -0.002427 0.005242
v 0.003447 -0.002427 0.005242
v 0.004447 0.002573 0.006242
v 0.012447 0.002573 0.006242
v 0.013447 -0.002427 0.005242
v 0.012447 0.002573 0.004242
v 0.004447 0.002573 0.004242
v 0.003447 -0.002427 0.005242
v 0.013447 -0.002427 -0.004758
v 0.003447 -0.002427 -0.004758
v 0.004447 0.002573 -0.003758
v 0.012447 0.002573 -0.003758
v 0.013447 -0.002427 -0.004758
v 0.012447 0.002573 -0.005758
v 0.004447 0.002573 -0.005758
v 0.003447 -0.002427 -0.004758
v 0.013447 -0.002427 -0.014758
v 0.003447 -0.002427 -0.014758
v 0.004447 0.002573 -0.013758
v 0.012447 0.002573 -0.013758
v 0.013447 -0.002427 -0.014758
v 0.012447 0.002573 -0.015758
v 0.004447 0.002573 -0.015758
v 0.003447 -0.002427 -0.014758
v 0.013447 -0.002427 -0.024758
v 0.003447 -0.002427 -0.024758
v 0.004447 0.002573 -0.023758
v 0.012447 0.002573 -0.023758
v 0.023447 -0.002427 -0.014758
v 0.022447 0.002573 -0.015758
v 0.014447 0.002573 -0.015758
v 0.013447 -0.002427 -0.014758
v 0.023447 -0.002427 -0.024758
v 0.013447 -0.002427 -0.024758
v 0.014447 0.002573 -0.023758
v 0.022447 0.002573 -0.023758
v 0.023447 -0.002427 -0.004758
v 0.022447 0.002573 -0.005758
v 0.014447 0.002573 -0.005758
v 0.013447 -0.002427 -0.004758
v 0.023447 -0.002427 -0.014758
v 0.013447 -0.002427 -0.014758
v 0.014447 0.002573 -0.013758
v 0.022447 0.002573 -0.013758
v 0.023447 -0.002427 0.005242
v 0.022447 0.002573 0.004242
v 0.014447 0.002573 0.004242
v 0.013447 -0.002427 0.005242
v 0.023447 -0.002427 -0.004758
v 0.013447 -0.002427 -0.004758
v 0.014447 0.002573 -0.003758
v 0.022447 0.002573 -0.003758
v 0.023447 -0.002427 0.015242
v 0.022447 0.002573 0.014242
v 0.014447 0.002573 0.014242
v 0.013447 -0.002427 0.015242
v 0.023447 -0.002427 0.005242
v 0.013447 -0.002427 0.005242
v 0.014447 0.002573 0.006242
v 0.022447 0.002573 0.006242
v 0.023447 -0.002427 0.025242
v 0.022447 0.002573 0.024242
v 0.014447 0.002573 0.024242
v 0.013447 -0.002427 0.025242
v 0.023447 -0.002427 0.015242
v 0.013447 -0.002427 0.015242
v 0.014447 0.002573 0.016242
v 0.022447 0.002573 0.016242
v 0.023447 -0.002427 0.035242
v 0.022447 0.002573 0.034242
v 0.014447 0.002573 0.034242
v 0.013447 -0.002427 0.035242
v 0.023447 -0.002427 0.025242
v 0.013447 -0.002427 0.025242
v 0.014447 0.002573 0.026242
v 0.022447 0.002573 0.026242
v 0.023447 -0.002427 0.045242
v 0.022447 0.002573 0.044242
v 0.014447 0.002573 0.044242
v 0.013447 -0.002427 0.045242
v 0.023447 -0.002427 0.035242
v 0.013447 -0.002427 0.035242
v 0.014447 0.002573 0.036242
v 0.022447 0.002573 0.036242
v 0.023447 -0.002427 0.055242
v 0.022447 0.002573 0.054242
v 0.014447 0.002573 0.054242
v 0.013447 -0.002427 0.055242
v 0.023447 -0.002427 0.045242
v 0.013447 -0.002427 0.045242
v 0.014447 0.002573 0.046242
v 0.022447 0.002573 0.046242
v 0.023447 -0.002427 0.065242
v 0.022447 0.002573 0.064242
v 0.014447 0.002573 0.064242
v 0.013447 -0.002427 0.065242
v 0.023447 -0.002427 0.055242
v 0.013447 -0.002427 0.055242
v 0.014447 0.002573 0.056242
v 0.022447 0.002573 0.056242
v 0.023447 -0.002427 0.075242
v 0.022447 0.002573 0.074242
v 0.014447 0.002573 0.074242
v 0.013447 -0.002427 0.075242
v 0.023447 -0.002427 0.065242
v 0.013447 -0.002427 0.065242
v 0.014447 0.002573 0.066242
v 0.022447 0.002573 0.066242
v 0.023447 -0.002427 0.085242
v 0.022447 0.002573 0.084242
v 0.014447 0.002573 0.084242
v 0.013447 -0.002427 0.085242
v 0.023447 -0.002427 0.075242
v 0.013447 -0.002427 0.075242
v 0.014447 0.002573 0.076242
v 0.022447 0.002573 0.076242
v 0.003447 -0.002427 -0.024758
v 0.002447 0.002573 -0.025758
v -0.005553 0.002573 -0.025758
v -0.006553 -0.002427 -0.024758
v 0.003447 -0.002427 -0.034758
v -0.006553 -0.002427 -0.034758
v -0.005553 0.002573 -0.033758
v 0.002447 0.002573 -0.033758
v 0.033447 -0.002427 -0.059758
v 0.032447 0.002573 -0.060758
v 0.024447 0.002573 -0.060758
v 0.023447 -0.002427 -0.059758
v 0.033447 -0.002427 -0.069758
v 0.023447 -0.002427 -0.069758
v 0.024447 0.002573 -0.068758
v 0.032447 0.002573 -0.068758
v 0.023447 -0.002427 -0.059758
v 0.022447 0.002573 -0.060758
v 0.014447 0.002573 -0.060758
v 0.013447 -0.002427 -0.059758
v 0.023447 -0.002427 -0.069758
v 0.013447 -0.002427 -0.069758
v 0.014447 0.002573 -0.068758
v 0.022447 0.002573 -0.068758
v 0.033447 -0.002427 -0.049758
v 0.032447 0.002573 -0.050758
v 0.024447 0.002573 -0.050758
v 0.023447 -0.002427 -0.049758
v 0.033447 -0.002427 -0.059758
v 0.023447 -0.002427 -0.059758
v 0.024447 0.002573 -0.058758
v 0.032447 0.002573 -0.058758
v 0.033447 -0.002427 -0.069758
v 0.032447 0.002573 -0.070758
v 0.024447 0.002573 -0.070758
v 0.023447 -0.002427 -0.069758
v 0.033447 -0.002427 -0.079758
v 0.023447 -0.002427 -0.079758
v 0.024447 0.002573 -0.078758
v 0.032447 0.002573 -0.078758
v -0.026553 -0.002427 -0.114758
v -0.027553 0.002573 -0.115758
v -0.035553 0.002573 -0.115758
v -0.036553 -0.002427 -0.114758
v -0.026553 -0.002427 -0.124758
v -0.036553 -0.002427 -0.124758
v -0.035553 0.002573 -0.123758
v -0.027553 0.002573 -0.123758
v -0.026553 -0.002427 -0.104758
v -0.027553 0.002573 -0.105758
v -0.035553 0.002573 -0.105758
v -0.036553 -0.002427 -0.104758
v -0.026553 -0.002427 -0.114758
v -0.036553 -0.002427 -0.114758
v -0.035553 0.002573 -0.113758
v -0.027553 0.002573 -0.113758
v -0.026553 -0.002427 -0.094758
v -0.027553 0.002573 -0.095758
v -0.035553 0.002573 -0.095758
v -0.036553 -0.002427 -0.094758
v -0.026553 -0.002427 -0.104758
v -0.036553 -0.002427 -0.104758
v -0.035553 0.002573 -0.103758
v -0.027553 0.002573 -0.103758
v -0.026553 -0.002427 -0.084758
v -0.027553 0.002573 -0.085758
v -0.035553 0.002573 -0.085758
v -0.036553 -0.002427 -0.084758
v -0.026553 -0.002427 -0.094758
v -0.036553 -0.002427 -0.094758
v -0.035553 0.002573 -0.093758
v -0.027553 0.002573 -0.093758
v -0.006553 -0.002427 -0.084758
v -0.007553 0.002573 -0.085758
v -0.015553 0.002573 -0.085758
v -0.016553 -0.002427 -0.084758
v -0.006553 -0.002427 -0.094758
v -0.016553 -0.002427 -0.094758
v -0.015553 0.002573 -0.093758
v -0.007553 0.002573 -0.093758
v -0.006553 -0.002427 -0.094758
v -0.007553 0.002573 -0.095758
v -0.015553 0.002573 -0.095758
v -0.016553 -0.002427 -0.094758
v -0.006553 -0.002427 -0.104758
v -0.016553 -0.002427 -0.104758
v -0.015553 0.002573 -0.103758
v -0.007553 0.002573 -0.103758
v -0.006553 -0.002427 -0.104758
v -0.007553 0.002573 -0.105758
v -0.015553 0.002573 -0.105758
v -0.016553 -0.002427 -0.104758
v -0.006553 -0.002427 -0.114758
v -0.016553 -0.002427 -0.114758
v -0.015553 0.002573 -0.113758
v -0.007553 0.002573 -0.113758
v -0.006553 -0.002427 -0.114758
v -0.007553 0.002573 -0.115758
v -0.015553 0.002573 -0.115758
v -0.016553 -0.002427 -0.114758
v -0.006553 -0.002427 -0.124758
v -0.016553 -0.002427 -0.124758
v -0.015553 0.002573 -0.123758
v -0.007553 0.002573 -0.123758
v 0.013447 -0.002427 -0.124758
v 0.012447 0.002573 -0.123758
v 0.012447 0.002573 -0.115758
v 0.013447 -0.002427 -0.114758
v -0.006553 -0.002427 -0.124758
v -0.006553 -0.002427 -0.114758
v -0.005553 0.002573 -0.115758
v -0.005553 0.002573 -0.123758
v 0.033447 -0.002427 -0.124758
v 0.032447 0.002573 -0.123758
v 0.032447 0.002573 -0.115758
v 0.033447 -0.002427 -0.114758
v 0.013447 -0.002427 -0.124758
v 0.013447 -0.002427 -0.114758
v 0.014447 0.002573 -0.115758
v 0.014447 0.002573 -0.123758
v 0.003447 -0.002427 -0.104758
v 0.002447 0.002573 -0.105758
v -0.005553 0.002573 -0.105758
v -0.006553 -0.002427 -0.104758
v 0.003447 -0.002427 -0.114758
v -0.006553 -0.002427 -0.114758
v -0.005553 0.002573 -0.113758
v 0.002447 0.002573 -0.113758
v 0.003447 -0.002427 -0.094758
v 0.002447 0.002573 -0.095758
v -0.005553 0.002573 -0.095758
v -0.006553 -0.002427 -0.094758
v 0.003447 -0.002427 -0.104758
v -0.006553 -0.002427 -0.104758
v -0.005553 0.002573 -0.103758
v 0.002447 0.002573 -0.103758
v 0.003447 -0.002427 -0.084758
v 0.002447 0.002573 -0.085758
v -0.005553 0.002573 -0.085758
v -0.006553 -0.002427 -0.084758
v 0.003447 -0.002427 -0.094758
v -0.006553 -0.002427 -0.094758
v -0.005553 0.002573 -0.093758
v 0.002447 0.002573 -0.093758
v 0.013447 -0.002427 -0.104758
v 0.012447 0.002573 -0.105758
v 0.004447 0.002573 -0.105758
v 0.003447 -0.002427 -0.104758
v 0.013447 -0.002427 -0.114758
v 0.003447 -0.002427 -0.114758
v 0.004447 0.002573 -0.113758
v 0.012447 0.002573 -0.113758
v 0.013447 -0.002427 -0.094758
v 0.012447 0.002573 -0.095758
v 0.004447 0.002573 -0.095758
v 0.003447 -0.002427 -0.094758
v 0.013447 -0.002427 -0.104758
v 0.003447 -0.002427 -0.104758
v 0.004447 0.002573 -0.103758
v 0.012447 0.002573 -0.103758
v 0.013447 -0.002427 -0.084758
v 0.012447 0.002573 -0.085758
v 0.004447 0.002573 -0.085758
v 0.003447 -0.002427 -0.084758
v 0.013447 -0.002427 -0.094758
v 0.003447 -0.002427 -0.094758
v 0.004447 0.002573 -0.093758
v 0.012447 0.002573 -0.093758
v 0.023447 -0.002427 -0.104758
v 0.022447 0.002573 -0.105758
v 0.014447 0.002573 -0.105758
v 0.013447 -0.002427 -0.104758
v 0.023447 -0.002427 -0.114758
v 0.013447 -0.002427 -0.114758
v 0.014447 0.002573 -0.113758
v 0.022447 0.002573 -0.113758
v 0.023447 -0.002427 -0.094758
v 0.022447 0.002573 -0.095758
v 0.014447 0.002573 -0.095758
v 0.013447 -0.002427 -0.094758
v 0.023447 -0.002427 -0.104758
v 0.013447 -0.002427 -0.104758
v 0.014447 0.002573 -0.103758
v 0.022447 0.002573 -0.103758
v 0.023447 -0.002427 -0.084758
v 0.022447 0.002573 -0.085758
v 0.014447 0.002573 -0.085758
v 0.013447 -0.002427 -0.084758
v 0.023447 -0.002427 -0.094758
v 0.013447 -0.002427 -0.094758
v 0.014447 0.002573 -0.093758
v 0.022447 0.002573 -0.093758
v 0.033447 -0.002427 -0.084758
v 0.032447 0.002573 -0.085758
v 0.024447 0.002573 -0.085758
v 0.023447 -0.002427 -0.084758
v 0.033447 -0.002427 -0.104758
v 0.023447 -0.002427 -0.104758
v 0.024447 0.002573 -0.103758
v 0.032447 0.002573 -0.103758
v 0.033447 -0.002427 -0.104758
v 0.032447 0.002573 -0.105758
v 0.024447 0.002573 -0.105758
v 0.023447 -0.002427 -0.104758
v 0.033447 -0.002427 -0.114758
v 0.023447 -0.002427 -0.114758
v 0.024447 0.002573 -0.113758
v 0.032447 0.002573 -0.113758
v -0.026553 -0.002427 0.115242
v -0.027553 0.002573 0.114242
v -0.035553 0.002573 0.114242
v -0.036553 -0.002427 0.115242
v -0.026553 -0.002427 0.105242
v -0.036553 -0.002427 0.105242
v -0.035553 0.002573 0.106242
v -0.027553 0.002573 0.106242
v 0.033447 -0.002427 0.075242
v 0.032447 0.002573 0.074242
v 0.024447 0.002573 0.074242
v 0.023447 -0.002427 0.075242
v 0.033447 -0.002427 -0.014758
v 0.023447 -0.002427 -0.014758
v 0.024447 0.002573 -0.013758
v 0.032447 0.002573 -0.013758
v -0.026553 -0.002427 0.085242
v -0.027553 0.002573 0.084242
v -0.035553 0.002573 0.084242
v -0.036553 -0.002427 0.085242
v -0.026553 -0.002427 0.075242
v -0.036553 -0.002427 0.075242
v -0.035553 0.002573 0.076242
v -0.027553 0.002573 0.076242
v -0.026553 -0.002427 0.075242
v -0.027553 0.002573 0.074242
v -0.035553 0.002573 0.074242
v -0.036553 -0.002427 0.075242
v -0.026553 -0.002427 0.065242
v -0.036553 -0.002427 0.065242
v -0.035553 0.002573 0.066242
v -0.027553 0.002573 0.066242
v -0.026553 -0.002427 0.065242
v -0.027553 0.002573 0.064242
v -0.035553 0.002573 0.064242
v -0.036553 -0.002427 0.065242
v -0.026553 -0.002427 0.055242
v -0.036553 -0.002427 0.055242
v -0.035553 0.002573 0.056242
v -0.027553 0.002573 0.056242
v -0.026553 -0.002427 0.055242
v -0.027553 0.002573 0.054242
v -0.035553 0.002573 0.054242
v -0.036553 -0.002427 0.055242
v -0.026553 -0.002427 0.045242
v -0.036553 -0.002427 0.045242
v -0.035553 0.002573 0.046242
v -0.027553 0.002573 0.046242
v -0.026553 -0.002427 0.035242
v -0.027553 0.002573 0.034242
v -0.035553 0.002573 0.034242
v -0.036553 -0.002427 0.035242
v -0.026553 -0.002427 0.025242
v -0.036553 -0.002427 0.025242
v -0.035553 0.002573 0.026242
v -0.027553 0.002573 0.026242
v -0.026553 -0.002427 0.025242
v -0.027553 0.002573 0.024242
v -0.035553 0.002573 0.024242
v -0.036553 -0.002427 0.025242
v -0.026553 -0.002427 0.015242
v -0.036553 -0.002427 0.015242
v -0.035553 0.002573 0.016242
v -0.027553 0.002573 0.016242
v -0.026553 -0.002427 0.015242
v -0.027553 0.002573 0.014242
v -0.035553 0.002573 0.014242
v -0.036553 -0.002427 0.015242
v -0.026553 -0.002427 0.005242
v -0.036553 -0.002427 0.005242
v -0.035553 0.002573 0.006242
v -0.027553 0.002573 0.006242
v -0.026553 -0.002427 0.005242
v -0.027553 0.002573 0.004242
v -0.035553 0.002573 0.004242
v -0.036553 -0.002427 0.005242
v -0.026553 -0.002427 -0.004758
v -0.036553 -0.002427 -0.004758
v -0.035553 0.002573 -0.003758
v -0.027553 0.002573 -0.003758
v -0.026553 -0.002427 -0.014758
v -0.027553 0.002573 -0.015758
v -0.035553 0.002573 -0.015758
v -0.036553 -0.002427 -0.014758
v -0.026553 -0.002427 -0.024758
v -0.036553 -0.002427 -0.024758
v -0.035553 0.002573 -0.023758
v -0.027553 0.002573 -0.023758
v -0.026553 -0.002427 -0.024758
v -0.027553 0.002573 -0.025758
v -0.035553 0.002573 -0.025758
v -0.036553 -0.002427 -0.024758
v -0.026553 -0.002427 -0.034758
v -0.036553 -0.002427 -0.034758
v -0.035553 0.002573 -0.033758
v -0.027553 0.002573 -0.033758
v -0.026553 -0.002427 -0.034758
v -0.027553 0.002573 -0.035758
v -0.035553 0.002573 -0.035758
v -0.036553 -0.002427 -0.034758
v -0.026553 -0.002427 -0.044758
v -0.036553 -0.002427 -0.044758
v -0.035553 0.002573 -0.043758
v -0.027553 0.002573 -0.043758
v -0.026553 -0.002427 -0.044758
v -0.027553 0.002573 -0.045758
v -0.035553 0.002573 -0.045758
v -0.036553 -0.002427 -0.044758
v -0.026553 -0.002427 -0.054758
v -0.036553 -0.002427 -0.054758
v -0.035553 0.002573 -0.053758
v -0.027553 0.002573 -0.053758
v -0.006553 -0.002427 0.115242
v -0.007553 0.002573 0.114242
v -0.015553 0.002573 0.114242
v -0.016553 -0.002427 0.115242
v -0.006553 -0.002427 0.105242
v -0.016553 -0.002427 0.105242
v -0.015553 0.002573 0.106242
v -0.007553 0.002573 0.106242
v -0.006553 -0.002427 0.105242
v -0.007553 0.002573 0.104242
v -0.015553 0.002573 0.104242
v -0.016553 -0.002427 0.105242
v -0.006553 -0.002427 0.095242
v -0.016553 -0.002427 0.095242
v -0.015553 0.002573 0.096242
v -0.007553 0.002573 0.096242
v -0.006553 -0.002427 0.095242
v -0.007553 0.002573 0.094242
v -0.015553 0.002573 0.094242
v -0.016553 -0.002427 0.095242
v -0.006553 -0.002427 0.085242
v -0.016553 -0.002427 0.085242
v -0.015553 0.002573 0.086242
v -0.007553 0.002573 0.086242
v -0.006553 -0.002427 0.065242
v -0.007553 0.002573 0.064242
v -0.015553 0.002573 0.064242
v -0.016553 -0.002427 0.065242
v -0.006553 -0.002427 0.055242
v -0.016553 -0.002427 0.055242
v -0.015553 0.002573 0.056242
v -0.007553 0.002573 0.056242
v -0.006553 -0.002427 0.075242
v -0.007553 0.002573 0.074242
v -0.015553 0.002573 0.074242
v -0.016553 -0.002427 0.075242
v -0.006553 -0.002427 0.065242
v -0.016553 -0.002427 0.065242
v -0.015553 0.002573 0.066242
v -0.007553 0.002573 0.066242
v -0.006553 -0.002427 0.085242
v -0.007553 0.002573 0.084242
v -0.015553 0.002573 0.084242
v -0.016553 -0.002427 0.085242
v -0.006553 -0.002427 0.075242
v -0.016553 -0.002427 0.075242
v -0.015553 0.002573 0.076242
v -0.007553 0.002573 0.076242
v -0.006553 -0.002427 0.055242
v -0.007553 0.002573 0.054242
v -0.015553 0.002573 0.054242
v -0.016553 -0.002427 0.055242
v -0.006553 -0.002427 0.045242
v -0.016553 -0.002427 0.045242
v -0.015553 0.002573 0.046242
v -0.007553 0.002573 0.046242
v -0.006553 -0.002427 0.045242
v -0.007553 0.002573 0.044242
v -0.015553 0.002573 0.044242
v -0.016553 -0.002427 0.045242
v -0.006553 -0.002427 0.035242
v -0.016553 -0.002427 0.035242
v -0.015553 0.002573 0.036242
v -0.007553 0.002573 0.036242
v -0.006553 -0.002427 0.035242
v -0.007553 0.002573 0.034242
v -0.015553 0.002573 0.034242
v -0.016553 -0.002427 0.035242
v -0.006553 -0.002427 0.025242
v -0.016553 -0.002427 0.025242
v -0.015553 0.002573 0.026242
v -0.007553 0.002573 0.026242
v -0.006553 -0.002427 0.025242
v -0.007553 0.002573 0.024242
v -0.015553 0.002573 0.024242
v -0.016553 -0.002427 0.025242
v -0.006553 -0.002427 0.015242
v -0.016553 -0.002427 0.015242
v -0.015553 0.002573 0.016242
v -0.007553 0.002573 0.016242
v -0.006553 -0.002427 0.015242
v -0.007553 0.002573 0.014242
v -0.015553 0.002573 0.014242
v -0.016553 -0.002427 0.015242
v -0.006553 -0.002427 0.005242
v -0.016553 -0.002427 0.005242
v -0.015553 0.002573 0.006242
v -0.007553 0.002573 0.006242
v -0.006553 -0.002427 0.005242
v -0.007553 0.002573 0.004242
v -0.015553 0.002573 0.004242
v -0.016553 -0.002427 0.005242
v -0.006553 -0.002427 -0.004758
v -0.016553 -0.002427 -0.004758
v -0.015553 0.002573 -0.003758
v -0.007553 0.002573 -0.003758
v -0.006553 -0.002427 -0.004758
v -0.007553 0.002573 -0.005758
v -0.015553 0.002573 -0.005758
v -0.016553 -0.002427 -0.004758
v -0.006553 -0.002427 -0.014758
v -0.016553 -0.002427 -0.014758
v -0.015553 0.002573 -0.013758
v -0.007553 0.002573 -0.013758
vn -0.0000 0.1961 0.9806
vn -0.0000 -1.0000 -0.0000
vn -0.0000 1.0000 -0.0000
vn -0.9806 0.1961 -0.0000
vn 0.9806 0.1961 -0.0000
vn -0.0000 0.1961 -0.9806
vn -1.0000 -0.0000 -0.0000
vn -0.0000 -0.0000 1.0000
vn 1.0000 -0.0000 -0.0000
vn -0.0000 -0.0000 -1.0000
vt 0.334435 0.921103
vt 0.318674 0.918012
vt 0.318674 0.893284
vt 0.334435 0.890193
vt 0.780573 0.482187
vt 0.811483 0.482187
vt 0.811483 0.513097
vt 0.780573 0.513097
vt 0.426551 0.834556
vt 0.426551 0.859284
vt 0.401823 0.859284
vt 0.401823 0.834556
vt 0.195097 0.952012
vt 0.179336 0.948921
vt 0.179336 0.924194
vt 0.195097 0.921103
vt 0.151762 0.952012
vt 0.136001 0.948922
vt 0.136001 0.924194
vt 0.151762 0.921103
vt 0.355765 0.921103
vt 0.340004 0.918012
vt 0.340004 0.893284
vt 0.355765 0.890193
vt 0.556371 -0.000000
vt 0.586692 -0.000000
vt 0.586692 0.803647
vt 0.556371 0.803647
vt 0.617013 0.278185
vt 0.647333 0.278185
vt 0.647333 0.556371
vt 0.617013 0.556371
vt 0.586692 -0.000000
vt 0.617013 0.000000
vt 0.617013 0.803647
vt 0.647333 0.278185
vt 0.677654 0.278185
vt 0.677654 0.556371
vt 0.647333 0.556371
vt 0.278185 0.803647
vt 0.000000 0.803647
vt 0.000000 0.000000
vt 0.278185 0.000000
vt 0.556371 0.803647
vt 0.278186 0.803647
vt 0.278186 -0.000000
vt 0.556371 -0.000000
vt 0.902604 0.030909
vt 0.886843 0.027819
vt 0.886843 0.003091
vt 0.902604 -0.000000
vt 0.678832 0.704736
vt 0.678832 0.642917
vt 0.709741 0.642917
vt 0.709741 0.704736
vt 0.749664 0.457460
vt 0.749664 0.513097
vt 0.724936 0.513097
vt 0.724936 0.457460
vt 0.709176 0.556371
vt 0.693415 0.553280
vt 0.693415 0.497643
vt 0.709176 0.494552
vt 0.740697 0.574916
vt 0.724936 0.571825
vt 0.724936 0.516188
vt 0.740697 0.513097
vt 0.893025 0.890194
vt 0.877264 0.887103
vt 0.877264 0.862375
vt 0.893025 0.859284
vt 0.639567 0.921103
vt 0.623807 0.918012
vt 0.623807 0.893284
vt 0.639567 0.890193
vt 0.781139 0.241094
vt 0.812048 0.241094
vt 0.812048 0.272003
vt 0.781139 0.272003
vt 0.272004 0.834556
vt 0.272004 0.859284
vt 0.247276 0.859284
vt 0.247276 0.834556
vt 0.702610 0.952012
vt 0.686850 0.948921
vt 0.686850 0.924194
vt 0.702610 0.921103
vt 0.970651 0.315277
vt 0.954891 0.312186
vt 0.954891 0.287458
vt 0.970651 0.284367
vt 0.655328 0.921103
vt 0.639567 0.918012
vt 0.639567 0.893284
vt 0.655328 0.890193
vt 0.821627 0.908739
vt 0.805866 0.905648
vt 0.805866 0.880921
vt 0.821627 0.877830
vt 0.617013 0.710918
vt 0.617013 0.649099
vt 0.647922 0.649099
vt 0.647922 0.710918
vt 0.749664 0.401823
vt 0.724936 0.457460
vt 0.724936 0.401823
vt 0.744048 0.642917
vt 0.728287 0.639826
vt 0.728287 0.584189
vt 0.744048 0.581098
vt 0.750229 0.704736
vt 0.734469 0.701645
vt 0.734469 0.646008
vt 0.750229 0.642917
vt 0.908220 0.457460
vt 0.892460 0.454369
vt 0.892460 0.429642
vt 0.908220 0.426551
vt 0.671089 0.921103
vt 0.655328 0.918012
vt 0.655328 0.893284
vt 0.671089 0.890193
vt 0.647922 0.556371
vt 0.713138 -0.000000
vt 0.713138 0.086547
vt 0.688410 0.086547
vt 0.688410 -0.000000
vt 0.693415 0.491461
vt 0.693415 0.404914
vt 0.709176 0.401823
vt 0.724936 0.494552
vt 0.709176 0.491461
vt 0.709176 0.404914
vt 0.724936 0.401823
vt 0.893025 0.204003
vt 0.877264 0.200912
vt 0.877264 0.176184
vt 0.893025 0.173093
vt 0.577136 0.939649
vt 0.561375 0.936558
vt 0.561375 0.911830
vt 0.577136 0.908739
vt 0.678832 0.649099
vt 0.678832 0.710918
vt 0.737866 -0.000000
vt 0.737866 0.055637
vt 0.713138 0.055637
vt 0.713138 -0.000000
vt 0.753626 0.061819
vt 0.737866 0.058728
vt 0.737866 0.003091
vt 0.753626 -0.000000
vt 0.750842 0.148366
vt 0.735081 0.145275
vt 0.735081 0.089637
vt 0.750842 0.086547
vt 0.741263 0.896375
vt 0.725502 0.893284
vt 0.725502 0.868557
vt 0.741263 0.865466
vt 0.024727 0.945830
vt 0.008967 0.942739
vt 0.008967 0.918012
vt 0.024727 0.914921
vt 0.061819 0.803647
vt 0.092728 0.803647
vt 0.092728 0.834556
vt 0.061819 0.834556
vt 0.762593 0.061819
vt 0.762593 0.086547
vt 0.737866 0.086547
vt 0.737866 0.061819
vt 0.368466 0.982922
vt 0.352705 0.979831
vt 0.352705 0.955103
vt 0.368466 0.952012
vt 0.273901 0.982922
vt 0.258140 0.979831
vt 0.258140 0.955103
vt 0.273901 0.952012
vt 0.787933 0.939649
vt 0.772172 0.936558
vt 0.772172 0.911830
vt 0.787933 0.908739
vt 0.772172 0.939649
vt 0.756412 0.936558
vt 0.756412 0.911830
vt 0.772172 0.908739
vt 0.123638 0.803647
vt 0.123638 0.834556
vt 0.812049 0.828375
vt 0.812049 0.853102
vt 0.787321 0.853102
vt 0.787321 0.828375
vt 0.258140 0.982922
vt 0.242379 0.979831
vt 0.242379 0.955103
vt 0.258140 0.952012
vt 0.352705 0.982922
vt 0.336944 0.979831
vt 0.336944 0.955103
vt 0.352705 0.952012
vt 0.930729 0.828375
vt 0.914968 0.825284
vt 0.914968 0.800556
vt 0.930729 0.797465
vt 0.577136 0.908739
vt 0.561375 0.905648
vt 0.561375 0.880921
vt 0.577136 0.877830
vt 0.759808 0.612008
vt 0.759808 0.581098
vt 0.790718 0.581098
vt 0.790718 0.612008
vt 0.725502 0.871648
vt 0.700774 0.871648
vt 0.700774 0.846920
vt 0.725502 0.846920
vt 0.886843 0.234912
vt 0.871083 0.231821
vt 0.871083 0.207094
vt 0.886843 0.204003
vt 0.250673 0.890194
vt 0.234912 0.887102
vt 0.234912 0.862375
vt 0.250673 0.859284
vt 0.902604 0.612008
vt 0.886843 0.608917
vt 0.886843 0.584189
vt 0.902604 0.581098
vt 0.837388 0.939649
vt 0.821627 0.936558
vt 0.821627 0.911830
vt 0.837388 0.908739
vt 0.154547 0.803647
vt 0.154547 0.834556
vt 0.784536 0.148365
vt 0.784536 0.173093
vt 0.759808 0.173093
vt 0.759808 0.148365
vt 0.384226 0.982922
vt 0.368466 0.979831
vt 0.368466 0.955103
vt 0.384226 0.952012
vt 0.970652 0.408005
vt 0.954891 0.404914
vt 0.954891 0.380187
vt 0.970652 0.377096
vt 0.686850 0.921103
vt 0.671089 0.918012
vt 0.671089 0.893284
vt 0.686850 0.890193
vt 0.686850 0.952012
vt 0.671089 0.948921
vt 0.671089 0.924194
vt 0.185457 0.803647
vt 0.185457 0.834556
vt 0.781139 0.828375
vt 0.781139 0.853102
vt 0.756411 0.853102
vt 0.756411 0.828375
vt 0.289662 0.982922
vt 0.273901 0.979831
vt 0.273901 0.955103
vt 0.289662 0.952012
vt 0.623807 0.952012
vt 0.608046 0.948921
vt 0.608046 0.924194
vt 0.623807 0.921103
vt 0.608046 0.952012
vt 0.592285 0.948921
vt 0.592285 0.924194
vt 0.608046 0.921103
vt 0.908786 0.086547
vt 0.893025 0.083456
vt 0.893025 0.058728
vt 0.908786 0.055637
vt 0.688411 0.148365
vt 0.688411 0.086547
vt 0.719320 0.086547
vt 0.719320 0.148365
vt 0.749052 0.340004
vt 0.749052 0.395641
vt 0.724324 0.395641
vt 0.724324 0.340004
vt 0.725502 0.760373
vt 0.709741 0.757282
vt 0.709741 0.701645
vt 0.725502 0.698554
vt 0.764813 0.340004
vt 0.749052 0.336913
vt 0.749052 0.281276
vt 0.764813 0.278185
vt 0.494552 0.921103
vt 0.478791 0.918012
vt 0.478791 0.893284
vt 0.494552 0.890194
vt 0.853149 0.939649
vt 0.837388 0.936558
vt 0.837388 0.911830
vt 0.853149 0.908739
vt 0.688411 0.272003
vt 0.688411 0.210184
vt 0.719320 0.210184
vt 0.719320 0.272003
vt 0.744048 0.179275
vt 0.744048 0.234912
vt 0.719320 0.234912
vt 0.719320 0.179275
vt 0.765425 0.463642
vt 0.749664 0.460551
vt 0.749664 0.404914
vt 0.765425 0.401823
vt 0.765990 0.704736
vt 0.750229 0.701645
vt 0.750229 0.646008
vt 0.765990 0.642917
vt 0.639567 0.952012
vt 0.623807 0.948921
vt 0.623807 0.924194
vt 0.639567 0.921103
vt 0.686850 0.918012
vt 0.686850 0.893284
vt 0.702610 0.890193
vt 0.647922 0.649099
vt 0.678832 0.556371
vt 0.678832 0.649099
vt 0.703559 0.556371
vt 0.703559 0.642917
vt 0.678832 0.556371
vt 0.735081 0.179275
vt 0.719320 0.176184
vt 0.719320 0.089637
vt 0.735081 0.086547
vt 0.724936 0.587280
vt 0.709176 0.584189
vt 0.709176 0.497643
vt 0.724936 0.494552
vt 0.608046 0.921103
vt 0.592285 0.918012
vt 0.592285 0.893284
vt 0.608046 0.890193
vt 0.821627 0.939649
vt 0.805866 0.936558
vt 0.805866 0.911830
vt 0.821627 0.908739
vt 0.811483 0.482188
vt 0.842392 0.482188
vt 0.842392 0.513097
vt 0.811483 0.513097
vt 0.725502 0.822192
vt 0.725502 0.846920
vt 0.700774 0.846920
vt 0.700774 0.822192
vt 0.210858 0.982922
vt 0.195097 0.979831
vt 0.195097 0.955103
vt 0.210858 0.952012
vt 0.195097 0.982922
vt 0.179336 0.979831
vt 0.179336 0.955103
vt 0.805866 0.939649
vt 0.790106 0.936558
vt 0.790106 0.911830
vt 0.805866 0.908739
vt 0.908786 0.204003
vt 0.893025 0.200912
vt 0.893025 0.176184
vt 0.908786 0.173093
vt 0.759808 0.204003
vt 0.759808 0.173093
vt 0.790718 0.173093
vt 0.790718 0.204003
vt 0.873914 0.568734
vt 0.849186 0.568734
vt 0.849186 0.544007
vt 0.873914 0.544007
vt 0.318674 0.890193
vt 0.302913 0.887102
vt 0.302913 0.862375
vt 0.318674 0.859284
vt 0.195036 0.890193
vt 0.179275 0.887102
vt 0.179275 0.862375
vt 0.195036 0.859284
vt 0.908786 0.704736
vt 0.893025 0.701645
vt 0.893025 0.676918
vt 0.908786 0.673827
vt 0.671089 0.952012
vt 0.655328 0.948921
vt 0.655328 0.924194
vt 0.671089 0.921103
vt 0.812048 0.241094
vt 0.842958 0.241094
vt 0.842958 0.272003
vt 0.812048 0.272003
vt 0.858719 0.148365
vt 0.858719 0.173093
vt 0.833991 0.173093
vt 0.833991 0.148365
vt 0.226619 0.982922
vt 0.210858 0.979831
vt 0.210858 0.955103
vt 0.226619 0.952012
vt 0.463030 0.982922
vt 0.447269 0.979831
vt 0.447269 0.955103
vt 0.463030 0.952012
vt 0.655328 0.952012
vt 0.639567 0.948921
vt 0.639567 0.924194
vt 0.655328 0.921103
vt 0.949886 0.642917
vt 0.934126 0.639826
vt 0.934126 0.615099
vt 0.949886 0.612008
vt 0.812048 0.704737
vt 0.842958 0.704737
vt 0.842958 0.735646
vt 0.812048 0.735646
vt 0.851359 0.309095
vt 0.851359 0.333822
vt 0.826632 0.333822
vt 0.826632 0.309095
vt 0.399987 0.982922
vt 0.384226 0.979831
vt 0.384226 0.955103
vt 0.399987 0.952012
vt 0.447269 0.982922
vt 0.431509 0.979831
vt 0.431509 0.955103
vt 0.447269 0.952012
vt 0.893025 0.952013
vt 0.877264 0.948922
vt 0.877264 0.924194
vt 0.893025 0.921103
vt 0.557595 0.952012
vt 0.541834 0.948921
vt 0.541834 0.924194
vt 0.557595 0.921103
vt 0.812048 0.766556
vt 0.842958 0.766556
vt 0.842958 0.797465
vt 0.812048 0.797465
vt 0.851359 0.370914
vt 0.851359 0.395641
vt 0.826632 0.395641
vt 0.826632 0.370914
vt 0.431509 0.982922
vt 0.415748 0.979831
vt 0.415748 0.955103
vt 0.431509 0.952012
vt 0.478791 0.982922
vt 0.463030 0.979831
vt 0.463030 0.955103
vt 0.478791 0.952012
vt 0.258140 0.948921
vt 0.258140 0.924194
vt 0.273901 0.921103
vt 0.541834 0.952012
vt 0.526073 0.948921
vt 0.526073 0.924194
vt 0.541834 0.921103
vt 0.812048 0.735646
vt 0.842958 0.735646
vt 0.842958 0.766556
vt 0.812048 0.766556
vt 0.148365 0.834556
vt 0.148365 0.859284
vt 0.123638 0.859284
vt 0.123638 0.834556
vt 0.541834 0.982922
vt 0.526073 0.979831
vt 0.526073 0.955103
vt 0.541834 0.952012
vt 0.151762 0.982922
vt 0.136001 0.979831
vt 0.136001 0.955103
vt 0.908786 0.952013
vt 0.893025 0.948922
vt 0.893025 0.924194
vt 0.908786 0.921103
vt 0.526073 0.952012
vt 0.510313 0.948921
vt 0.510313 0.924194
vt 0.526073 0.921103
vt 0.812048 0.797465
vt 0.842958 0.797465
vt 0.842958 0.828375
vt 0.812048 0.828375
vt 0.851359 0.346186
vt 0.826632 0.346186
vt 0.557595 0.982922
vt 0.541834 0.979831
vt 0.541834 0.955103
vt 0.557595 0.952012
vt 0.510313 0.982922
vt 0.494552 0.979831
vt 0.494552 0.955103
vt 0.510313 0.952012
vt 0.494552 0.948921
vt 0.494552 0.924194
vt 0.510313 0.921103
vt 0.796900 0.908739
vt 0.781139 0.905648
vt 0.781139 0.880921
vt 0.796900 0.877830
vt 0.756458 0.544007
vt 0.756458 0.513097
vt 0.787368 0.513097
vt 0.787367 0.544007
vt 0.873914 0.544007
vt 0.849186 0.544007
vt 0.849186 0.519279
vt 0.873914 0.519279
vt 0.272004 0.890194
vt 0.256243 0.887102
vt 0.256243 0.862375
vt 0.411402 0.890194
vt 0.395642 0.887102
vt 0.395642 0.862375
vt 0.411402 0.859284
vt 0.907608 0.377096
vt 0.891848 0.374005
vt 0.891848 0.349277
vt 0.907608 0.346186
vt 0.258140 0.952012
vt 0.242379 0.948921
vt 0.242379 0.924194
vt 0.258140 0.921103
vt 0.812661 0.086547
vt 0.843570 0.086547
vt 0.843570 0.117456
vt 0.812661 0.117456
vt 0.851359 0.284367
vt 0.826632 0.284367
vt 0.494552 0.982922
vt 0.478791 0.979831
vt 0.478791 0.955103
vt 0.494552 0.952012
vt 0.526073 0.982922
vt 0.510313 0.979831
vt 0.510313 0.955103
vt 0.526073 0.952012
vt 0.494552 0.952012
vt 0.478791 0.948921
vt 0.478791 0.924194
vt 0.494552 0.921103
vt 0.478791 0.952012
vt 0.463030 0.948921
vt 0.463030 0.924194
vt 0.478791 0.921103
vt 0.812661 0.117456
vt 0.843570 0.117456
vt 0.843570 0.148366
vt 0.812661 0.148366
vt 0.787321 0.061819
vt 0.787321 0.086547
vt 0.762593 0.086547
vt 0.762593 0.061819
vt 0.655328 0.982922
vt 0.639567 0.979831
vt 0.639567 0.955103
vt 0.639567 0.982922
vt 0.623807 0.979831
vt 0.623807 0.955103
vt 0.463030 0.952012
vt 0.447269 0.948921
vt 0.447269 0.924194
vt 0.463030 0.921103
vt 0.447269 0.952012
vt 0.431509 0.948921
vt 0.431509 0.924194
vt 0.447269 0.921103
vt 0.815445 0.030910
vt 0.846355 0.030910
vt 0.846355 0.061819
vt 0.815445 0.061819
vt 0.086547 0.834556
vt 0.086547 0.859284
vt 0.061819 0.859284
vt 0.061819 0.834556
vt 0.608046 0.982922
vt 0.592285 0.979831
vt 0.592285 0.955103
vt 0.608046 0.952012
vt 0.671089 0.982922
vt 0.655328 0.979831
vt 0.655328 0.955103
vt 0.671089 0.952012
vt 0.415748 0.948921
vt 0.415748 0.924194
vt 0.431509 0.921103
vt 0.242379 0.952012
vt 0.226619 0.948921
vt 0.226619 0.924194
vt 0.242379 0.921103
vt 0.815445 0.000000
vt 0.846355 0.000000
vt 0.851971 0.432733
vt 0.851971 0.457460
vt 0.827244 0.457460
vt 0.827244 0.432733
vt 0.702610 0.982922
vt 0.686850 0.979831
vt 0.686850 0.955103
vt 0.686850 0.982922
vt 0.671089 0.979831
vt 0.671089 0.955103
vt 0.686850 0.952012
vt 0.170308 0.945830
vt 0.154547 0.942739
vt 0.154547 0.918012
vt 0.170308 0.914921
vt 0.908786 0.890194
vt 0.893025 0.887103
vt 0.893025 0.862375
vt 0.908786 0.859284
vt 0.781139 0.766556
vt 0.812048 0.797465
vt 0.781139 0.797465
vt 0.370914 0.834556
vt 0.370914 0.859284
vt 0.346186 0.859284
vt 0.346186 0.834556
vt 0.877264 0.952013
vt 0.861504 0.948922
vt 0.861504 0.924194
vt 0.877264 0.921103
vt 0.970651 0.346186
vt 0.954891 0.343095
vt 0.954891 0.318368
vt 0.970651 0.315277
vt 0.024727 0.914921
vt 0.008967 0.911830
vt 0.008967 0.887102
vt 0.024727 0.884011
vt 0.899207 0.766556
vt 0.883446 0.763465
vt 0.883446 0.738737
vt 0.899207 0.735646
vt 0.750230 0.735646
vt 0.750230 0.704736
vt 0.781139 0.704736
vt 0.781139 0.735646
vt 0.861503 0.877830
vt 0.836776 0.877830
vt 0.836776 0.853102
vt 0.861503 0.853102
vt 0.886843 0.642917
vt 0.871082 0.639826
vt 0.871082 0.615099
vt 0.886843 0.612008
vt 0.877265 0.086547
vt 0.861504 0.083456
vt 0.861504 0.058728
vt 0.877265 0.055637
vt 0.899207 0.797465
vt 0.883446 0.794374
vt 0.883446 0.769647
vt 0.526073 0.921103
vt 0.510312 0.918012
vt 0.510312 0.893284
vt 0.526073 0.890193
vt 0.781139 0.735646
vt 0.812048 0.735646
vt 0.781139 0.766556
vt 0.750229 0.840738
vt 0.750229 0.865466
vt 0.725502 0.865466
vt 0.725502 0.840738
vt 0.940307 0.952013
vt 0.924547 0.948922
vt 0.924547 0.924194
vt 0.940307 0.921103
vt 0.971264 0.457460
vt 0.955503 0.454369
vt 0.955503 0.429642
vt 0.971264 0.426551
vt 0.510313 0.921103
vt 0.494552 0.918012
vt 0.494552 0.893284
vt 0.510313 0.890194
vt 0.893025 0.918012
vt 0.893025 0.893285
vt 0.908786 0.890194
vt 0.812048 0.704736
vt 0.812048 0.735646
vt 0.781139 0.735646
vt 0.867120 0.482188
vt 0.867120 0.506915
vt 0.842392 0.506915
vt 0.842392 0.482188
vt 0.924547 0.952013
vt 0.908786 0.948922
vt 0.908786 0.924194
vt 0.924547 0.921103
vt 0.952718 0.574916
vt 0.936957 0.571825
vt 0.936957 0.547097
vt 0.952718 0.544007
vt 0.893025 0.921103
vt 0.877264 0.918012
vt 0.877264 0.893285
vt 0.893025 0.890194
vt 0.877264 0.921103
vt 0.861504 0.918012
vt 0.861504 0.893285
vt 0.877264 0.890194
vt 0.781751 0.117456
vt 0.812661 0.148366
vt 0.781751 0.148366
vt 0.867686 0.247276
vt 0.867686 0.272003
vt 0.842958 0.272003
vt 0.842958 0.247276
vt 0.952718 0.544007
vt 0.936957 0.540916
vt 0.936957 0.516188
vt 0.952718 0.513097
vt 0.954891 0.377096
vt 0.939130 0.374005
vt 0.939130 0.349277
vt 0.954891 0.346186
vt 0.921196 0.574916
vt 0.905435 0.571825
vt 0.905435 0.547098
vt 0.921196 0.544007
vt 0.921196 0.544007
vt 0.905435 0.540916
vt 0.905435 0.516188
vt 0.921196 0.513097
vt 0.781751 0.086547
vt 0.812661 0.086547
vt 0.781751 0.117456
vt 0.340004 0.834556
vt 0.340004 0.859284
vt 0.315277 0.859284
vt 0.315277 0.834556
vt 0.971829 0.204003
vt 0.956068 0.200912
vt 0.956068 0.176184
vt 0.971829 0.173093
vt 0.971829 0.086547
vt 0.956068 0.083456
vt 0.956068 0.058728
vt 0.971829 0.055637
vt 0.931341 0.142184
vt 0.915580 0.139093
vt 0.915580 0.114365
vt 0.931341 0.111274
vt 0.923369 0.346186
vt 0.907608 0.343095
vt 0.907608 0.318368
vt 0.923369 0.315277
vt 0.784536 0.030910
vt 0.815445 0.030910
vt 0.815445 0.061819
vt 0.784536 0.061819
vt 0.519279 0.834556
vt 0.519279 0.859284
vt 0.494552 0.859284
vt 0.494552 0.834556
vt 0.954891 0.346186
vt 0.939130 0.343095
vt 0.939130 0.318368
vt 0.954891 0.315277
vt 0.954891 0.315277
vt 0.939130 0.312186
vt 0.939130 0.287458
vt 0.954891 0.284367
vt 0.923369 0.377096
vt 0.907608 0.374005
vt 0.907608 0.349277
vt 0.899207 0.735646
vt 0.883446 0.732555
vt 0.883446 0.707828
vt 0.899207 0.704737
vt 0.617013 0.772738
vt 0.617013 0.741828
vt 0.647922 0.741828
vt 0.647922 0.772738
vt 0.883446 0.173093
vt 0.858719 0.173093
vt 0.858719 0.148365
vt 0.883446 0.148365
vt 0.877264 0.859284
vt 0.861504 0.856193
vt 0.861504 0.831466
vt 0.877264 0.828375
vt 0.886843 0.612008
vt 0.871083 0.608917
vt 0.871083 0.584189
vt 0.886843 0.581098
vt 0.898641 0.513097
vt 0.882881 0.510006
vt 0.882881 0.485279
vt 0.898641 0.482188
vt 0.725502 0.933466
vt 0.709741 0.930376
vt 0.709741 0.905648
vt 0.725502 0.902557
vt 0.784536 0.000000
vt 0.815445 0.000000
vt 0.815445 0.030909
vt 0.784536 0.030909
vt 0.617013 0.834556
vt 0.617013 0.859284
vt 0.592285 0.859284
vt 0.592285 0.834556
vt 0.954891 0.408005
vt 0.939130 0.404914
vt 0.939130 0.380187
vt 0.954891 0.377096
vt 0.971829 0.921103
vt 0.956068 0.918012
vt 0.956068 0.893285
vt 0.971829 0.890194
vt 0.923369 0.408005
vt 0.907608 0.404914
vt 0.907608 0.380187
vt 0.923369 0.377096
vt 0.923369 0.315277
vt 0.907608 0.312186
vt 0.907608 0.287458
vt 0.923369 0.284367
vt 0.818277 0.513097
vt 0.818277 0.544007
vt 0.787368 0.544007
vt 0.867686 0.766556
vt 0.867686 0.791283
vt 0.842958 0.791283
vt 0.842958 0.766556
vt 0.971829 0.704736
vt 0.956068 0.701645
vt 0.956068 0.676918
vt 0.971829 0.673827
vt 0.955503 0.457460
vt 0.939742 0.454369
vt 0.939742 0.429642
vt 0.955503 0.426551
vt 0.923981 0.457460
vt 0.908220 0.454369
vt 0.908220 0.429642
vt 0.923981 0.426551
vt 0.924547 0.204003
vt 0.908786 0.200912
vt 0.908786 0.176184
vt 0.924547 0.173093
vt 0.787368 0.544007
vt 0.818277 0.544007
vt 0.818277 0.574916
vt 0.787368 0.574916
vt 0.550189 0.834556
vt 0.550189 0.859284
vt 0.525461 0.859284
vt 0.525461 0.834556
vt 0.956068 0.204003
vt 0.940307 0.200912
vt 0.940307 0.176184
vt 0.956068 0.173093
vt 0.956068 0.670736
vt 0.956068 0.646008
vt 0.971829 0.642917
vt 0.924547 0.086547
vt 0.908786 0.083456
vt 0.908786 0.058728
vt 0.924547 0.055637
vt 0.934126 0.030910
vt 0.918365 0.027819
vt 0.918365 0.003091
vt 0.934126 0.000000
vt 0.790718 0.173093
vt 0.821627 0.173093
vt 0.821627 0.204003
vt 0.790718 0.204003
vt 0.488370 0.834556
vt 0.488370 0.859284
vt 0.463642 0.859284
vt 0.463642 0.834556
vt 0.956068 0.086547
vt 0.940308 0.083456
vt 0.940308 0.058728
vt 0.956068 0.055637
vt 0.956068 0.952013
vt 0.940307 0.948922
vt 0.940307 0.924194
vt 0.956068 0.921103
vt 0.924547 0.704736
vt 0.908786 0.701645
vt 0.908786 0.676918
vt 0.924547 0.673827
vt 0.939742 0.457460
vt 0.923981 0.454369
vt 0.923981 0.429642
vt 0.939742 0.426551
vt 0.278185 0.803647
vt 0.309095 0.803647
vt 0.309095 0.834556
vt 0.278185 0.834556
vt 0.061819 0.834556
vt 0.061819 0.859284
vt 0.037091 0.859284
vt 0.037091 0.834556
vt 0.993772 0.828375
vt 0.978011 0.825284
vt 0.978011 0.800556
vt 0.993772 0.797465
vt 0.623807 0.982922
vt 0.608046 0.979831
vt 0.608046 0.955103
vt 0.623807 0.952012
vt 0.934126 0.234912
vt 0.918365 0.231821
vt 0.918365 0.207093
vt 0.934126 0.204003
vt 0.040488 0.945830
vt 0.024727 0.942739
vt 0.024727 0.918012
vt 0.040488 0.914921
vt 0.247276 0.803647
vt 0.247276 0.834556
vt 0.750230 0.766555
vt 0.750230 0.791283
vt 0.725502 0.791283
vt 0.725502 0.766555
vt 0.993772 0.797465
vt 0.978011 0.794374
vt 0.978011 0.769647
vt 0.993772 0.766556
vt 0.956068 0.982922
vt 0.940307 0.979831
vt 0.940307 0.955104
vt 0.956068 0.952013
vt 0.940307 0.204003
vt 0.924547 0.200912
vt 0.924547 0.176184
vt 0.940307 0.173093
vt 0.940308 0.086547
vt 0.924547 0.083456
vt 0.924547 0.058728
vt 0.940308 0.055637
vt 0.216367 0.803647
vt 0.216367 0.834556
vt 0.851971 0.408005
vt 0.851971 0.432733
vt 0.827244 0.432733
vt 0.827244 0.408005
vt 0.908786 0.982922
vt 0.893025 0.979831
vt 0.893025 0.955104
vt 0.908786 0.952013
vt 0.877264 0.982922
vt 0.861504 0.979831
vt 0.861504 0.955104
vt 0.877264 0.952013
vt 0.940308 0.704736
vt 0.924547 0.701645
vt 0.924547 0.676918
vt 0.940308 0.673827
vt 0.940307 0.673827
vt 0.924547 0.670736
vt 0.924547 0.646008
vt 0.940307 0.642917
vt 0.185457 0.803647
vt 0.185457 0.834556
vt 0.809264 0.148365
vt 0.809264 0.173093
vt 0.784536 0.173093
vt 0.784536 0.148365
vt 0.993772 0.766556
vt 0.978011 0.763465
vt 0.978011 0.738737
vt 0.993772 0.735646
vt 0.924547 0.982922
vt 0.908786 0.979831
vt 0.908786 0.955104
vt 0.940307 0.921103
vt 0.924547 0.918012
vt 0.924547 0.893285
vt 0.940307 0.890194
vt 0.907608 0.408005
vt 0.891848 0.404914
vt 0.891848 0.380187
vt 0.907608 0.377096
vt 0.753626 0.030910
vt 0.753626 -0.000000
vt 0.784536 0.000000
vt 0.784536 0.030910
vt 0.876087 0.395641
vt 0.851359 0.395641
vt 0.851359 0.370914
vt 0.876087 0.370914
vt 0.463642 0.890194
vt 0.447881 0.887102
vt 0.447881 0.862375
vt 0.889675 0.574916
vt 0.873914 0.571825
vt 0.873914 0.547098
vt 0.889675 0.544007
vt 0.902604 0.234912
vt 0.886843 0.231821
vt 0.886843 0.207093
vt 0.902604 0.204003
vt 0.945924 0.513097
vt 0.930163 0.510006
vt 0.930163 0.485278
vt 0.945924 0.482188
vt 0.340004 0.803647
vt 0.340004 0.834556
vt 0.812049 0.061819
vt 0.812049 0.086547
vt 0.787321 0.086547
vt 0.787321 0.061819
vt 0.940307 0.982922
vt 0.924547 0.979831
vt 0.924547 0.955104
vt 0.956068 0.887103
vt 0.956068 0.862375
vt 0.971829 0.859284
vt 0.934126 0.612008
vt 0.918365 0.608917
vt 0.918365 0.584189
vt 0.934126 0.581098
vt 0.946489 0.272003
vt 0.930729 0.268912
vt 0.930729 0.244185
vt 0.946489 0.241094
vt 0.370914 0.803647
vt 0.370914 0.834556
vt 0.852537 0.680009
vt 0.852537 0.704736
vt 0.827809 0.704736
vt 0.827809 0.680009
vt 0.994384 0.142184
vt 0.978623 0.139093
vt 0.978623 0.114365
vt 0.994384 0.111274
vt 0.893025 0.982922
vt 0.877264 0.979831
vt 0.877264 0.955104
vt 0.946489 0.766556
vt 0.930729 0.763465
vt 0.930729 0.738737
vt 0.946489 0.735646
vt 0.934126 0.642917
vt 0.918365 0.639826
vt 0.918365 0.615099
vt 0.934126 0.612008
vt 0.401823 0.803647
vt 0.401823 0.834556
vt 0.117456 0.834556
vt 0.117456 0.859284
vt 0.092728 0.859284
vt 0.092728 0.834556
vt 0.971829 0.982922
vt 0.956068 0.979831
vt 0.956068 0.955104
vt 0.971829 0.952013
vt 0.984239 0.574916
vt 0.968479 0.571825
vt 0.968479 0.547097
vt 0.984239 0.544007
vt 0.946489 0.735646
vt 0.930729 0.732555
vt 0.930729 0.707828
vt 0.946489 0.704737
vt 0.936957 0.574916
vt 0.921196 0.571825
vt 0.921196 0.547098
vt 0.936957 0.544007
vt 0.401823 0.803647
vt 0.432733 0.803647
vt 0.432733 0.834556
vt 0.852537 0.649099
vt 0.852537 0.673827
vt 0.827809 0.673827
vt 0.827809 0.649099
vt 0.725502 0.995285
vt 0.709741 0.992195
vt 0.709741 0.967467
vt 0.725502 0.964376
vt 0.956068 0.856193
vt 0.956068 0.831466
vt 0.971829 0.828375
vt 0.946490 0.173093
vt 0.930729 0.170002
vt 0.930729 0.145274
vt 0.946490 0.142183
vt 0.946489 0.828375
vt 0.930729 0.825284
vt 0.930729 0.800556
vt 0.946489 0.797465
vt 0.463642 0.803647
vt 0.463642 0.834556
vt 0.586103 0.828374
vt 0.586103 0.853102
vt 0.561375 0.853102
vt 0.561375 0.828374
vt 0.997169 0.030910
vt 0.981408 0.027819
vt 0.981408 0.003091
vt 0.997169 0.000000
vt 0.968479 0.540916
vt 0.968479 0.516188
vt 0.984239 0.513097
vt 0.930729 0.794374
vt 0.930729 0.769647
vt 0.946489 0.766556
vt 0.772172 0.908739
vt 0.756412 0.905648
vt 0.756412 0.880921
vt 0.772172 0.877830
vt 0.753626 0.061819
vt 0.753626 0.030910
vt 0.784536 0.030910
vt 0.784536 0.061819
vt 0.851359 0.346186
vt 0.876087 0.346186
vt 0.395641 0.890193
vt 0.379881 0.887102
vt 0.379881 0.862375
vt 0.395642 0.859284
vt 0.889675 0.544007
vt 0.873914 0.540915
vt 0.873914 0.516188
vt 0.889675 0.513097
vt 0.837388 0.908739
vt 0.821627 0.905648
vt 0.821627 0.880921
vt 0.837388 0.877830
vt 0.415748 0.952012
vt 0.399987 0.948921
vt 0.399987 0.924194
vt 0.415748 0.921103
vt 0.818277 0.513097
vt 0.849186 0.513097
vt 0.024728 0.834556
vt 0.024728 0.859284
vt -0.000000 0.859284
vt 0.000000 0.834556
vt 0.986412 0.346186
vt 0.970651 0.343095
vt 0.970651 0.318368
vt 0.986412 0.315277
vt 0.986412 0.315277
vt 0.970651 0.312186
vt 0.970651 0.287458
vt 0.986412 0.284367
vt 0.384226 0.948921
vt 0.384226 0.924194
vt 0.399987 0.921103
vt 0.940307 0.890194
vt 0.924547 0.887103
vt 0.924547 0.862375
vt 0.940307 0.859284
vt 0.463642 0.803647
vt 0.494552 0.803647
vt 0.494552 0.834556
vt 0.463642 0.834556
vt 0.750230 0.791283
vt 0.750230 0.816011
vt 0.725502 0.816011
vt 0.725502 0.791283
vt 0.986412 0.408005
vt 0.970651 0.404914
vt 0.970651 0.380187
vt 0.986412 0.377096
vt 0.986412 0.377096
vt 0.970651 0.374005
vt 0.970651 0.349277
vt 0.986412 0.346186
vt 0.940307 0.859284
vt 0.924547 0.856193
vt 0.924547 0.831466
vt 0.940307 0.828375
vt 0.936957 0.544007
vt 0.921196 0.540916
vt 0.921196 0.516188
vt 0.936957 0.513097
vt 0.494552 0.803647
vt 0.525461 0.803647
vt 0.494552 0.834556
vt 0.586103 0.803647
vt 0.586103 0.828374
vt 0.561376 0.828374
vt 0.561376 0.803647
vt 0.997168 0.234912
vt 0.981408 0.231821
vt 0.981408 0.207093
vt 0.997168 0.204003
vt 0.987024 0.457460
vt 0.971263 0.454369
vt 0.971263 0.429642
vt 0.987024 0.426551
vt 0.947101 0.142184
vt 0.931341 0.139093
vt 0.931341 0.114365
vt 0.947101 0.111274
vt 0.924547 0.890194
vt 0.908786 0.887103
vt 0.908786 0.862375
vt 0.924547 0.859284
vt 0.525461 0.803647
vt 0.556371 0.803647
vt 0.556371 0.834556
vt 0.525461 0.834556
vt 0.737866 0.055637
vt 0.737866 0.080365
vt 0.713138 0.080365
vt 0.713138 0.055637
vt 0.987590 0.204003
vt 0.971829 0.200912
vt 0.971829 0.176184
vt 0.987590 0.173093
vt 0.987590 0.086547
vt 0.971829 0.083456
vt 0.971829 0.058728
vt 0.987590 0.055637
vt 0.924547 0.859284
vt 0.908786 0.856193
vt 0.908786 0.831466
vt 0.924547 0.828375
vt 0.384226 0.952012
vt 0.368466 0.948921
vt 0.368466 0.924194
vt 0.384226 0.921103
vt 0.586103 0.803647
vt 0.617013 0.803647
vt 0.586103 0.834556
vt 0.833991 0.148365
vt 0.833991 0.173093
vt 0.971829 0.952013
vt 0.956068 0.948922
vt 0.956068 0.924194
vt 0.971829 0.921103
vt 0.987590 0.859284
vt 0.971829 0.856193
vt 0.971829 0.831466
vt 0.987590 0.828375
vt 0.352705 0.948921
vt 0.352705 0.924194
vt 0.368466 0.921103
vt 0.102307 0.914921
vt 0.086546 0.911830
vt 0.086546 0.887102
vt 0.102307 0.884011
vt 0.759808 0.612008
vt 0.790718 0.612008
vt 0.790718 0.642917
vt 0.759808 0.642917
vt 0.836776 0.061819
vt 0.836776 0.086547
vt 0.812049 0.086547
vt 0.812049 0.061819
vt 0.987590 0.673827
vt 0.971829 0.670736
vt 0.971829 0.646008
vt 0.987590 0.642917
vt 0.956068 0.673827
vt 0.940307 0.670736
vt 0.940307 0.646008
vt 0.956068 0.642917
vt 0.120241 0.914921
vt 0.104480 0.911830
vt 0.104480 0.887102
vt 0.120241 0.884011
vt 0.899207 0.828375
vt 0.883446 0.825284
vt 0.883446 0.800556
vt 0.899207 0.797465
vt 0.617013 0.741828
vt 0.617013 0.710918
vt 0.647922 0.710918
vt 0.647922 0.741828
vt 0.851359 0.321459
vt 0.876087 0.321459
vt 0.447881 0.890194
vt 0.432121 0.887102
vt 0.432121 0.862375
vt 0.447881 0.859284
vt 0.882881 0.513097
vt 0.867120 0.510006
vt 0.867120 0.485279
vt 0.882881 0.482188
vt 0.608046 0.890193
vt 0.592285 0.887102
vt 0.592285 0.862375
vt 0.608046 0.859284
vt 0.891847 0.315277
vt 0.876087 0.312186
vt 0.876087 0.287458
vt 0.891847 0.284367
vt 0.694592 0.760373
vt 0.725502 0.760373
vt 0.725502 0.791283
vt 0.694592 0.791283
vt 0.876087 0.309095
vt 0.851359 0.309095
vt 0.851359 0.284367
vt 0.876087 0.284367
vt 0.997169 0.642917
vt 0.981408 0.639826
vt 0.981408 0.615099
vt 0.997169 0.612008
vt 0.956068 0.890194
vt 0.940307 0.887103
vt 0.940307 0.862375
vt 0.956068 0.859284
vt 0.908786 0.918012
vt 0.908786 0.893285
vt 0.924547 0.890194
vt 0.427163 0.921103
vt 0.411402 0.918012
vt 0.411402 0.893284
vt 0.427163 0.890194
vt 0.764813 0.370914
vt 0.795722 0.370914
vt 0.795722 0.401823
vt 0.764813 0.401823
vt 0.750229 0.816011
vt 0.725502 0.816011
vt 0.102307 0.976740
vt 0.086546 0.973649
vt 0.086546 0.948921
vt 0.102307 0.945830
vt 0.352705 0.952012
vt 0.336944 0.948921
vt 0.336944 0.924194
vt 0.352705 0.921103
vt 0.924547 0.673827
vt 0.908786 0.670736
vt 0.908786 0.646008
vt 0.924547 0.642917
vt 0.411402 0.921103
vt 0.395642 0.918012
vt 0.395642 0.893284
vt 0.411402 0.890193
vt 0.790718 0.204003
vt 0.821627 0.204003
vt 0.821627 0.234912
vt 0.790718 0.234912
vt 0.678832 0.834557
vt 0.678832 0.859284
vt 0.654104 0.859284
vt 0.654104 0.834557
vt 0.056249 0.976740
vt 0.040488 0.973649
vt 0.040488 0.948921
vt 0.056249 0.945830
vt 0.086546 0.976740
vt 0.070786 0.973649
vt 0.070786 0.948921
vt 0.086546 0.945830
vt 0.623807 0.921103
vt 0.608046 0.918012
vt 0.608046 0.893284
vt 0.623807 0.890193
vt 0.541834 0.890193
vt 0.526073 0.887102
vt 0.526073 0.862375
vt 0.541834 0.859284
vt 0.790718 0.581098
vt 0.821627 0.581098
vt 0.821627 0.612008
vt 0.790718 0.612008
vt 0.111274 0.884011
vt 0.086547 0.884011
vt 0.086547 0.859284
vt 0.111274 0.859284
vt 0.940307 0.918012
vt 0.940307 0.893285
vt 0.956068 0.890194
vt 0.940307 0.856193
vt 0.940307 0.831466
vt 0.956068 0.828375
vt 0.266434 0.921103
vt 0.250673 0.918012
vt 0.250673 0.893284
vt 0.266434 0.890193
vt 0.893025 0.086547
vt 0.877264 0.083456
vt 0.877264 0.058728
vt 0.893025 0.055637
vt 0.749664 0.482187
vt 0.780573 0.482187
vt 0.780573 0.513097
vt 0.179275 0.884011
vt 0.154547 0.884011
vt 0.154547 0.859284
vt 0.179275 0.859284
vt 0.883446 0.272003
vt 0.867685 0.268912
vt 0.867685 0.244185
vt 0.883446 0.241094
vt 0.151762 0.890193
vt 0.136001 0.887102
vt 0.136001 0.862375
vt 0.151762 0.859284
vt 0.557595 0.890193
vt 0.541834 0.887102
vt 0.541834 0.862375
vt 0.557595 0.859284
vt 0.908786 0.859284
vt 0.893025 0.856193
vt 0.893025 0.831466
vt 0.908786 0.828375
vt 0.821627 0.642917
vt 0.867686 0.741828
vt 0.867686 0.766556
vt 0.842958 0.766556
vt 0.842958 0.741828
vt 0.133829 0.976740
vt 0.118068 0.973649
vt 0.118068 0.948921
vt 0.133829 0.945830
vt 0.956068 0.704736
vt 0.940307 0.701645
vt 0.940307 0.676918
vt 0.956068 0.673827
vt 0.250673 0.921103
vt 0.234912 0.918012
vt 0.234912 0.893284
vt 0.250673 0.890193
vt 0.118068 0.976740
vt 0.102307 0.973649
vt 0.102307 0.948921
vt 0.118068 0.945830
vt 0.693415 0.340004
vt 0.693415 0.278185
vt 0.724324 0.278185
vt 0.724324 0.340004
vt 0.709741 0.698554
vt 0.734469 0.642917
vt 0.734469 0.698554
vt 0.756458 0.574916
vt 0.740697 0.571825
vt 0.740697 0.516188
vt 0.759808 0.642917
vt 0.744048 0.639826
vt 0.744048 0.584189
vt 0.759808 0.581098
vt 0.987590 0.952013
vt 0.971829 0.948922
vt 0.971829 0.924194
vt 0.987590 0.921103
vt 0.040488 0.976740
vt 0.024727 0.973649
vt 0.024727 0.948921
vt 0.040488 0.945830
vt 0.693415 0.401823
vt 0.724324 0.401823
vt 0.703559 0.587280
vt 0.728287 0.587280
vt 0.728287 0.642917
vt 0.759808 0.234912
vt 0.744048 0.231821
vt 0.744048 0.176184
vt 0.759808 0.173093
vt 0.764813 0.401823
vt 0.749052 0.398732
vt 0.749052 0.343095
vt 0.764813 0.340004
vt 0.997169 0.612008
vt 0.981408 0.608917
vt 0.981408 0.584189
vt 0.997169 0.581098
vt 0.908786 0.673827
vt 0.893025 0.670736
vt 0.893025 0.646008
vt 0.908786 0.642917
vt 0.759808 0.234912
vt 0.759808 0.204002
vt 0.790718 0.204002
vt 0.790718 0.234912
vt 0.876699 0.432733
vt 0.851971 0.432733
vt 0.851971 0.408005
vt 0.876699 0.408005
vt 0.210796 0.890193
vt 0.195036 0.887102
vt 0.195036 0.862375
vt 0.210796 0.859284
vt 0.371526 0.890193
vt 0.355765 0.887102
vt 0.355765 0.862375
vt 0.371526 0.859284
vt 0.905435 0.574916
vt 0.889675 0.571825
vt 0.889675 0.547098
vt 0.905435 0.544007
vt 0.905435 0.544007
vt 0.889675 0.540916
vt 0.889675 0.516188
vt 0.905435 0.513097
vt 0.818277 0.544007
vt 0.849186 0.544007
vt 0.849186 0.574916
vt 0.818277 0.574916
vt 0.876699 0.457460
vt 0.851971 0.457460
vt 0.851971 0.432733
vt 0.876699 0.432733
vt 0.971829 0.918012
vt 0.971829 0.893285
vt 0.987590 0.890194
vt 0.987590 0.704736
vt 0.971829 0.701645
vt 0.971829 0.676918
vt 0.987590 0.673827
vt 0.741263 0.958194
vt 0.725502 0.955103
vt 0.725502 0.930376
vt 0.741263 0.927285
vt 0.336944 0.952012
vt 0.321183 0.948921
vt 0.321183 0.924194
vt 0.336944 0.921103
vt 0.852537 0.173093
vt 0.852537 0.204003
vt 0.821627 0.204003
vt 0.179275 0.834556
vt 0.179275 0.859284
vt 0.154547 0.834556
vt 0.987590 0.982922
vt 0.971829 0.979831
vt 0.971829 0.955104
vt 0.971829 0.887103
vt 0.971829 0.862375
vt 0.987590 0.859284
vt 0.961685 0.513097
vt 0.945924 0.510006
vt 0.945924 0.485279
vt 0.961685 0.482188
vt 0.893025 0.704736
vt 0.877264 0.701645
vt 0.877264 0.676918
vt 0.893025 0.673827
vt 0.750229 0.766556
vt 0.750229 0.735646
vt 0.781139 0.735646
vt 0.781139 0.766556
vt 0.136001 0.884012
vt 0.111274 0.884012
vt 0.111274 0.859284
vt 0.136001 0.859284
vt 0.883446 0.822193
vt 0.867685 0.819102
vt 0.867685 0.794374
vt 0.883446 0.791283
vt 0.510312 0.890193
vt 0.494552 0.887102
vt 0.494552 0.862375
vt 0.510312 0.859284
vt 0.638955 0.890194
vt 0.623195 0.887103
vt 0.623195 0.862375
vt 0.638955 0.859284
vt 0.663683 0.890194
vt 0.647922 0.887103
vt 0.647922 0.862375
vt 0.663683 0.859284
vt 0.694592 0.791283
vt 0.725502 0.791283
vt 0.725502 0.822192
vt 0.694592 0.822192
vt 0.024727 0.884012
vt 0.000000 0.884012
vt 0.000000 0.859284
vt 0.024727 0.859284
vt 0.962250 0.272003
vt 0.946489 0.268912
vt 0.946489 0.244185
vt 0.962250 0.241094
vt 0.962250 0.735646
vt 0.946489 0.732555
vt 0.946489 0.707828
vt 0.962250 0.704737
vt 0.395641 0.921103
vt 0.379881 0.918012
vt 0.379881 0.893284
vt 0.395641 0.890194
vt 0.379881 0.921103
vt 0.364120 0.918012
vt 0.364120 0.893284
vt 0.379881 0.890193
vt 0.795722 0.309095
vt 0.826632 0.340004
vt 0.795722 0.340004
vt 0.867686 0.797465
vt 0.867686 0.822193
vt 0.842958 0.822193
vt 0.024727 0.976740
vt 0.008967 0.973649
vt 0.008967 0.948921
vt 0.024727 0.945830
vt 0.170308 0.976740
vt 0.154547 0.973649
vt 0.154547 0.948921
vt 0.170308 0.945830
vt 0.287764 0.921103
vt 0.272004 0.918012
vt 0.272004 0.893284
vt 0.287764 0.890194
vt 0.853149 0.908739
vt 0.837388 0.905648
vt 0.837388 0.880921
vt 0.853149 0.877830
vt 0.750842 0.148366
vt 0.750842 0.117456
vt 0.781751 0.117456
vt 0.781751 0.148366
vt 0.877264 0.204003
vt 0.852537 0.204003
vt 0.852537 0.179275
vt 0.877264 0.179275
vt 0.340004 0.890194
vt 0.324244 0.887102
vt 0.324244 0.862375
vt 0.340004 0.859284
vt 0.432121 0.890193
vt 0.416360 0.887102
vt 0.416360 0.862375
vt 0.432121 0.859284
vt 0.899207 0.173093
vt 0.883446 0.170002
vt 0.883446 0.145274
vt 0.899207 0.142183
vt 0.902604 0.642917
vt 0.886843 0.639826
vt 0.886843 0.615099
vt 0.647922 0.803647
vt 0.678832 0.803647
vt 0.678832 0.834557
vt 0.647922 0.834557
vt 0.877264 0.704736
vt 0.852537 0.704736
vt 0.852537 0.680009
vt 0.877264 0.680009
vt 1.000000 0.574916
vt 0.984239 0.571825
vt 0.984239 0.547097
vt 1.000000 0.544007
vt 0.977445 0.513097
vt 0.961684 0.510006
vt 0.961684 0.485279
vt 0.977445 0.482188
vt 0.321183 0.952012
vt 0.305422 0.948921
vt 0.305422 0.924194
vt 0.321183 0.921103
vt 0.949886 0.030910
vt 0.934125 0.027819
vt 0.934125 0.003091
vt 0.949886 0.000000
vt 0.617013 0.803647
vt 0.617013 0.834557
vt 0.846355 0.204003
vt 0.846355 0.228730
vt 0.821627 0.228730
vt 0.984239 0.540916
vt 0.984239 0.516188
vt 1.000000 0.513097
vt 0.741263 0.989104
vt 0.725502 0.986013
vt 0.725502 0.961285
vt 0.741263 0.958194
vt 0.305422 0.952012
vt 0.289662 0.948921
vt 0.289662 0.924194
vt 0.305422 0.921103
vt 0.072010 0.945830
vt 0.056249 0.942739
vt 0.056249 0.918012
vt 0.072010 0.914921
vt 0.688411 0.148365
vt 0.719320 0.148365
vt 0.749052 0.278185
vt 0.749052 0.333822
vt 0.724324 0.333822
vt 0.724324 0.278185
vt 0.694592 0.766555
vt 0.678832 0.763464
vt 0.678832 0.707827
vt 0.694592 0.704736
vt 0.750230 0.766555
vt 0.734469 0.763464
vt 0.734469 0.707827
vt 0.750230 0.704736
vt 0.056249 0.945830
vt 0.040488 0.942739
vt 0.040488 0.918012
vt 0.056249 0.914921
vt 0.907608 0.315277
vt 0.891848 0.312186
vt 0.891848 0.287458
vt 0.907608 0.284367
vt 0.756458 0.574916
vt 0.787368 0.544007
vt 0.787368 0.574916
vt 0.877264 0.673827
vt 0.852537 0.673827
vt 0.852537 0.649099
vt 0.877264 0.649099
vt 0.234912 0.890194
vt 0.219152 0.887102
vt 0.219152 0.862375
vt 0.234912 0.859284
vt 0.883446 0.772738
vt 0.867685 0.769647
vt 0.867685 0.744919
vt 0.883446 0.741828
vt 0.907608 0.346186
vt 0.891848 0.343095
vt 0.891848 0.318368
vt 0.907608 0.315277
vt 0.914968 0.272003
vt 0.899207 0.268912
vt 0.899207 0.244185
vt 0.914968 0.241094
vt 0.764813 0.340004
vt 0.795722 0.340004
vt 0.846355 0.612008
vt 0.846355 0.636735
vt 0.821627 0.636735
vt 0.821627 0.612008
vt 0.993206 0.513097
vt 0.977445 0.510006
vt 0.977445 0.485279
vt 0.993206 0.482188
vt 0.962250 0.173093
vt 0.946489 0.170002
vt 0.946489 0.145274
vt 0.962250 0.142183
vt 0.914968 0.766556
vt 0.899207 0.763465
vt 0.899207 0.738737
vt 0.914968 0.735646
vt 0.273901 0.948921
vt 0.273901 0.924194
vt 0.289662 0.921103
vt 0.617013 0.278185
vt 0.617013 0.000000
vt 0.647922 0.000000
vt 0.647922 0.278185
vt 0.672650 -0.000000
vt 0.672650 0.272004
vt 0.647922 0.272004
vt 0.647922 -0.000000
vt 0.688411 0.278185
vt 0.672650 0.275094
vt 0.672650 0.003091
vt 0.688411 0.000000
vt 0.693415 0.556371
vt 0.677654 0.553280
vt 0.677654 0.281276
vt 0.102307 0.945830
vt 0.086546 0.942739
vt 0.086546 0.918012
vt 0.102307 0.914921
vt 0.891848 0.377096
vt 0.876087 0.374005
vt 0.876087 0.349277
vt 0.891848 0.346186
vt 0.719320 0.272003
vt 0.719320 0.241094
vt 0.750230 0.241094
vt 0.750230 0.272003
vt 0.586103 0.877830
vt 0.561375 0.877830
vt 0.586103 0.853102
vt 0.494552 0.890193
vt 0.478791 0.887102
vt 0.478791 0.862375
vt 0.694592 0.828375
vt 0.678832 0.825284
vt 0.678832 0.800556
vt 0.694592 0.797465
vt 0.893025 0.673827
vt 0.877264 0.670736
vt 0.877264 0.646008
vt 0.893025 0.642917
vt 0.914968 0.735646
vt 0.899207 0.732555
vt 0.899207 0.707828
vt 0.914968 0.704737
vt 0.764813 0.309095
vt 0.846355 0.587280
vt 0.846355 0.612008
vt 0.821627 0.612008
vt 0.821627 0.587280
vt 0.978011 0.272003
vt 0.962250 0.268912
vt 0.962250 0.244185
vt 0.978011 0.241094
vt 0.226619 0.952012
vt 0.210858 0.948921
vt 0.210858 0.924194
vt 0.226619 0.921103
vt 0.914968 0.173093
vt 0.899207 0.170002
vt 0.899207 0.145274
vt 0.914968 0.142184
vt 0.914402 0.513097
vt 0.898642 0.510006
vt 0.898642 0.485279
vt 0.914402 0.482188
vt 0.764813 0.278185
vt 0.795722 0.278185
vt 0.795722 0.309095
vt 0.764813 0.309095
vt 0.234912 0.834556
vt 0.234912 0.859284
vt 0.210185 0.859284
vt 0.210185 0.834556
vt 0.978011 0.735646
vt 0.962250 0.732555
vt 0.962250 0.707828
vt 0.978011 0.704737
vt 0.962250 0.766556
vt 0.946489 0.763465
vt 0.946489 0.738737
vt 0.962250 0.735646
vt 0.914968 0.797465
vt 0.899207 0.794374
vt 0.899207 0.769647
vt 0.914968 0.766556
vt 0.040488 0.914921
vt 0.024727 0.911830
vt 0.024727 0.887102
vt 0.040488 0.884011
vt 0.765425 0.401823
vt 0.796334 0.401823
vt 0.796334 0.432733
vt 0.765425 0.432733
vt 0.302913 0.834556
vt 0.302913 0.859284
vt 0.278185 0.859284
vt 0.993772 0.272003
vt 0.978011 0.268912
vt 0.978011 0.244185
vt 0.993772 0.241094
vt 0.962250 0.797465
vt 0.946489 0.794374
vt 0.946489 0.769647
vt 0.962250 0.766556
vt 0.914968 0.828375
vt 0.899207 0.825284
vt 0.899207 0.800556
vt 0.914968 0.797465
vt 0.915580 0.142184
vt 0.899819 0.139093
vt 0.899819 0.114365
vt 0.915580 0.111274
vt 0.765425 0.432733
vt 0.796334 0.432733
vt 0.796334 0.463642
vt 0.765425 0.463642
vt 0.185457 0.859284
vt 0.185457 0.834556
vt 0.978011 0.173093
vt 0.962250 0.170002
vt 0.962250 0.145274
vt 0.978011 0.142184
vt 0.962250 0.828375
vt 0.946489 0.825284
vt 0.946489 0.800556
vt 0.918365 0.030910
vt 0.902604 0.027819
vt 0.902604 0.003091
vt 0.918365 0.000000
vt 0.891847 0.346186
vt 0.876087 0.343095
vt 0.876087 0.318368
vt 0.891847 0.315277
vt 0.647922 0.741828
vt 0.647922 0.710918
vt 0.678832 0.710918
vt 0.678832 0.741828
vt 0.805866 0.877830
vt 0.781139 0.877830
vt 0.781139 0.853102
vt 0.805866 0.853102
vt 0.526073 0.890194
vt 0.510312 0.887102
vt 0.510312 0.862375
vt 0.526073 0.859284
vt 0.694592 0.859284
vt 0.678832 0.856193
vt 0.678832 0.831466
vt 0.694592 0.828375
vt 0.877264 0.890194
vt 0.861504 0.887103
vt 0.861504 0.862375
vt 0.877264 0.859284
vt 0.918365 0.234912
vt 0.902604 0.231821
vt 0.902604 0.207093
vt 0.918365 0.204003
vt 0.765990 0.673827
vt 0.796900 0.673827
vt 0.796900 0.704736
vt 0.765990 0.704736
vt 0.759808 0.148366
vt 0.759808 0.173093
vt 0.735081 0.173093
vt 0.735081 0.148366
vt 0.978011 0.766556
vt 0.962250 0.763465
vt 0.962250 0.738737
vt 0.978011 0.735646
vt 0.962862 0.142184
vt 0.947101 0.139093
vt 0.947101 0.114365
vt 0.962862 0.111274
vt 0.918365 0.642917
vt 0.902604 0.639826
vt 0.902604 0.615099
vt 0.918365 0.612008
vt 0.918365 0.612008
vt 0.902604 0.608917
vt 0.902604 0.584189
vt 0.918365 0.581098
vt 0.765990 0.642917
vt 0.796900 0.642917
vt 0.796900 0.673827
vt 0.765990 0.673827
vt 0.836776 0.828375
vt 0.836776 0.853102
vt 0.812048 0.853102
vt 0.978011 0.732555
vt 0.978011 0.707828
vt 0.993772 0.704737
vt 0.725502 0.964376
vt 0.709741 0.961285
vt 0.709741 0.936557
vt 0.725502 0.933467
vt 0.151762 0.921103
vt 0.136001 0.918012
vt 0.136001 0.893284
vt 0.151762 0.890193
vt 0.541834 0.918012
vt 0.541834 0.893284
vt 0.750229 0.766556
vt 0.781139 0.766556
vt 0.781139 0.797465
vt 0.750229 0.797465
vt 0.463642 0.834556
vt 0.463642 0.859284
vt 0.438915 0.859284
vt 0.438915 0.834556
vt 0.978011 0.828375
vt 0.962250 0.825284
vt 0.962250 0.800556
vt 0.978011 0.797465
vt 0.965647 0.030910
vt 0.949886 0.027819
vt 0.949886 0.003091
vt 0.965647 0.000000
vt 0.077580 0.914921
vt 0.061819 0.911830
vt 0.061819 0.887102
vt 0.077580 0.884011
vt 0.541834 0.921103
vt 0.526073 0.918012
vt 0.526073 0.893284
vt 0.541834 0.890194
vt 0.678832 0.772738
vt 0.678832 0.803647
vt 0.647922 0.803647
vt 0.395641 0.834556
vt 0.395641 0.859284
vt 0.370914 0.859284
vt 0.370914 0.834556
vt 0.962250 0.794374
vt 0.962250 0.769647
vt 0.978011 0.766556
vt 0.195097 0.948921
vt 0.195097 0.924194
vt 0.210858 0.921103
vt 0.136001 0.914921
vt 0.120241 0.911830
vt 0.120241 0.887102
vt 0.136001 0.884011
vt 0.891848 0.408005
vt 0.876087 0.404914
vt 0.876087 0.380187
vt 0.891848 0.377096
vt 0.647922 0.772738
vt 0.647922 0.741828
vt 0.678832 0.741828
vt 0.678832 0.772738
vt 0.781139 0.877830
vt 0.756411 0.877830
vt 0.756411 0.853102
vt 0.781139 0.853102
vt 0.272004 0.887102
vt 0.272004 0.862375
vt 0.287764 0.859284
vt 0.694592 0.797465
vt 0.678832 0.794374
vt 0.678832 0.769646
vt 0.694592 0.766555
vt 0.694592 0.890194
vt 0.678832 0.887103
vt 0.678832 0.862375
vt 0.694592 0.859284
vt 0.463642 0.921103
vt 0.447881 0.918012
vt 0.447881 0.893284
vt 0.463642 0.890194
vt 0.617013 0.772738
vt 0.617013 0.803647
vt 0.836776 0.877830
vt 0.812048 0.877830
vt 0.812048 0.853102
vt 0.836776 0.853102
vt 0.993772 0.173093
vt 0.978011 0.170002
vt 0.978011 0.145275
vt 0.993772 0.142184
vt 0.965647 0.234912
vt 0.949886 0.231821
vt 0.949886 0.207093
vt 0.965647 0.204003
vt 0.892460 0.457460
vt 0.876699 0.454369
vt 0.876699 0.429642
vt 0.892460 0.426551
vt 0.056249 0.914921
vt 0.040488 0.911830
vt 0.040488 0.887102
vt 0.056249 0.884011
vt 0.826632 0.278185
vt 0.826632 0.309095
vt 0.867685 0.710919
vt 0.867685 0.735646
vt 0.842958 0.735646
vt 0.842958 0.710919
vt 0.965647 0.642917
vt 0.949886 0.639826
vt 0.949886 0.615099
vt 0.965647 0.612008
vt 0.965647 0.612008
vt 0.949886 0.608917
vt 0.949886 0.584189
vt 0.965647 0.581098
vt 0.442924 0.921103
vt 0.427163 0.918012
vt 0.427163 0.893284
vt 0.442924 0.890194
vt 0.210796 0.921103
vt 0.195036 0.918012
vt 0.195036 0.893284
vt 0.210796 0.890193
vt 0.826632 0.370914
vt 0.826632 0.401823
vt 0.868298 0.117456
vt 0.868298 0.142184
vt 0.843570 0.142184
vt 0.843570 0.117456
vt 0.968479 0.544007
vt 0.952718 0.540916
vt 0.952718 0.516188
vt 0.968479 0.513097
vt 0.978623 0.142183
vt 0.962862 0.139093
vt 0.962862 0.114365
vt 0.978623 0.111274
vt 0.234912 0.921103
vt 0.219152 0.918012
vt 0.219152 0.893284
vt 0.234912 0.890193
vt 0.170308 0.914921
vt 0.154547 0.911830
vt 0.154547 0.887102
vt 0.170308 0.884011
vt 0.826632 0.340004
vt 0.868298 0.092728
vt 0.868298 0.117456
vt 0.843570 0.117456
vt 0.843570 0.092728
vt 0.981408 0.030910
vt 0.965647 0.027819
vt 0.965647 0.003091
vt 0.981408 0.000000
vt 0.968479 0.574916
vt 0.952718 0.571825
vt 0.952718 0.547097
vt 0.968479 0.544007
vt 0.195036 0.921103
vt 0.179275 0.918012
vt 0.179275 0.893284
vt 0.949886 0.234912
vt 0.934126 0.231821
vt 0.934126 0.207094
vt 0.949886 0.204003
vt 0.827244 0.432733
vt 0.827244 0.463642
vt 0.796334 0.463642
vt 0.871082 0.030910
vt 0.871082 0.055637
vt 0.846355 0.055637
vt 0.846355 0.030910
vt 0.981408 0.234912
vt 0.965647 0.231821
vt 0.965647 0.207093
vt 0.981408 0.204003
vt 0.577136 0.970558
vt 0.561375 0.967467
vt 0.561375 0.942740
vt 0.577136 0.939649
vt 0.118068 0.945830
vt 0.102307 0.942739
vt 0.102307 0.918012
vt 0.118068 0.914921
vt 0.741263 0.927285
vt 0.725502 0.924194
vt 0.725502 0.899466
vt 0.741263 0.896375
vt 0.827244 0.401823
vt 0.647922 0.834557
vt 0.647922 0.859284
vt 0.623195 0.859284
vt 0.623195 0.834557
vt 0.981408 0.642917
vt 0.965647 0.639826
vt 0.965647 0.615099
vt 0.981408 0.612008
vt 0.981408 0.612008
vt 0.965647 0.608917
vt 0.965647 0.584189
vt 0.981408 0.581098
vt 0.939130 0.377096
vt 0.923369 0.374005
vt 0.923369 0.349277
vt 0.939130 0.346186
vt 0.899819 0.142184
vt 0.884058 0.139093
vt 0.884058 0.114365
vt 0.899819 0.111274
vt 0.750842 0.117456
vt 0.750842 0.086547
vt 0.781751 0.086547
vt 0.781751 0.117456
vt 0.061819 0.884011
vt 0.037091 0.884011
vt 0.037091 0.859284
vt 0.061819 0.859284
vt 0.883446 0.735646
vt 0.867685 0.732555
vt 0.867685 0.707828
vt 0.883446 0.704737
vt 0.884058 0.142184
vt 0.868298 0.139093
vt 0.868298 0.114365
vt 0.884058 0.111274
vt 0.899207 0.272003
vt 0.883446 0.268912
vt 0.883446 0.244185
vt 0.899207 0.241094
vt 0.934126 0.608917
vt 0.934126 0.584189
vt 0.949886 0.581098
vt 0.827809 0.704736
vt 0.871082 0.000000
vt 0.871082 0.024728
vt 0.846355 0.024728
vt 0.846355 0.000000
vt 0.772172 0.970558
vt 0.756412 0.967467
vt 0.756412 0.942740
vt 0.772172 0.939649
vt 0.837388 0.970558
vt 0.821627 0.967467
vt 0.821627 0.942740
vt 0.837388 0.939649
vt 0.939130 0.408005
vt 0.923369 0.404914
vt 0.923369 0.380187
vt 0.939130 0.377096
vt 0.930163 0.513097
vt 0.914402 0.510006
vt 0.914402 0.485279
vt 0.930163 0.482188
vt 0.827809 0.642917
vt 0.827809 0.673827
vt 0.871083 0.204003
vt 0.871083 0.228730
vt 0.846355 0.228730
vt 0.846355 0.204003
vt 0.336944 0.982922
vt 0.321183 0.979831
vt 0.321183 0.955103
vt 0.336944 0.952012
vt 0.321183 0.982922
vt 0.305422 0.979831
vt 0.305422 0.955103
vt 0.133829 0.945830
vt 0.118068 0.942739
vt 0.118068 0.918012
vt 0.133829 0.914921
vt 0.939130 0.315277
vt 0.923369 0.312186
vt 0.923369 0.287458
vt 0.939130 0.284367
vt 0.781139 0.797465
vt 0.812048 0.828375
vt 0.861504 0.828375
vt 0.861504 0.853102
vt 0.836776 0.853102
vt 0.836776 0.828375
vt 0.821627 0.970558
vt 0.805867 0.967467
vt 0.805867 0.942740
vt 0.821627 0.939649
vt 0.853149 0.970558
vt 0.837388 0.967467
vt 0.837388 0.942740
vt 0.303525 0.921103
vt 0.287764 0.918012
vt 0.287764 0.893284
vt 0.303525 0.890193
vt 0.725502 0.902557
vt 0.709741 0.899466
vt 0.709741 0.874739
vt 0.725502 0.871648
vt 0.781139 0.272003
vt 0.086546 0.884011
vt 0.061819 0.884011
vt 0.061819 0.859284
vt 0.086546 0.859284
vt 0.886843 0.030910
vt 0.871082 0.027819
vt 0.871082 0.003091
vt 0.886843 0.000000
vt 0.355765 0.890194
vt 0.340004 0.887102
vt 0.340004 0.862375
vt 0.355765 0.859284
vt 0.893025 0.859284
vt 0.877264 0.856193
vt 0.877264 0.831466
vt 0.893025 0.828375
vt 0.930729 0.272003
vt 0.914968 0.268912
vt 0.914968 0.244185
vt 0.930729 0.241094
vt 0.750230 0.797465
vt 0.750230 0.828375
vt 0.871083 0.612008
vt 0.871083 0.636735
vt 0.846355 0.636735
vt 0.846355 0.612008
vt 0.242379 0.982922
vt 0.226619 0.979831
vt 0.226619 0.955103
vt 0.805867 0.970558
vt 0.790106 0.967467
vt 0.790106 0.942740
vt 0.805867 0.939649
vt 0.930729 0.797465
vt 0.914968 0.794374
vt 0.914968 0.769647
vt 0.930729 0.766556
vt 0.939130 0.346186
vt 0.923369 0.343095
vt 0.923369 0.318368
vt 0.939130 0.315277
vt 0.000000 0.803647
vt 0.030909 0.803647
vt 0.030909 0.834556
vt 0.000000 0.834556
vt 0.861504 0.061819
vt 0.861504 0.086547
vt 0.836776 0.086547
vt 0.836776 0.061819
vt 0.787933 0.970558
vt 0.772172 0.967467
vt 0.772172 0.942740
vt 0.787933 0.939649
vt 0.970651 0.377096
vt 0.954891 0.374005
vt 0.954891 0.349277
vt 0.970651 0.346186
vt 0.930729 0.173093
vt 0.914968 0.170002
vt 0.914968 0.145274
vt 0.930729 0.142184
vt 0.930729 0.766556
vt 0.914968 0.763465
vt 0.914968 0.738737
vt 0.930729 0.735646
vt 0.061819 0.803647
vt 0.061819 0.834556
vt 0.871083 0.587280
vt 0.871083 0.612008
vt 0.846355 0.612008
vt 0.846355 0.587280
vt 0.415748 0.982922
vt 0.399987 0.979831
vt 0.399987 0.955103
vt 0.415748 0.952012
vt 0.305422 0.982922
vt 0.289662 0.979831
vt 0.289662 0.955103
vt 0.305422 0.952012
vt 0.930729 0.735646
vt 0.914968 0.732555
vt 0.914968 0.707828
vt 0.930729 0.704737
s 1
f 1/1/1 2/2/1 3/3/1 4/4/1
f 5/5/2 1/6/2 4/7/2 6/8/2
f 7/9/3 3/10/3 2/11/3 8/12/3
f 4/13/4 3/14/4 7/15/4 6/16/4
f 5/17/5 8/18/5 2/19/5 1/20/5
f 6/21/6 7/22/6 8/23/6 5/24/6
f 9/25/7 10/26/7 11/27/7 12/28/7
f 12/29/8 11/30/8 13/31/8 14/32/8
f 14/33/9 13/34/9 15/35/9 16/27/9
f 16/36/10 15/37/10 10/38/10 9/39/10
f 10/40/2 15/41/2 13/42/2 11/43/2
f 12/44/3 14/45/3 16/46/3 9/47/3
f 17/48/1 18/49/1 19/50/1 20/51/1
f 21/52/2 17/53/2 20/54/2 22/55/2
f 23/56/3 19/57/3 18/58/3 24/59/3
f 20/60/4 19/61/4 23/62/4 22/63/4
f 21/64/5 24/65/5 18/66/5 17/67/5
f 22/68/6 23/69/6 24/70/6 21/71/6
f 25/72/1 26/73/1 27/74/1 28/75/1
f 29/76/2 25/77/2 28/78/2 30/79/2
f 31/80/3 27/81/3 26/82/3 32/83/3
f 28/84/4 27/85/4 31/86/4 30/87/4
f 29/88/5 32/89/5 26/90/5 25/91/5
f 30/92/6 31/93/6 32/94/6 29/95/6
f 33/96/1 34/97/1 35/98/1 36/99/1
f 37/100/2 33/101/2 36/102/2 38/103/2
f 39/104/3 35/56/3 34/105/3 40/106/3
f 36/107/4 35/108/4 39/109/4 38/110/4
f 37/111/5 40/112/5 34/113/5 33/114/5
f 38/115/6 39/116/6 40/117/6 37/118/6
f 41/119/1 42/120/1 43/121/1 44/122/1
f 45/101/2 41/32/2 44/123/2 46/102/2
f 47/124/3 43/125/3 42/126/3 48/127/3
f 44/63/4 43/128/4 47/129/4 46/130/4
f 45/131/5 48/132/5 42/133/5 41/134/5
f 46/135/6 47/136/6 48/137/6 45/138/6
f 49/139/1 50/140/1 51/141/1 52/142/1
f 53/103/2 49/102/2 52/143/2 54/144/2
f 55/145/3 51/146/3 50/147/3 56/148/3
f 52/149/4 51/150/4 55/151/4 54/152/4
f 53/153/5 56/154/5 50/155/5 49/156/5
f 54/157/6 55/158/6 56/159/6 53/160/6
f 57/161/1 58/162/1 59/163/1 60/164/1
f 61/165/2 57/166/2 60/167/2 62/168/2
f 63/169/3 59/170/3 58/171/3 64/172/3
f 60/173/4 59/174/4 63/175/4 62/176/4
f 61/177/5 64/178/5 58/179/5 57/180/5
f 62/181/6 63/182/6 64/183/6 61/184/6
f 65/185/1 66/186/1 67/187/1 68/188/1
f 69/166/2 65/189/2 68/190/2 70/167/2
f 71/191/3 67/192/3 66/193/3 72/194/3
f 68/195/4 67/196/4 71/197/4 70/198/4
f 69/199/5 72/200/5 66/201/5 65/202/5
f 70/203/6 71/204/6 72/205/6 69/206/6
f 73/207/1 74/208/1 75/209/1 76/210/1
f 77/211/2 73/212/2 76/213/2 78/214/2
f 79/215/3 75/216/3 74/217/3 80/218/3
f 76/219/4 75/220/4 79/221/4 78/222/4
f 77/223/5 80/224/5 74/225/5 73/226/5
f 78/227/6 79/228/6 80/229/6 77/230/6
f 81/231/1 82/232/1 83/233/1 84/234/1
f 85/189/2 81/235/2 84/236/2 86/190/2
f 87/237/3 83/238/3 82/239/3 88/240/3
f 84/241/4 83/242/4 87/243/4 86/244/4
f 85/245/5 88/246/5 82/247/5 81/248/5
f 86/249/6 87/250/6 88/251/6 85/252/6
f 89/253/1 90/254/1 91/255/1 92/249/1
f 93/235/2 89/256/2 92/257/2 94/236/2
f 95/258/3 91/259/3 90/260/3 96/261/3
f 92/262/4 91/263/4 95/264/4 94/265/4
f 93/266/5 96/267/5 90/268/5 89/269/5
f 94/270/6 95/271/6 96/272/6 93/273/6
f 97/274/1 98/275/1 99/276/1 100/277/1
f 101/278/2 97/279/2 100/280/2 102/281/2
f 103/282/3 99/283/3 98/284/3 104/285/3
f 100/286/4 99/287/4 103/288/4 102/289/4
f 101/290/5 104/291/5 98/292/5 97/293/5
f 102/294/6 103/295/6 104/296/6 101/297/6
f 105/298/1 106/299/1 107/300/1 108/301/1
f 109/302/2 105/303/2 108/304/2 110/305/2
f 111/306/3 107/307/3 106/308/3 112/309/3
f 108/310/4 107/311/4 111/312/4 110/313/4
f 109/314/5 112/315/5 106/316/5 105/317/5
f 110/318/6 111/319/6 112/320/6 109/321/6
f 113/87/1 114/322/1 115/323/1 116/324/1
f 117/325/2 113/123/2 116/326/2 118/327/2
f 119/328/3 115/329/3 114/53/3 120/330/3
f 116/331/4 115/332/4 119/333/4 118/334/4
f 117/335/5 120/336/5 114/337/5 113/338/5
f 118/339/6 119/340/6 120/341/6 117/342/6
f 121/343/1 122/344/1 123/345/1 124/346/1
f 125/347/2 121/348/2 124/349/2 126/350/2
f 127/351/3 123/352/3 122/353/3 128/354/3
f 124/355/4 123/356/4 127/357/4 126/358/4
f 125/359/5 128/360/5 122/361/5 121/13/5
f 126/362/6 127/363/6 128/364/6 125/365/6
f 129/366/1 130/367/1 131/368/1 132/369/1
f 133/370/2 129/371/2 132/372/2 134/373/2
f 135/374/3 131/375/3 130/376/3 136/377/3
f 132/378/4 131/379/4 135/380/4 134/381/4
f 133/382/5 136/383/5 130/384/5 129/385/5
f 134/386/6 135/387/6 136/388/6 133/389/6
f 137/390/1 138/391/1 139/392/1 140/393/1
f 141/394/2 137/395/2 140/396/2 142/397/2
f 143/398/3 139/399/3 138/400/3 144/401/3
f 140/402/4 139/403/4 143/404/4 142/405/4
f 141/406/5 144/407/5 138/408/5 137/409/5
f 142/410/6 143/411/6 144/412/6 141/413/6
f 145/414/1 146/415/1 147/416/1 148/417/1
f 149/418/2 145/419/2 148/420/2 150/421/2
f 151/422/3 147/423/3 146/424/3 152/425/3
f 148/426/4 147/427/4 151/428/4 150/429/4
f 149/430/5 152/431/5 146/432/5 145/433/5
f 150/434/6 151/435/6 152/436/6 149/437/6
f 153/438/1 154/439/1 155/440/1 156/441/1
f 157/442/2 153/443/2 156/444/2 158/445/2
f 159/446/3 155/447/3 154/448/3 160/449/3
f 156/450/4 155/451/4 159/452/4 158/453/4
f 157/454/5 160/455/5 154/456/5 153/457/5
f 158/180/6 159/458/6 160/459/6 157/460/6
f 161/461/1 162/462/1 163/463/1 164/464/1
f 165/465/2 161/466/2 164/467/2 166/468/2
f 167/469/3 163/470/3 162/471/3 168/472/3
f 164/473/4 163/474/4 167/475/4 166/476/4
f 165/477/5 168/478/5 162/479/5 161/17/5
f 166/480/6 167/481/6 168/482/6 165/483/6
f 169/484/1 170/485/1 171/486/1 172/487/1
f 173/488/2 169/489/2 172/490/2 174/491/2
f 175/492/3 171/446/3 170/449/3 176/493/3
f 172/494/4 171/495/4 175/496/4 174/497/4
f 173/498/5 176/499/5 170/500/5 169/501/5
f 174/501/6 175/502/6 176/503/6 173/504/6
f 177/505/1 178/506/1 179/507/1 180/508/1
f 181/509/2 177/510/2 180/511/2 182/512/2
f 183/513/3 179/514/3 178/515/3 184/516/3
f 180/517/4 179/518/4 183/519/4 182/81/4
f 181/520/5 184/521/5 178/522/5 177/523/5
f 182/524/6 183/525/6 184/526/6 181/527/6
f 185/528/1 186/529/1 187/530/1 188/531/1
f 189/532/2 185/533/2 188/534/2 190/535/2
f 191/536/3 187/422/3 186/425/3 192/537/3
f 188/538/4 187/539/4 191/540/4 190/541/4
f 189/542/5 192/543/5 186/544/5 185/545/5
f 190/546/6 191/547/6 192/548/6 189/549/6
f 193/550/1 194/551/1 195/552/1 196/553/1
f 197/554/2 193/555/2 196/556/2 198/557/2
f 199/558/3 195/559/3 194/560/3 200/561/3
f 196/562/4 195/563/4 199/564/4 198/410/4
f 197/565/5 200/566/5 194/567/5 193/318/5
f 198/568/6 199/569/6 200/570/6 197/571/6
f 201/572/1 202/573/1 203/574/1 204/575/1
f 205/576/2 201/577/2 204/578/2 206/579/2
f 207/580/3 203/581/3 202/582/3 208/583/3
f 204/584/4 203/585/4 207/586/4 206/587/4
f 205/588/5 208/589/5 202/590/5 201/591/5
f 206/453/6 207/592/6 208/593/6 205/594/6
f 209/595/1 210/596/1 211/597/1 212/598/1
f 213/599/2 209/600/2 212/577/2 214/576/2
f 215/601/3 211/602/3 210/603/3 216/604/3
f 212/605/4 211/606/4 215/607/4 214/84/4
f 213/608/5 216/609/5 210/610/5 209/611/5
f 214/612/6 215/613/6 216/614/6 213/615/6
f 217/616/1 218/617/1 219/618/1 220/619/1
f 221/620/2 217/468/2 220/621/2 222/622/2
f 223/623/3 219/624/3 218/625/3 224/626/3
f 220/627/4 219/628/4 223/629/4 222/630/4
f 221/631/5 224/632/5 218/633/5 217/634/5
f 222/635/6 223/636/6 224/637/6 221/638/6
f 225/639/1 226/640/1 227/641/1 228/642/1
f 229/643/2 225/644/2 228/645/2 230/646/2
f 231/647/3 227/648/3 226/649/3 232/650/3
f 228/651/4 227/652/4 231/653/4 230/654/4
f 229/655/5 232/656/5 226/657/5 225/658/5
f 230/659/6 231/660/6 232/661/6 229/639/6
f 233/662/1 234/663/1 235/664/1 236/665/1
f 237/666/2 233/667/2 236/442/2 238/668/2
f 239/669/3 235/670/3 234/671/3 240/672/3
f 236/673/4 235/674/4 239/675/4 238/676/4
f 237/677/5 240/678/5 234/679/5 233/680/5
f 238/681/6 239/682/6 240/683/6 237/684/6
f 241/483/1 242/685/1 243/686/1 244/687/1
f 245/645/2 241/688/2 244/689/2 246/690/2
f 247/691/3 243/692/3 242/693/3 248/694/3
f 244/695/4 243/696/4 247/697/4 246/698/4
f 245/699/5 248/700/5 242/701/5 241/702/5
f 246/703/6 247/704/6 248/705/6 245/706/6
f 249/707/1 250/708/1 251/709/1 252/710/1
f 253/711/2 249/554/2 252/712/2 254/713/2
f 255/714/3 251/715/3 250/716/3 256/717/3
f 252/718/4 251/719/4 255/720/4 254/721/4
f 253/722/5 256/723/5 250/724/5 249/725/5
f 254/726/6 255/727/6 256/728/6 253/729/6
f 257/730/1 258/731/1 259/732/1 260/733/1
f 261/734/2 257/735/2 260/535/2 262/736/2
f 263/737/3 259/738/3 258/739/3 264/740/3
f 260/741/4 259/742/4 263/743/4 262/744/4
f 261/745/5 264/746/5 258/747/5 257/748/5
f 262/749/6 263/750/6 264/751/6 261/752/6
f 265/753/1 266/754/1 267/755/1 268/756/1
f 269/757/2 265/758/2 268/759/2 270/760/2
f 271/761/3 267/762/3 266/763/3 272/764/3
f 268/765/4 267/766/4 271/767/4 270/768/4
f 269/769/5 272/770/5 266/771/5 265/772/5
f 270/773/6 271/774/6 272/775/6 269/753/6
f 273/776/1 274/777/1 275/778/1 276/779/1
f 277/780/2 273/781/2 276/782/2 278/783/2
f 279/784/3 275/785/3 274/786/3 280/787/3
f 276/788/4 275/789/4 279/790/4 278/791/4
f 277/792/5 280/793/5 274/794/5 273/795/5
f 278/796/6 279/797/6 280/798/6 277/799/6
f 281/800/1 282/801/1 283/802/1 284/803/1
f 285/804/2 281/805/2 284/806/2 286/807/2
f 287/808/3 283/809/3 282/810/3 288/811/3
f 284/812/4 283/813/4 287/814/4 286/815/4
f 285/816/5 288/817/5 282/818/5 281/819/5
f 286/820/6 287/821/6 288/822/6 285/823/6
f 289/824/1 290/825/1 291/826/1 292/827/1
f 293/511/2 289/828/2 292/829/2 294/830/2
f 295/831/3 291/832/3 290/833/3 296/834/3
f 292/835/4 291/836/4 295/837/4 294/838/4
f 293/839/5 296/840/5 290/841/5 289/842/5
f 294/843/6 295/844/6 296/845/6 293/846/6
f 297/847/1 298/848/1 299/849/1 300/850/1
f 301/851/2 297/852/2 300/853/2 302/854/2
f 303/855/3 299/856/3 298/857/3 304/858/3
f 300/859/4 299/860/4 303/861/4 302/862/4
f 301/838/5 304/863/5 298/864/5 297/865/5
f 302/866/6 303/867/6 304/868/6 301/869/6
f 305/870/1 306/871/1 307/872/1 308/873/1
f 309/874/2 305/875/2 308/876/2 310/877/2
f 311/878/3 307/879/3 306/880/3 312/881/3
f 308/882/4 307/883/4 311/884/4 310/885/4
f 309/886/5 312/887/5 306/888/5 305/889/5
f 310/890/6 311/891/6 312/892/6 309/893/6
f 313/894/1 314/895/1 315/896/1 316/897/1
f 317/898/2 313/899/2 316/900/2 318/901/2
f 319/902/3 315/903/3 314/904/3 320/905/3
f 316/906/4 315/907/4 319/908/4 318/909/4
f 317/910/5 320/911/5 314/912/5 313/913/5
f 318/914/6 319/915/6 320/916/6 317/917/6
f 321/918/1 322/919/1 323/920/1 324/921/1
f 325/922/2 321/898/2 324/901/2 326/923/2
f 327/924/3 323/925/3 322/926/3 328/927/3
f 324/928/4 323/929/4 327/930/4 326/931/4
f 325/932/5 328/933/5 322/934/5 321/935/5
f 326/936/6 327/937/6 328/938/6 325/939/6
f 329/940/1 330/941/1 331/942/1 332/943/1
f 333/944/2 329/922/2 332/923/2 334/945/2
f 335/946/3 331/947/3 330/948/3 336/949/3
f 332/950/4 331/951/4 335/952/4 334/953/4
f 333/954/5 336/955/5 330/956/5 329/957/5
f 334/958/6 335/959/6 336/960/6 333/961/6
f 337/962/1 338/963/1 339/964/1 340/965/1
f 341/966/2 337/944/2 340/945/2 342/967/2
f 343/968/3 339/969/3 338/970/3 344/971/3
f 340/972/4 339/973/4 343/974/4 342/975/4
f 341/976/5 344/977/5 338/978/5 337/695/5
f 342/979/6 343/980/6 344/981/6 341/982/6
f 345/983/1 346/984/1 347/985/1 348/986/1
f 349/987/2 345/988/2 348/989/2 350/990/2
f 351/991/3 347/992/3 346/993/3 352/994/3
f 348/995/4 347/996/4 351/997/4 350/880/4
f 349/998/5 352/999/5 346/1000/5 345/1001/5
f 350/1002/6 351/1003/6 352/1004/6 349/1005/6
f 353/1006/1 354/1007/1 355/1008/1 356/1009/1
f 357/899/2 353/1010/2 356/1011/2 358/900/2
f 359/1012/3 355/1013/3 354/1014/3 360/1015/3
f 356/1016/4 355/1017/4 359/1018/4 358/673/4
f 357/819/5 360/1019/5 354/1020/5 353/1021/5
f 358/1022/6 359/1023/6 360/1024/6 357/1025/6
f 361/1026/1 362/1027/1 363/1028/1 364/1029/1
f 365/1010/2 361/1030/2 364/1031/2 366/1011/2
f 367/1032/3 363/1033/3 362/1034/3 368/1035/3
f 364/1036/4 363/1037/4 367/1038/4 366/1039/4
f 365/1040/5 368/1041/5 362/1042/5 361/434/5
f 366/1043/6 367/1044/6 368/1045/6 365/1046/6
f 369/1047/1 370/1048/1 371/1049/1 372/1050/1
f 373/1030/2 369/1051/2 372/1052/2 374/1031/2
f 375/1053/3 371/1054/3 370/1055/3 376/1056/3
f 372/1057/4 371/1058/4 375/1059/4 374/1060/4
f 373/1061/5 376/1062/5 370/1063/5 369/1064/5
f 374/1065/6 375/1066/6 376/1067/6 373/1068/6
f 377/1069/1 378/1070/1 379/1071/1 380/1072/1
f 381/1073/2 377/1074/2 380/1075/2 382/12/2
f 383/1076/3 379/1077/3 378/1078/3 384/1079/3
f 380/1080/4 379/1081/4 383/1082/4 382/1083/4
f 381/1021/5 384/1084/5 378/1085/5 377/1086/5
f 382/1087/6 383/1088/6 384/1089/6 381/1090/6
f 385/1091/1 386/1092/1 387/1093/1 388/1094/1
f 389/1074/2 385/1095/2 388/1096/2 390/1075/2
f 391/1097/3 387/1098/3 386/1099/3 392/1100/3
f 388/1101/4 387/1102/4 391/1103/4 390/1104/4
f 389/1064/5 392/1105/5 386/1106/5 385/1107/5
f 390/1094/6 391/1108/6 392/1109/6 389/1110/6
f 393/1111/1 394/1112/1 395/1113/1 396/1114/1
f 397/1115/2 393/1116/2 396/1117/2 398/1118/2
f 399/994/3 395/993/3 394/1119/3 400/1120/3
f 396/1121/4 395/1122/4 399/1123/4 398/1124/4
f 397/1125/5 400/1126/5 394/1127/5 393/1128/5
f 398/1129/6 399/1130/6 400/1131/6 397/1132/6
f 401/1133/1 402/1134/1 403/1135/1 404/1136/1
f 405/1137/2 401/1138/2 404/376/2 406/829/2
f 407/1139/3 403/1140/3 402/1141/3 408/1142/3
f 404/1143/4 403/1144/4 407/1145/4 406/1146/4
f 405/1147/5 408/1148/5 402/1149/5 401/1150/5
f 406/429/6 407/1151/6 408/1152/6 405/1153/6
f 409/1154/1 410/1155/1 411/1156/1 412/1157/1
f 413/1158/2 409/1159/2 412/1160/2 414/1161/2
f 415/1162/3 411/1163/3 410/1164/3 416/1165/3
f 412/1166/4 411/1167/4 415/1168/4 414/1169/4
f 413/1170/5 416/1171/5 410/1172/5 409/1173/5
f 414/1174/6 415/1175/6 416/1176/6 413/1177/6
f 417/1178/1 418/1179/1 419/1180/1 420/1181/1
f 421/1182/2 417/1183/2 420/858/2 422/1184/2
f 423/1185/3 419/1186/3 418/1187/3 424/1188/3
f 420/1189/4 419/1190/4 423/1191/4 422/1192/4
f 421/1193/5 424/1194/5 418/1195/5 417/1196/5
f 422/1197/6 423/1198/6 424/1199/6 421/1200/6
f 425/1201/1 426/1202/1 427/1203/1 428/1204/1
f 429/1205/2 425/1206/2 428/1207/2 430/1208/2
f 431/1209/3 427/1210/3 426/1211/3 432/1212/3
f 428/1213/4 427/1214/4 431/1215/4 430/1216/4
f 429/1217/5 432/1218/5 426/1219/5 425/1220/5
f 430/1221/6 431/1222/6 432/1223/6 429/1224/6
f 433/1225/1 434/1226/1 435/1227/1 436/1228/1
f 437/1229/2 433/1230/2 436/808/2 438/1231/2
f 439/1232/3 435/1233/3 434/969/3 440/968/3
f 436/1234/4 435/1235/4 439/1236/4 438/1237/4
f 437/1238/5 440/1239/5 434/1240/5 433/1241/5
f 438/176/6 439/1242/6 440/1243/6 437/1244/6
f 441/1245/1 442/1246/1 443/1247/1 444/1248/1
f 445/1249/2 441/1250/2 444/1251/2 446/1252/2
f 447/1253/3 443/1254/3 442/1255/3 448/1256/3
f 444/1257/4 443/1258/4 447/1259/4 446/1260/4
f 445/1261/5 448/1262/5 442/1263/5 441/1264/5
f 446/1265/6 447/1266/6 448/1267/6 445/1268/6
f 449/1269/1 450/1270/1 451/1271/1 452/1272/1
f 453/1273/2 449/1274/2 452/1275/2 454/1276/2
f 455/1120/3 451/1119/3 450/1277/3 456/1278/3
f 452/1279/4 451/1280/4 455/1281/4 454/1282/4
f 453/1283/5 456/1284/5 450/1285/5 449/1286/5
f 454/1287/6 455/1288/6 456/1289/6 453/1290/6
f 457/1291/1 458/1292/1 459/1293/1 460/1294/1
f 461/1295/2 457/1296/2 460/1297/2 462/1298/2
f 463/1299/3 459/1300/3 458/1301/3 464/1302/3
f 460/1303/4 459/1304/4 463/1305/4 462/1306/4
f 461/1307/5 464/1308/5 458/1309/5 457/1310/5
f 462/698/6 463/1311/6 464/1312/6 461/1313/6
f 465/1314/1 466/1315/1 467/1316/1 468/1317/1
f 469/1318/2 465/1319/2 468/1320/2 470/1321/2
f 471/1322/3 467/669/3 466/672/3 472/1323/3
f 468/1324/4 467/1325/4 471/1326/4 470/1327/4
f 469/1328/5 472/1329/5 466/1330/5 465/1331/5
f 470/1332/6 471/1333/6 472/1334/6 469/1335/6
f 473/1336/1 474/1337/1 475/1338/1 476/1339/1
f 477/1340/2 473/1341/2 476/1342/2 478/1343/2
f 479/1344/3 475/1345/3 474/1346/3 480/1347/3
f 476/1348/4 475/1349/4 479/1350/4 478/1351/4
f 477/1352/5 480/1353/5 474/1354/5 473/1355/5
f 478/1356/6 479/1357/6 480/1358/6 477/1359/6
f 481/1360/1 482/1361/1 483/1362/1 484/1363/1
f 485/1364/2 481/1365/2 484/1366/2 486/1367/2
f 487/1368/3 483/1369/3 482/1370/3 488/1371/3
f 484/889/4 483/1372/4 487/1373/4 486/1374/4
f 485/1310/5 488/1375/5 482/1376/5 481/1377/5
f 486/1378/6 487/1379/6 488/1380/6 485/1381/6
f 489/1382/1 490/1383/1 491/1384/1 492/1385/1
f 493/57/2 489/1386/2 492/1387/2 494/1388/2
f 495/1389/3 491/1390/3 490/1391/3 496/1392/3
f 492/1393/4 491/1394/4 495/1395/4 494/1396/4
f 493/1397/5 496/1398/5 490/1399/5 489/1400/5
f 494/1401/6 495/1402/6 496/1403/6 493/1404/6
f 497/1405/1 498/1406/1 499/1407/1 500/1408/1
f 501/1367/2 497/1366/2 500/1409/2 502/1251/2
f 503/1410/3 499/1411/3 498/1412/3 504/1413/3
f 500/1414/4 499/1415/4 503/1416/4 502/1417/4
f 501/1418/5 504/1419/5 498/1420/5 497/1421/5
f 502/1422/6 503/1423/6 504/1424/6 501/1425/6
f 505/1426/5 506/1427/5 507/1428/5 508/1429/5
f 509/1430/2 505/1431/2 508/1432/2 510/1433/2
f 511/1434/3 507/54/3 506/1435/3 512/1436/3
f 508/1437/1 507/1438/1 511/1439/1 510/510/1
f 509/1440/6 512/1441/6 506/1442/6 505/1443/6
f 510/1444/4 511/1445/4 512/1446/4 509/1447/4
f 513/1448/5 514/1449/5 515/1450/5 516/1451/5
f 517/1452/2 513/1430/2 516/1433/2 518/1453/2
f 519/329/3 515/1454/3 514/1455/3 520/1456/3
f 516/1457/1 515/1458/1 519/1459/1 518/1460/1
f 517/1461/6 520/1462/6 514/1463/6 513/1464/6
f 518/1465/4 519/1466/4 520/1467/4 517/1468/4
f 521/1469/1 522/1470/1 523/1471/1 524/1472/1
f 525/1473/2 521/1474/2 524/1475/2 526/1476/2
f 527/1477/3 523/1478/3 522/1479/3 528/1480/3
f 524/1481/4 523/1482/4 527/1483/4 526/1484/4
f 525/1485/5 528/1486/5 522/1487/5 521/1488/5
f 526/1489/6 527/1490/6 528/1491/6 525/1492/6
f 529/1493/1 530/1494/1 531/1495/1 532/1496/1
f 533/1497/2 529/1498/2 532/1499/2 534/1500/2
f 535/1501/3 531/1502/3 530/1503/3 536/1504/3
f 532/1447/4 531/1505/4 535/1506/4 534/1507/4
f 533/1508/5 536/1509/5 530/1510/5 529/1511/5
f 534/1512/6 535/1513/6 536/1514/6 533/1515/6
f 537/1516/1 538/1517/1 539/1518/1 540/1519/1
f 541/875/2 537/1520/2 540/1521/2 542/1522/2
f 543/1523/3 539/1524/3 538/1391/3 544/1525/3
f 540/1526/4 539/1527/4 543/1528/4 542/1444/4
f 541/1507/5 544/1529/5 538/1530/5 537/1531/5
f 542/1532/6 543/1533/6 544/1534/6 541/1535/6
f 545/1536/1 546/1537/1 547/1538/1 548/1539/1
f 549/1540/2 545/1541/2 548/1542/2 550/1543/2
f 551/1544/3 547/1545/3 546/1546/3 552/1547/3
f 548/1548/4 547/1549/4 551/1550/4 550/1551/4
f 549/1552/5 552/1553/5 546/1554/5 545/1555/5
f 550/1556/6 551/1557/6 552/1558/6 549/1559/6
f 553/1560/1 554/1561/1 555/1562/1 556/1563/1
f 557/1564/2 553/1565/2 556/1566/2 558/1567/2
f 559/1568/3 555/1569/3 554/1570/3 560/1571/3
f 556/1572/4 555/1573/4 559/1574/4 558/1575/4
f 557/1576/5 560/1577/5 554/1578/5 553/1579/5
f 558/1580/6 559/1581/6 560/1582/6 557/1583/6
f 561/1584/1 562/1585/1 563/1586/1 564/1587/1
f 565/1588/2 561/425/2 564/1589/2 566/1590/2
f 567/1591/3 563/1592/3 562/1593/3 568/489/3
f 564/1594/4 563/1595/4 567/1596/4 566/1597/4
f 565/1598/5 568/1599/5 562/1600/5 561/1601/5
f 566/1602/6 567/1603/6 568/1604/6 565/1605/6
f 569/1606/1 570/1607/1 571/1608/1 572/1609/1
f 573/1610/2 569/1611/2 572/1612/2 574/1613/2
f 575/1614/3 571/1615/3 570/1616/3 576/1617/3
f 572/1618/4 571/1619/4 575/1620/4 574/1621/4
f 573/1622/5 576/1623/5 570/1624/5 569/1625/5
f 574/1626/6 575/1627/6 576/1628/6 573/1629/6
f 577/1630/1 578/1631/1 579/1632/1 580/227/1
f 581/1633/2 577/1634/2 580/1635/2 582/1636/2
f 583/1637/3 579/1638/3 578/1639/3 584/1640/3
f 580/1641/4 579/1642/4 583/1643/4 582/1644/4
f 581/1645/5 584/1646/5 578/1647/5 577/1648/5
f 582/1649/6 583/1650/6 584/1651/6 581/1652/6
f 585/1653/1 586/1654/1 587/1655/1 588/1656/1
f 589/1657/2 585/1633/2 588/1636/2 590/1658/2
f 591/1659/3 587/1660/3 586/1661/3 592/876/3
f 588/1644/4 587/1662/4 591/1663/4 590/1664/4
f 589/1665/5 592/1666/5 586/1667/5 585/1668/5
f 590/1669/6 591/1670/6 592/1671/6 589/1672/6
f 593/1673/1 594/1674/1 595/1675/1 596/1676/1
f 597/303/2 593/1677/2 596/1678/2 598/304/2
f 599/1679/3 595/1680/3 594/1681/3 600/1682/3
f 596/1683/4 595/1684/4 599/1685/4 598/1686/4
f 597/1687/5 600/1688/5 594/1689/5 593/1690/5
f 598/1691/6 599/1692/6 600/1693/6 597/1694/6
f 601/1695/1 602/1696/1 603/1697/1 604/1698/1
f 605/1699/2 601/509/2 604/1700/2 606/1701/2
f 607/1702/3 603/1703/3 602/1704/3 608/1705/3
f 604/1706/4 603/1707/4 607/1708/4 606/1709/4
f 605/1710/5 608/1711/5 602/1712/5 601/1713/5
f 606/1714/6 607/1715/6 608/1716/6 605/1717/6
f 609/1718/1 610/1719/1 611/1720/1 612/1721/1
f 613/1722/2 609/1723/2 612/1319/2 614/1318/2
f 615/1724/3 611/1725/3 610/1726/3 616/1727/3
f 612/1728/4 611/1729/4 615/1730/4 614/1731/4
f 613/1732/5 616/1733/5 610/1734/5 609/1735/5
f 614/1736/6 615/1737/6 616/1738/6 613/1739/6
f 617/265/1 618/1740/1 619/1741/1 620/1742/1
f 621/1743/2 617/1744/2 620/1745/2 622/1746/2
f 623/1747/3 619/1748/3 618/1749/3 624/1750/3
f 620/1751/4 619/1752/4 623/1753/4 622/1754/4
f 621/1755/5 624/1756/5 618/1757/5 617/1431/5
f 622/1758/6 623/1759/6 624/1760/6 621/1761/6
f 625/1762/1 626/1763/1 627/1764/1 628/1765/1
f 629/1766/2 625/1767/2 628/1768/2 630/1769/2
f 631/1770/3 627/1771/3 626/1099/3 632/1772/3
f 628/1773/4 627/1774/4 631/1775/4 630/763/4
f 629/1776/5 632/1777/5 626/1778/5 625/1779/5
f 630/1780/6 631/1781/6 632/1782/6 629/1783/6
f 633/1784/1 634/1785/1 635/1786/1 636/1787/1
f 637/1788/2 633/1588/2 636/1723/2 638/1722/2
f 639/1789/3 635/1790/3 634/1791/3 640/1792/3
f 636/1793/4 635/1794/4 639/1795/4 638/1796/4
f 637/1797/5 640/1798/5 634/1799/5 633/1800/5
f 638/1801/6 639/1802/6 640/1803/6 637/1804/6
f 641/1805/1 642/1806/1 643/1807/1 644/1808/1
f 645/1809/2 641/1810/2 644/1811/2 646/1812/2
f 647/1813/3 643/1814/3 642/1815/3 648/1816/3
f 644/1817/4 643/1818/4 647/1819/4 646/1820/4
f 645/1821/5 648/1822/5 642/1823/5 641/1824/5
f 646/1825/6 647/1826/6 648/1827/6 645/1828/6
f 649/1829/1 650/1830/1 651/1831/1 652/1832/1
f 653/1833/2 649/1834/2 652/1835/2 654/1836/2
f 655/1837/3 651/1838/3 650/1839/3 656/901/3
f 652/1840/4 651/1841/4 655/1842/4 654/1843/4
f 653/1844/5 656/1845/5 650/1846/5 649/1847/5
f 654/1848/6 655/1849/6 656/1850/6 653/1851/6
f 657/1852/1 658/1853/1 659/1854/1 660/1855/1
f 661/1856/2 657/1857/2 660/1858/2 662/1859/2
f 663/1816/3 659/1815/3 658/1860/3 664/1861/3
f 660/1862/4 659/1863/4 663/1864/4 662/1865/4
f 661/1866/5 664/1867/5 658/1868/5 657/1844/5
f 662/1869/6 663/1870/6 664/1871/6 661/1872/6
f 665/1873/1 666/1874/1 667/1875/1 668/1876/1
f 669/1877/2 665/1878/2 668/1879/2 670/1880/2
f 671/1881/3 667/1882/3 666/1883/3 672/1884/3
f 668/1885/4 667/1886/4 671/1887/4 670/1888/4
f 669/1889/5 672/1890/5 666/1891/5 665/1892/5
f 670/1893/6 671/1894/6 672/1895/6 669/1896/6
f 673/1897/1 674/1898/1 675/1899/1 676/1900/1
f 677/1901/2 673/1902/2 676/1903/2 678/1904/2
f 679/1905/3 675/1906/3 674/1907/3 680/1908/3
f 676/1909/4 675/1910/4 679/1911/4 678/1912/4
f 677/1913/5 680/1914/5 674/1915/5 673/1916/5
f 678/1917/6 679/1918/6 680/1919/6 677/1920/6
f 681/1921/1 682/1922/1 683/1923/1 684/1924/1
f 685/1925/2 681/1926/2 684/1927/2 686/1928/2
f 687/1929/3 683/1930/3 682/1931/3 688/491/3
f 684/975/4 683/1932/4 687/1933/4 686/1934/4
f 685/1935/5 688/1936/5 682/1937/5 681/1938/5
f 686/1939/6 687/1940/6 688/1941/6 685/1942/6
f 689/441/1 690/1943/1 691/1944/1 692/1401/1
f 693/1945/2 689/1946/2 692/1947/2 694/1948/2
f 695/1949/3 691/1950/3 690/1951/3 696/1952/3
f 692/1953/4 691/1954/4 695/1955/4 694/1956/4
f 693/1957/5 696/1958/5 690/1959/5 689/1960/5
f 694/1961/6 695/1962/6 696/1963/6 693/1964/6
f 697/1965/1 698/1966/1 699/1967/1 700/1968/1
f 701/783/2 697/1969/2 700/1970/2 702/1971/2
f 703/1972/3 699/1973/3 698/1974/3 704/1975/3
f 700/1956/4 699/1976/4 703/1977/4 702/1978/4
f 701/358/5 704/1979/5 698/1980/5 697/1981/5
f 702/1982/6 703/1983/6 704/1984/6 701/1985/6
f 705/1986/1 706/1987/1 707/1988/1 708/1989/1
f 709/1990/2 705/1991/2 708/1992/2 710/1993/2
f 711/1994/3 707/1995/3 706/1996/3 712/1997/3
f 708/1605/4 707/1998/4 711/1999/4 710/2000/4
f 709/2001/5 712/2002/5 706/2003/5 705/2004/5
f 710/2005/6 711/2006/6 712/2007/6 709/2008/6
f 713/2009/1 714/2010/1 715/2011/1 716/2012/1
f 717/2013/2 713/783/2 716/1971/2 718/2014/2
f 719/2015/3 715/2016/3 714/2017/3 720/2018/3
f 716/2019/4 715/2020/4 719/2021/4 718/2022/4
f 717/2023/5 720/2024/5 714/2025/5 713/2026/5
f 718/2027/6 719/2028/6 720/2029/6 717/2030/6
f 721/2031/1 722/2032/1 723/2033/1 724/2034/1
f 725/1810/2 721/2035/2 724/2036/2 726/1811/2
f 727/2037/3 723/2038/3 722/2039/3 728/2040/3
f 724/2041/4 723/2042/4 727/2043/4 726/2044/4
f 725/2045/5 728/2046/5 722/2047/5 721/2048/5
f 726/2049/6 727/2050/6 728/2051/6 725/2052/6
f 729/2053/1 730/2054/1 731/2055/1 732/2056/1
f 733/1319/2 729/2057/2 732/2058/2 734/1320/2
f 735/2059/3 731/2060/3 730/2061/3 736/2062/3
f 732/2063/4 731/2064/4 735/2065/4 734/2066/4
f 733/2067/5 736/2068/5 730/2069/5 729/2070/5
f 734/2071/6 735/2072/6 736/2073/6 733/2074/6
f 737/2075/1 738/2076/1 739/2077/1 740/2078/1
f 741/1723/2 737/2079/2 740/2057/2 742/1319/2
f 743/2080/3 739/2081/3 738/2082/3 744/2083/3
f 740/2084/4 739/2085/4 743/2086/4 742/2087/4
f 741/2088/5 744/2089/5 738/2090/5 737/2091/5
f 742/2092/6 743/2093/6 744/2094/6 741/382/6
f 745/2095/1 746/2096/1 747/2097/1 748/2098/1
f 749/1835/2 745/2099/2 748/2100/2 750/2101/2
f 751/2102/3 747/2103/3 746/2104/3 752/2105/3
f 748/2106/4 747/2107/4 751/2108/4 750/2109/4
f 749/2110/5 752/2111/5 746/2112/5 745/2113/5
f 750/2114/6 751/2115/6 752/2116/6 749/2117/6
f 753/2118/1 754/2119/1 755/2120/1 756/2121/1
f 757/1834/2 753/2122/2 756/2099/2 758/1835/2
f 759/2123/3 755/2124/3 754/2125/3 760/2126/3
f 756/2127/4 755/2128/4 759/2129/4 758/2130/4
f 757/2131/5 760/2132/5 754/2133/5 753/2134/5
f 758/2135/6 759/2136/6 760/2137/6 757/2138/6
f 761/2139/1 762/2140/1 763/2141/1 764/2142/1
f 765/2143/2 761/2144/2 764/2145/2 766/2146/2
f 767/2147/3 763/2148/3 762/2149/3 768/2150/3
f 764/2151/4 763/2152/4 767/2153/4 766/2154/4
f 765/2155/5 768/2156/5 762/2157/5 761/2158/5
f 766/2159/6 767/2160/6 768/2161/6 765/2162/6
f 769/417/1 770/2163/1 771/2164/1 772/2165/1
f 773/1902/2 769/1078/2 772/2166/2 774/1903/2
f 775/2167/3 771/2168/3 770/2169/3 776/2170/3
f 772/2171/4 771/2172/4 775/2173/4 774/2174/4
f 773/2175/5 776/2176/5 770/2177/5 769/2178/5
f 774/2179/6 775/2180/6 776/2181/6 773/2182/6
f 777/2183/1 778/2184/1 779/2185/1 780/2186/1
f 781/1926/2 777/2187/2 780/2188/2 782/1927/2
f 783/2189/3 779/2190/3 778/2191/3 784/2192/3
f 780/2193/4 779/2194/4 783/2195/4 782/2196/4
f 781/2197/5 784/2198/5 778/2199/5 777/1649/5
f 782/2200/6 783/2201/6 784/2202/6 781/2203/6
f 785/2204/1 786/2205/1 787/2206/1 788/2207/1
f 789/2208/2 785/488/2 788/2209/2 790/258/2
f 791/2210/3 787/2211/3 786/2212/3 792/2213/3
f 788/2214/4 787/2215/4 791/2216/4 790/2217/4
f 789/2218/5 792/2219/5 786/2220/5 785/298/5
f 790/2221/6 791/2222/6 792/2223/6 789/2224/6
f 793/2225/1 794/2226/1 795/2227/1 796/2228/1
f 797/1769/2 793/1768/2 796/76/2 798/2229/2
f 799/2230/3 795/2231/3 794/2232/3 800/2233/3
f 796/2234/4 795/2235/4 799/2236/4 798/2237/4
f 797/2238/5 800/2239/5 794/2240/5 793/2241/5
f 798/2242/6 799/2243/6 800/2244/6 797/2245/6
f 801/2246/1 802/2247/1 803/2248/1 804/2249/1
f 805/2250/2 801/2208/2 804/258/2 806/2251/2
f 807/2252/3 803/2253/3 802/2254/3 808/2255/3
f 804/2256/4 803/2257/4 807/2258/4 806/595/4
f 805/2259/5 808/2260/5 802/2261/5 801/2262/5
f 806/2263/6 807/2264/6 808/2265/6 805/2266/6
f 809/2267/1 810/2268/1 811/2269/1 812/2270/1
f 813/2271/2 809/2272/2 812/2273/2 814/2274/2
f 815/2275/3 811/2276/3 810/2277/3 816/2278/3
f 812/2279/4 811/2280/4 815/2281/4 814/2282/4
f 813/2283/5 816/2284/5 810/2285/5 809/2286/5
f 814/2287/6 815/2288/6 816/2289/6 813/2290/6
f 817/2291/1 818/2292/1 819/2293/1 820/2294/1
f 821/2272/2 817/2295/2 820/2296/2 822/2273/2
f 823/2297/3 819/2298/3 818/2299/3 824/2300/3
f 820/2301/4 819/2302/4 823/2303/4 822/2304/4
f 821/2305/5 824/2306/5 818/2307/5 817/2308/5
f 822/2309/6 823/2310/6 824/2311/6 821/2312/6
