o Solid_64
v 0.5600000023841858 0.07999999821186066 0
v 0.5609999895095825 0.08100000023841858 0.004999999888241291
v 0.5609999895095825 0.08900000154972076 0.004999999888241291
v 0.5600000023841858 0.09000000357627869 0
v 0.5699999928474426 0.07999999821186066 8.673617379884035e-19
v 0.5699999928474426 0.09000000357627869 0
v 0.5690000057220459 0.08900000154972076 0.004999999888241291
v 0.5690000057220459 0.08100000023841858 0.004999999888241291
vn -0.9805806875228882 0 0.1961161345243454
vn -0.9805806875228882 0 0.1961161345243454
vn -0.9805806875228882 0 0.1961161345243454
vn -0.9805806875228882 0 0.1961161345243454
vn 0 -8.673617379884035e-17 -1
vn 0 -8.673617379884035e-17 -1
vn 0 -8.673617379884035e-17 -1
vn 0 -8.673617379884035e-17 -1
vn 0 0 1
vn 0 0 1
vn 0 0 1
vn 0 0 1
vn 0 0.9805806875228882 0.1961161345243454
vn 0 0.9805806875228882 0.1961161345243454
vn 0 0.9805806875228882 0.1961161345243454
vn 0 0.9805806875228882 0.1961161345243454
vn -1.7010363800944625e-17 -0.9805806875228882 0.1961161345243454
vn -1.7010363800944625e-17 -0.9805806875228882 0.1961161345243454
vn -1.7010363800944625e-17 -0.9805806875228882 0.1961161345243454
vn -1.7010363800944625e-17 -0.9805806875228882 0.1961161345243454
vn 0.9805806875228882 1.7010363800944625e-17 0.1961161345243454
vn 0.9805806875228882 1.7010363800944625e-17 0.1961161345243454
vn 0.9805806875228882 1.7010363800944625e-17 0.1961161345243454
vn 0.9805806875228882 1.7010363800944625e-17 0.1961161345243454
f 1//1 2//2 3//3 4//4
f 5//5 1//6 4//7 6//8
f 7//9 3//10 2//11 8//12
f 4//13 3//14 7//15 6//16
f 5//17 8//18 2//19 1//20
f 6//21 7//22 8//23 5//24
o Solid_65
v 0.6000000238418579 0.019999999552965164 0
v 0.6010000109672546 0.020999999716877937 0.004999999888241291
v 0.6010000109672546 0.028999999165534973 0.004999999888241291
v 0.6000000238418579 0.029999999329447746 0
v 0.6899999976158142 0.019999999552965164 8.673617379884035e-19
v 0.6899999976158142 0.029999999329447746 0
v 0.6890000104904175 0.028999999165534973 0.004999999888241291
v 0.6890000104904175 0.020999999716877937 0.004999999888241291
vn -0.9805806875228882 0 0.1961161345243454
vn -0.9805806875228882 0 0.1961161345243454
vn -0.9805806875228882 0 0.1961161345243454
vn -0.9805806875228882 0 0.1961161345243454
vn 0 -8.673617379884035e-17 -1
vn 0 -8.673617379884035e-17 -1
vn 0 -8.673617379884035e-17 -1
vn 0 -8.673617379884035e-17 -1
vn 0 0 1
vn 0 0 1
vn 0 0 1
vn 0 0 1
vn 0 0.9805806875228882 0.1961161345243454
vn 0 0.9805806875228882 0.1961161345243454
vn 0 0.9805806875228882 0.1961161345243454
vn 0 0.9805806875228882 0.1961161345243454
vn -1.7010363800944625e-17 -0.9805806875228882 0.1961161345243454
vn -1.7010363800944625e-17 -0.9805806875228882 0.1961161345243454
vn -1.7010363800944625e-17 -0.9805806875228882 0.1961161345243454
vn -1.7010363800944625e-17 -0.9805806875228882 0.1961161345243454
vn 0.9805806875228882 1.7010363800944625e-17 0.1961161345243454
vn 0.9805806875228882 1.7010363800944625e-17 0.1961161345243454
vn 0.9805806875228882 1.7010363800944625e-17 0.1961161345243454
vn 0.9805806875228882 1.7010363800944625e-17 0.1961161345243454
f 9//25 10//26 11//27 12//28
f 13//29 9//30 12//31 14//32
f 15//33 11//34 10//35 16//36
f 12//37 11//38 15//39 14//40
f 13//41 16//42 10//43 9//44
f 14//45 15//46 16//47 13//48
o Extruded.001
v 0.8100000023841858 0.10000000149011612 0
v 0.8100000023841858 0.10000000149011612 -0.009999999776482582
v 0.550000011920929 0.10000000149011612 -0.009999999776482582
v 0.550000011920929 0.10000000149011612 0
v 0.550000011920929 0.009999999776482582 -0.009999999776482582
v 0.550000011920929 0.009999999776482582 0
v 0.8100000023841858 0.009999999776482582 -0.009999999776482582
v 0.8100000023841858 0.009999999776482582 0
vn 0 1 0
vn 0 1 0
vn 0 1 0
vn 0 1 0
vn -1 0 0
vn -1 0 0
vn -1 0 0
vn -1 0 0
vn 0 -1 0
vn 0 -1 0
vn 0 -1 0
vn 0 -1 0
vn 1 0 0
vn 1 0 0
vn 1 0 0
vn 1 0 0
vn 0 0 -1
vn 0 0 -1
vn 0 0 -1
vn 0 0 -1
vn 0 0 1
vn 0 0 1
vn 0 0 1
vn 0 0 1
f 17//49 18//50 19//51 20//52
f 20//53 19//54 21//55 22//56
f 22//57 21//58 23//59 24//60
f 24//61 23//62 18//63 17//64
f 18//65 23//66 21//67 19//68
f 20//69 22//70 24//71 17//72
o Solid_69
v 0.5899999737739563 0.07999999821186066 0
v 0.5910000205039978 0.08100000023841858 0.004999999888241291
v 0.5910000205039978 0.08900000154972076 0.004999999888241291
v 0.5899999737739563 0.09000000357627869 0
v 0.6000000238418579 0.07999999821186066 8.673617379884035e-19
v 0.6000000238418579 0.09000000357627869 0
v 0.5989999771118164 0.08900000154972076 0.004999999888241291
v 0.5989999771118164 0.08100000023841858 0.004999999888241291
vn -0.9805806875228882 0 0.1961161345243454
vn -0.9805806875228882 0 0.1961161345243454
vn -0.9805806875228882 0 0.1961161345243454
vn -0.9805806875228882 0 0.1961161345243454
vn 0 -8.673617379884035e-17 -1
vn 0 -8.673617379884035e-17 -1
vn 0 -8.673617379884035e-17 -1
vn 0 -8.673617379884035e-17 -1
vn 0 0 1
vn 0 0 1
vn 0 0 1
vn 0 0 1
vn 0 0.9805806875228882 0.1961161345243454
vn 0 0.9805806875228882 0.1961161345243454
vn 0 0.9805806875228882 0.1961161345243454
vn 0 0.9805806875228882 0.1961161345243454
vn -1.7010363800944625e-17 -0.9805806875228882 0.1961161345243454
vn -1.7010363800944625e-17 -0.9805806875228882 0.1961161345243454
vn -1.7010363800944625e-17 -0.9805806875228882 0.1961161345243454
vn -1.7010363800944625e-17 -0.9805806875228882 0.1961161345243454
vn 0.9805806875228882 1.7010363800944625e-17 0.1961161345243454
vn 0.9805806875228882 1.7010363800944625e-17 0.1961161345243454
vn 0.9805806875228882 1.7010363800944625e-17 0.1961161345243454
vn 0.9805806875228882 1.7010363800944625e-17 0.1961161345243454
f 25//73 26//74 27//75 28//76
f 29//77 25//78 28//79 30//80
f 31//81 27//82 26//83 32//84
f 28//85 27//86 31//87 30//88
f 29//89 32//90 26//91 25//92
f 30//93 31//94 32//95 29//96
o Solid_70
v 0.6000000238418579 0.07999999821186066 0
v 0.6010000109672546 0.08100000023841858 0.004999999888241291
v 0.6010000109672546 0.08900000154972076 0.004999999888241291
v 0.6000000238418579 0.09000000357627869 0
v 0.6100000143051147 0.07999999821186066 8.673617379884035e-19
v 0.6100000143051147 0.09000000357627869 0
v 0.609000027179718 0.08900000154972076 0.004999999888241291
v 0.609000027179718 0.08100000023841858 0.004999999888241291
vn -0.9805806875228882 0 0.1961161345243454
vn -0.9805806875228882 0 0.1961161345243454
vn -0.9805806875228882 0 0.1961161345243454
vn -0.9805806875228882 0 0.1961161345243454
vn 0 -8.673617379884035e-17 -1
vn 0 -8.673617379884035e-17 -1
vn 0 -8.673617379884035e-17 -1
vn 0 -8.673617379884035e-17 -1
vn 0 0 1
vn 0 0 1
vn 0 0 1
vn 0 0 1
vn 0 0.9805806875228882 0.1961161345243454
vn 0 0.9805806875228882 0.1961161345243454
vn 0 0.9805806875228882 0.1961161345243454
vn 0 0.9805806875228882 0.1961161345243454
vn -1.7010363800944625e-17 -0.9805806875228882 0.1961161345243454
vn -1.7010363800944625e-17 -0.9805806875228882 0.1961161345243454
vn -1.7010363800944625e-17 -0.9805806875228882 0.1961161345243454
vn -1.7010363800944625e-17 -0.9805806875228882 0.1961161345243454
vn 0.9805806875228882 1.7010363800944625e-17 0.1961161345243454
vn 0.9805806875228882 1.7010363800944625e-17 0.1961161345243454
vn 0.9805806875228882 1.7010363800944625e-17 0.1961161345243454
vn 0.9805806875228882 1.7010363800944625e-17 0.1961161345243454
f 33//97 34//98 35//99 36//100
f 37//101 33//102 36//103 38//104
f 39//105 35//106 34//107 40//108
f 36//109 35//110 39//111 38//112
f 37//113 40//114 34//115 33//116
f 38//117 39//118 40//119 37//120
o Solid_71
v 0.6100000143051147 0.07999999821186066 0
v 0.6110000014305115 0.08100000023841858 0.004999999888241291
v 0.6110000014305115 0.08900000154972076 0.004999999888241291
v 0.6100000143051147 0.09000000357627869 0
v 0.6200000047683716 0.07999999821186066 8.673617379884035e-19
v 0.6200000047683716 0.09000000357627869 0
v 0.6190000176429749 0.08900000154972076 0.004999999888241291
v 0.6190000176429749 0.08100000023841858 0.004999999888241291
vn -0.9805806875228882 0 0.1961161345243454
vn -0.9805806875228882 0 0.1961161345243454
vn -0.9805806875228882 0 0.1961161345243454
vn -0.9805806875228882 0 0.1961161345243454
vn 0 -8.673617379884035e-17 -1
vn 0 -8.673617379884035e-17 -1
vn 0 -8.673617379884035e-17 -1
vn 0 -8.673617379884035e-17 -1
vn 0 0 1
vn 0 0 1
vn 0 0 1
vn 0 0 1
vn 0 0.9805806875228882 0.1961161345243454
vn 0 0.9805806875228882 0.1961161345243454
vn 0 0.9805806875228882 0.1961161345243454
vn 0 0.9805806875228882 0.1961161345243454
vn -1.7010363800944625e-17 -0.9805806875228882 0.1961161345243454
vn -1.7010363800944625e-17 -0.9805806875228882 0.1961161345243454
vn -1.7010363800944625e-17 -0.9805806875228882 0.1961161345243454
vn -1.7010363800944625e-17 -0.9805806875228882 0.1961161345243454
vn 0.9805806875228882 1.7010363800944625e-17 0.1961161345243454
vn 0.9805806875228882 1.7010363800944625e-17 0.1961161345243454
vn 0.9805806875228882 1.7010363800944625e-17 0.1961161345243454
vn 0.9805806875228882 1.7010363800944625e-17 0.1961161345243454
f 41//121 42//122 43//123 44//124
f 45//125 41//126 44//127 46//128
f 47//129 43//130 42//131 48//132
f 44//133 43//134 47//135 46//136
f 45//137 48//138 42//139 41//140
f 46//141 47//142 48//143 45//144
o Solid_72
v 0.6200000047683716 0.07999999821186066 0
v 0.6209999918937683 0.08100000023841858 0.004999999888241291
v 0.6209999918937683 0.08900000154972076 0.004999999888241291
v 0.6200000047683716 0.09000000357627869 0
v 0.6299999952316284 0.07999999821186066 8.673617379884035e-19
v 0.6299999952316284 0.09000000357627869 0
v 0.6290000081062317 0.08900000154972076 0.004999999888241291
v 0.6290000081062317 0.08100000023841858 0.004999999888241291
vn -0.9805806875228882 0 0.1961161345243454
vn -0.9805806875228882 0 0.1961161345243454
vn -0.9805806875228882 0 0.1961161345243454
vn -0.9805806875228882 0 0.1961161345243454
vn 0 -8.673617379884035e-17 -1
vn 0 -8.673617379884035e-17 -1
vn 0 -8.673617379884035e-17 -1
vn 0 -8.673617379884035e-17 -1
vn 0 0 1
vn 0 0 1
vn 0 0 1
vn 0 0 1
vn 0 0.9805806875228882 0.1961161345243454
vn 0 0.9805806875228882 0.1961161345243454
vn 0 0.9805806875228882 0.1961161345243454
vn 0 0.9805806875228882 0.1961161345243454
vn -1.7010363800944625e-17 -0.9805806875228882 0.1961161345243454
vn -1.7010363800944625e-17 -0.9805806875228882 0.1961161345243454
vn -1.7010363800944625e-17 -0.9805806875228882 0.1961161345243454
vn -1.7010363800944625e-17 -0.9805806875228882 0.1961161345243454
vn 0.9805806875228882 1.7010363800944625e-17 0.1961161345243454
vn 0.9805806875228882 1.7010363800944625e-17 0.1961161345243454
vn 0.9805806875228882 1.7010363800944625e-17 0.1961161345243454
vn 0.9805806875228882 1.7010363800944625e-17 0.1961161345243454
f 49//145 50//146 51//147 52//148
f 53//149 49//150 52//151 54//152
f 55//153 51//154 50//155 56//156
f 52//157 51//158 55//159 54//160
f 53//161 56//162 50//163 49//164
f 54//165 55//166 56//167 53//168
o Solid_73
v 0.6399999856948853 0.07999999821186066 0
v 0.640999972820282 0.08100000023841858 0.004999999888241291
v 0.640999972820282 0.08900000154972076 0.004999999888241291
v 0.6399999856948853 0.09000000357627869 0
v 0.6499999761581421 0.07999999821186066 8.673617379884035e-19
v 0.6499999761581421 0.09000000357627869 0
v 0.6489999890327454 0.08900000154972076 0.004999999888241291
v 0.6489999890327454 0.08100000023841858 0.004999999888241291
vn -0.9805806875228882 0 0.1961161345243454
vn -0.9805806875228882 0 0.1961161345243454
vn -0.9805806875228882 0 0.1961161345243454
vn -0.9805806875228882 0 0.1961161345243454
vn 0 -8.673617379884035e-17 -1
vn 0 -8.673617379884035e-17 -1
vn 0 -8.673617379884035e-17 -1
vn 0 -8.673617379884035e-17 -1
vn 0 0 1
vn 0 0 1
vn 0 0 1
vn 0 0 1
vn 0 0.9805806875228882 0.1961161345243454
vn 0 0.9805806875228882 0.1961161345243454
vn 0 0.9805806875228882 0.1961161345243454
vn 0 0.9805806875228882 0.1961161345243454
vn -1.7010363800944625e-17 -0.9805806875228882 0.1961161345243454
vn -1.7010363800944625e-17 -0.9805806875228882 0.1961161345243454
vn -1.7010363800944625e-17 -0.9805806875228882 0.1961161345243454
vn -1.7010363800944625e-17 -0.9805806875228882 0.1961161345243454
vn 0.9805806875228882 1.7010363800944625e-17 0.1961161345243454
vn 0.9805806875228882 1.7010363800944625e-17 0.1961161345243454
vn 0.9805806875228882 1.7010363800944625e-17 0.1961161345243454
vn 0.9805806875228882 1.7010363800944625e-17 0.1961161345243454
f 57//169 58//170 59//171 60//172
f 61//173 57//174 60//175 62//176
f 63//177 59//178 58//179 64//180
f 60//181 59//182 63//183 62//184
f 61//185 64//186 58//187 57//188
f 62//189 63//190 64//191 61//192
o Solid_74
v 0.6499999761581421 0.07999999821186066 0
v 0.6510000228881836 0.08100000023841858 0.004999999888241291
v 0.6510000228881836 0.08900000154972076 0.004999999888241291
v 0.6499999761581421 0.09000000357627869 0
v 0.6600000262260437 0.07999999821186066 8.673617379884035e-19
v 0.6600000262260437 0.09000000357627869 0
v 0.6589999794960022 0.08900000154972076 0.004999999888241291
v 0.6589999794960022 0.08100000023841858 0.004999999888241291
vn -0.9805806875228882 0 0.1961161345243454
vn -0.9805806875228882 0 0.1961161345243454
vn -0.9805806875228882 0 0.1961161345243454
vn -0.9805806875228882 0 0.1961161345243454
vn 0 -8.673617379884035e-17 -1
vn 0 -8.673617379884035e-17 -1
vn 0 -8.673617379884035e-17 -1
vn 0 -8.673617379884035e-17 -1
vn 0 0 1
vn 0 0 1
vn 0 0 1
vn 0 0 1
vn 0 0.9805806875228882 0.1961161345243454
vn 0 0.9805806875228882 0.1961161345243454
vn 0 0.9805806875228882 0.1961161345243454
vn 0 0.9805806875228882 0.1961161345243454
vn -1.7010363800944625e-17 -0.9805806875228882 0.1961161345243454
vn -1.7010363800944625e-17 -0.9805806875228882 0.1961161345243454
vn -1.7010363800944625e-17 -0.9805806875228882 0.1961161345243454
vn -1.7010363800944625e-17 -0.9805806875228882 0.1961161345243454
vn 0.9805806875228882 1.7010363800944625e-17 0.1961161345243454
vn 0.9805806875228882 1.7010363800944625e-17 0.1961161345243454
vn 0.9805806875228882 1.7010363800944625e-17 0.1961161345243454
vn 0.9805806875228882 1.7010363800944625e-17 0.1961161345243454
f 65//193 66//194 67//195 68//196
f 69//197 65//198 68//199 70//200
f 71//201 67//202 66//203 72//204
f 68//205 67//206 71//207 70//208
f 69//209 72//210 66//211 65//212
f 70//213 71//214 72//215 69//216
o Solid_75
v 0.6600000262260437 0.07999999821186066 0
v 0.6610000133514404 0.08100000023841858 0.004999999888241291
v 0.6610000133514404 0.08900000154972076 0.004999999888241291
v 0.6600000262260437 0.09000000357627869 0
v 0.6700000166893005 0.07999999821186066 8.673617379884035e-19
v 0.6700000166893005 0.09000000357627869 0
v 0.6690000295639038 0.08900000154972076 0.004999999888241291
v 0.6690000295639038 0.08100000023841858 0.004999999888241291
vn -0.9805806875228882 0 0.1961161345243454
vn -0.9805806875228882 0 0.1961161345243454
vn -0.9805806875228882 0 0.1961161345243454
vn -0.9805806875228882 0 0.1961161345243454
vn 0 -8.673617379884035e-17 -1
vn 0 -8.673617379884035e-17 -1
vn 0 -8.673617379884035e-17 -1
vn 0 -8.673617379884035e-17 -1
vn 0 0 1
vn 0 0 1
vn 0 0 1
vn 0 0 1
vn 0 0.9805806875228882 0.1961161345243454
vn 0 0.9805806875228882 0.1961161345243454
vn 0 0.9805806875228882 0.1961161345243454
vn 0 0.9805806875228882 0.1961161345243454
vn -1.7010363800944625e-17 -0.9805806875228882 0.1961161345243454
vn -1.7010363800944625e-17 -0.9805806875228882 0.1961161345243454
vn -1.7010363800944625e-17 -0.9805806875228882 0.1961161345243454
vn -1.7010363800944625e-17 -0.9805806875228882 0.1961161345243454
vn 0.9805806875228882 1.7010363800944625e-17 0.1961161345243454
vn 0.9805806875228882 1.7010363800944625e-17 0.1961161345243454
vn 0.9805806875228882 1.7010363800944625e-17 0.1961161345243454
vn 0.9805806875228882 1.7010363800944625e-17 0.1961161345243454
f 73//217 74//218 75//219 76//220
f 77//221 73//222 76//223 78//224
f 79//225 75//226 74//227 80//228
f 76//229 75//230 79//231 78//232
f 77//233 80//234 74//235 73//236
f 78//237 79//238 80//239 77//240
o Solid_76
v 0.6700000166893005 0.07999999821186066 0
v 0.6710000038146973 0.08100000023841858 0.004999999888241291
v 0.6710000038146973 0.08900000154972076 0.004999999888241291
v 0.6700000166893005 0.09000000357627869 0
v 0.6800000071525574 0.07999999821186066 8.673617379884035e-19
v 0.6800000071525574 0.09000000357627869 0
v 0.6790000200271606 0.08900000154972076 0.004999999888241291
v 0.6790000200271606 0.08100000023841858 0.004999999888241291
vn -0.9805806875228882 0 0.1961161345243454
vn -0.9805806875228882 0 0.1961161345243454
vn -0.9805806875228882 0 0.1961161345243454
vn -0.9805806875228882 0 0.1961161345243454
vn 0 -8.673617379884035e-17 -1
vn 0 -8.673617379884035e-17 -1
vn 0 -8.673617379884035e-17 -1
vn 0 -8.673617379884035e-17 -1
vn 0 0 1
vn 0 0 1
vn 0 0 1
vn 0 0 1
vn 0 0.9805806875228882 0.1961161345243454
vn 0 0.9805806875228882 0.1961161345243454
vn 0 0.9805806875228882 0.1961161345243454
vn 0 0.9805806875228882 0.1961161345243454
vn -1.7010363800944625e-17 -0.9805806875228882 0.1961161345243454
vn -1.7010363800944625e-17 -0.9805806875228882 0.1961161345243454
vn -1.7010363800944625e-17 -0.9805806875228882 0.1961161345243454
vn -1.7010363800944625e-17 -0.9805806875228882 0.1961161345243454
vn 0.9805806875228882 1.7010363800944625e-17 0.1961161345243454
vn 0.9805806875228882 1.7010363800944625e-17 0.1961161345243454
vn 0.9805806875228882 1.7010363800944625e-17 0.1961161345243454
vn 0.9805806875228882 1.7010363800944625e-17 0.1961161345243454
f 81//241 82//242 83//243 84//244
f 85//245 81//246 84//247 86//248
f 87//249 83//250 82//251 88//252
f 84//253 83//254 87//255 86//256
f 85//257 88//258 82//259 81//260
f 86//261 87//262 88//263 85//264
o Solid_77
v 0.6899999976158142 0.07999999821186066 0
v 0.6909999847412109 0.08100000023841858 0.004999999888241291
v 0.6909999847412109 0.08900000154972076 0.004999999888241291
v 0.6899999976158142 0.09000000357627869 0
v 0.699999988079071 0.07999999821186066 8.673617379884035e-19
v 0.699999988079071 0.09000000357627869 0
v 0.6990000009536743 0.08900000154972076 0.004999999888241291
v 0.6990000009536743 0.08100000023841858 0.004999999888241291
vn -0.9805806875228882 0 0.1961161345243454
vn -0.9805806875228882 0 0.1961161345243454
vn -0.9805806875228882 0 0.1961161345243454
vn -0.9805806875228882 0 0.1961161345243454
vn 0 -8.673617379884035e-17 -1
vn 0 -8.673617379884035e-17 -1
vn 0 -8.673617379884035e-17 -1
vn 0 -8.673617379884035e-17 -1
vn 0 0 1
vn 0 0 1
vn 0 0 1
vn 0 0 1
vn 0 0.9805806875228882 0.1961161345243454
vn 0 0.9805806875228882 0.1961161345243454
vn 0 0.9805806875228882 0.1961161345243454
vn 0 0.9805806875228882 0.1961161345243454
vn -1.7010363800944625e-17 -0.9805806875228882 0.1961161345243454
vn -1.7010363800944625e-17 -0.9805806875228882 0.1961161345243454
vn -1.7010363800944625e-17 -0.9805806875228882 0.1961161345243454
vn -1.7010363800944625e-17 -0.9805806875228882 0.1961161345243454
vn 0.9805806875228882 1.7010363800944625e-17 0.1961161345243454
vn 0.9805806875228882 1.7010363800944625e-17 0.1961161345243454
vn 0.9805806875228882 1.7010363800944625e-17 0.1961161345243454
vn 0.9805806875228882 1.7010363800944625e-17 0.1961161345243454
f 89//265 90//266 91//267 92//268
f 93//269 89//270 92//271 94//272
f 95//273 91//274 90//275 96//276
f 92//277 91//278 95//279 94//280
f 93//281 96//282 90//283 89//284
f 94//285 95//286 96//287 93//288
o Solid_78
v 0.699999988079071 0.07999999821186066 0
v 0.7009999752044678 0.08100000023841858 0.004999999888241291
v 0.7009999752044678 0.08900000154972076 0.004999999888241291
v 0.699999988079071 0.09000000357627869 0
v 0.7099999785423279 0.07999999821186066 8.673617379884035e-19
v 0.7099999785423279 0.09000000357627869 0
v 0.7089999914169312 0.08900000154972076 0.004999999888241291
v 0.7089999914169312 0.08100000023841858 0.004999999888241291
vn -0.9805806875228882 0 0.1961161345243454
vn -0.9805806875228882 0 0.1961161345243454
vn -0.9805806875228882 0 0.1961161345243454
vn -0.9805806875228882 0 0.1961161345243454
vn 0 -8.673617379884035e-17 -1
vn 0 -8.673617379884035e-17 -1
vn 0 -8.673617379884035e-17 -1
vn 0 -8.673617379884035e-17 -1
vn 0 0 1
vn 0 0 1
vn 0 0 1
vn 0 0 1
vn 0 0.9805806875228882 0.1961161345243454
vn 0 0.9805806875228882 0.1961161345243454
vn 0 0.9805806875228882 0.1961161345243454
vn 0 0.9805806875228882 0.1961161345243454
vn -1.7010363800944625e-17 -0.9805806875228882 0.1961161345243454
vn -1.7010363800944625e-17 -0.9805806875228882 0.1961161345243454
vn -1.7010363800944625e-17 -0.9805806875228882 0.1961161345243454
vn -1.7010363800944625e-17 -0.9805806875228882 0.1961161345243454
vn 0.9805806875228882 1.7010363800944625e-17 0.1961161345243454
vn 0.9805806875228882 1.7010363800944625e-17 0.1961161345243454
vn 0.9805806875228882 1.7010363800944625e-17 0.1961161345243454
vn 0.9805806875228882 1.7010363800944625e-17 0.1961161345243454
f 97//289 98//290 99//291 100//292
f 101//293 97//294 100//295 102//296
f 103//297 99//298 98//299 104//300
f 100//301 99//302 103//303 102//304
f 101//305 104//306 98//307 97//308
f 102//309 103//310 104//311 101//312
o Solid_79
v 0.7099999785423279 0.07999999821186066 0
v 0.7110000252723694 0.08100000023841858 0.004999999888241291
v 0.7110000252723694 0.08900000154972076 0.004999999888241291
v 0.7099999785423279 0.09000000357627869 0
v 0.7200000286102295 0.07999999821186066 8.673617379884035e-19
v 0.7200000286102295 0.09000000357627869 0
v 0.718999981880188 0.08900000154972076 0.004999999888241291
v 0.718999981880188 0.08100000023841858 0.004999999888241291
vn -0.9805806875228882 0 0.1961161345243454
vn -0.9805806875228882 0 0.1961161345243454
vn -0.9805806875228882 0 0.1961161345243454
vn -0.9805806875228882 0 0.1961161345243454
vn 0 -8.673617379884035e-17 -1
vn 0 -8.673617379884035e-17 -1
vn 0 -8.673617379884035e-17 -1
vn 0 -8.673617379884035e-17 -1
vn 0 0 1
vn 0 0 1
vn 0 0 1
vn 0 0 1
vn 0 0.9805806875228882 0.1961161345243454
vn 0 0.9805806875228882 0.1961161345243454
vn 0 0.9805806875228882 0.1961161345243454
vn 0 0.9805806875228882 0.1961161345243454
vn -1.7010363800944625e-17 -0.9805806875228882 0.1961161345243454
vn -1.7010363800944625e-17 -0.9805806875228882 0.1961161345243454
vn -1.7010363800944625e-17 -0.9805806875228882 0.1961161345243454
vn -1.7010363800944625e-17 -0.9805806875228882 0.1961161345243454
vn 0.9805806875228882 1.7010363800944625e-17 0.1961161345243454
vn 0.9805806875228882 1.7010363800944625e-17 0.1961161345243454
vn 0.9805806875228882 1.7010363800944625e-17 0.1961161345243454
vn 0.9805806875228882 1.7010363800944625e-17 0.1961161345243454
f 105//313 106//314 107//315 108//316
f 109//317 105//318 108//319 110//320
f 111//321 107//322 106//323 112//324
f 108//325 107//326 111//327 110//328
f 109//329 112//330 106//331 105//332
f 110//333 111//334 112//335 109//336
o Solid_80
v 0.7200000286102295 0.07999999821186066 0
v 0.7210000157356262 0.08100000023841858 0.004999999888241291
v 0.7210000157356262 0.08900000154972076 0.004999999888241291
v 0.7200000286102295 0.09000000357627869 0
v 0.7300000190734863 0.07999999821186066 8.673617379884035e-19
v 0.7300000190734863 0.09000000357627869 0
v 0.7289999723434448 0.08900000154972076 0.004999999888241291
v 0.7289999723434448 0.08100000023841858 0.004999999888241291
vn -0.9805806875228882 0 0.1961161345243454
vn -0.9805806875228882 0 0.1961161345243454
vn -0.9805806875228882 0 0.1961161345243454
vn -0.9805806875228882 0 0.1961161345243454
vn 0 -8.673617379884035e-17 -1
vn 0 -8.673617379884035e-17 -1
vn 0 -8.673617379884035e-17 -1
vn 0 -8.673617379884035e-17 -1
vn 0 0 1
vn 0 0 1
vn 0 0 1
vn 0 0 1
vn 0 0.9805806875228882 0.1961161345243454
vn 0 0.9805806875228882 0.1961161345243454
vn 0 0.9805806875228882 0.1961161345243454
vn 0 0.9805806875228882 0.1961161345243454
vn -1.7010363800944625e-17 -0.9805806875228882 0.1961161345243454
vn -1.7010363800944625e-17 -0.9805806875228882 0.1961161345243454
vn -1.7010363800944625e-17 -0.9805806875228882 0.1961161345243454
vn -1.7010363800944625e-17 -0.9805806875228882 0.1961161345243454
vn 0.9805806875228882 1.7010363800944625e-17 0.1961161345243454
vn 0.9805806875228882 1.7010363800944625e-17 0.1961161345243454
vn 0.9805806875228882 1.7010363800944625e-17 0.1961161345243454
vn 0.9805806875228882 1.7010363800944625e-17 0.1961161345243454
f 113//337 114//338 115//339 116//340
f 117//341 113//342 116//343 118//344
f 119//345 115//346 114//347 120//348
f 116//349 115//350 119//351 118//352
f 117//353 120//354 114//355 113//356
f 118//357 119//358 120//359 117//360
o Solid_81
v 0.5600000023841858 0.05999999865889549 0
v 0.5609999895095825 0.061000000685453415 0.004999999888241291
v 0.5609999895095825 0.0689999982714653 0.004999999888241291
v 0.5600000023841858 0.07000000029802322 0
v 0.5699999928474426 0.05999999865889549 8.673617379884035e-19
v 0.5699999928474426 0.07000000029802322 0
v 0.5690000057220459 0.0689999982714653 0.004999999888241291
v 0.5690000057220459 0.061000000685453415 0.004999999888241291
vn -0.9805806875228882 0 0.1961161345243454
vn -0.9805806875228882 0 0.1961161345243454
vn -0.9805806875228882 0 0.1961161345243454
vn -0.9805806875228882 0 0.1961161345243454
vn 0 -8.673617379884035e-17 -1
vn 0 -8.673617379884035e-17 -1
vn 0 -8.673617379884035e-17 -1
vn 0 -8.673617379884035e-17 -1
vn 0 0 1
vn 0 0 1
vn 0 0 1
vn 0 0 1
vn 0 0.9805806875228882 0.1961161345243454
vn 0 0.9805806875228882 0.1961161345243454
vn 0 0.9805806875228882 0.1961161345243454
vn 0 0.9805806875228882 0.1961161345243454
vn -1.7010363800944625e-17 -0.9805806875228882 0.1961161345243454
vn -1.7010363800944625e-17 -0.9805806875228882 0.1961161345243454
vn -1.7010363800944625e-17 -0.9805806875228882 0.1961161345243454
vn -1.7010363800944625e-17 -0.9805806875228882 0.1961161345243454
vn 0.9805806875228882 1.7010363800944625e-17 0.1961161345243454
vn 0.9805806875228882 1.7010363800944625e-17 0.1961161345243454
vn 0.9805806875228882 1.7010363800944625e-17 0.1961161345243454
vn 0.9805806875228882 1.7010363800944625e-17 0.1961161345243454
f 121//361 122//362 123//363 124//364
f 125//365 121//366 124//367 126//368
f 127//369 123//370 122//371 128//372
f 124//373 123//374 127//375 126//376
f 125//377 128//378 122//379 121//380
f 126//381 127//382 128//383 125//384
o Solid_82
v 0.5699999928474426 0.05999999865889549 0
v 0.5709999799728394 0.061000000685453415 0.004999999888241291
v 0.5709999799728394 0.0689999982714653 0.004999999888241291
v 0.5699999928474426 0.07000000029802322 0
v 0.5799999833106995 0.05999999865889549 8.673617379884035e-19
v 0.5799999833106995 0.07000000029802322 0
v 0.5789999961853027 0.0689999982714653 0.004999999888241291
v 0.5789999961853027 0.061000000685453415 0.004999999888241291
vn -0.9805806875228882 0 0.1961161345243454
vn -0.9805806875228882 0 0.1961161345243454
vn -0.9805806875228882 0 0.1961161345243454
vn -0.9805806875228882 0 0.1961161345243454
vn 0 -8.673617379884035e-17 -1
vn 0 -8.673617379884035e-17 -1
vn 0 -8.673617379884035e-17 -1
vn 0 -8.673617379884035e-17 -1
vn 0 0 1
vn 0 0 1
vn 0 0 1
vn 0 0 1
vn 0 0.9805806875228882 0.1961161345243454
vn 0 0.9805806875228882 0.1961161345243454
vn 0 0.9805806875228882 0.1961161345243454
vn 0 0.9805806875228882 0.1961161345243454
vn -1.7010363800944625e-17 -0.9805806875228882 0.1961161345243454
vn -1.7010363800944625e-17 -0.9805806875228882 0.1961161345243454
vn -1.7010363800944625e-17 -0.9805806875228882 0.1961161345243454
vn -1.7010363800944625e-17 -0.9805806875228882 0.1961161345243454
vn 0.9805806875228882 1.7010363800944625e-17 0.1961161345243454
vn 0.9805806875228882 1.7010363800944625e-17 0.1961161345243454
vn 0.9805806875228882 1.7010363800944625e-17 0.1961161345243454
vn 0.9805806875228882 1.7010363800944625e-17 0.1961161345243454
f 129//385 130//386 131//387 132//388
f 133//389 129//390 132//391 134//392
f 135//393 131//394 130//395 136//396
f 132//397 131//398 135//399 134//400
f 133//401 136//402 130//403 129//404
f 134//405 135//406 136//407 133//408
o Solid_83
v 0.5799999833106995 0.05999999865889549 0
v 0.5809999704360962 0.061000000685453415 0.004999999888241291
v 0.5809999704360962 0.0689999982714653 0.004999999888241291
v 0.5799999833106995 0.07000000029802322 0
v 0.5899999737739563 0.05999999865889549 8.673617379884035e-19
v 0.5899999737739563 0.07000000029802322 0
v 0.5889999866485596 0.0689999982714653 0.004999999888241291
v 0.5889999866485596 0.061000000685453415 0.004999999888241291
vn -0.9805806875228882 0 0.1961161345243454
vn -0.9805806875228882 0 0.1961161345243454
vn -0.9805806875228882 0 0.1961161345243454
vn -0.9805806875228882 0 0.1961161345243454
vn 0 -8.673617379884035e-17 -1
vn 0 -8.673617379884035e-17 -1
vn 0 -8.673617379884035e-17 -1
vn 0 -8.673617379884035e-17 -1
vn 0 0 1
vn 0 0 1
vn 0 0 1
vn 0 0 1
vn 0 0.9805806875228882 0.1961161345243454
vn 0 0.9805806875228882 0.1961161345243454
vn 0 0.9805806875228882 0.1961161345243454
vn 0 0.9805806875228882 0.1961161345243454
vn -1.7010363800944625e-17 -0.9805806875228882 0.1961161345243454
vn -1.7010363800944625e-17 -0.9805806875228882 0.1961161345243454
vn -1.7010363800944625e-17 -0.9805806875228882 0.1961161345243454
vn -1.7010363800944625e-17 -0.9805806875228882 0.1961161345243454
vn 0.9805806875228882 1.7010363800944625e-17 0.1961161345243454
vn 0.9805806875228882 1.7010363800944625e-17 0.1961161345243454
vn 0.9805806875228882 1.7010363800944625e-17 0.1961161345243454
vn 0.9805806875228882 1.7010363800944625e-17 0.1961161345243454
f 137//409 138//410 139//411 140//412
f 141//413 137//414 140//415 142//416
f 143//417 139//418 138//419 144//420
f 140//421 139//422 143//423 142//424
f 141//425 144//426 138//427 137//428
f 142//429 143//430 144//431 141//432
o Solid_84
v 0.6100000143051147 0.05999999865889549 0
v 0.6110000014305115 0.061000000685453415 0.004999999888241291
v 0.6110000014305115 0.0689999982714653 0.004999999888241291
v 0.6100000143051147 0.07000000029802322 0
v 0.6200000047683716 0.05999999865889549 8.673617379884035e-19
v 0.6200000047683716 0.07000000029802322 0
v 0.6190000176429749 0.0689999982714653 0.004999999888241291
v 0.6190000176429749 0.061000000685453415 0.004999999888241291
vn -0.9805806875228882 0 0.1961161345243454
vn -0.9805806875228882 0 0.1961161345243454
vn -0.9805806875228882 0 0.1961161345243454
vn -0.9805806875228882 0 0.1961161345243454
vn 0 -8.673617379884035e-17 -1
vn 0 -8.673617379884035e-17 -1
vn 0 -8.673617379884035e-17 -1
vn 0 -8.673617379884035e-17 -1
vn 0 0 1
vn 0 0 1
vn 0 0 1
vn 0 0 1
vn 0 0.9805806875228882 0.1961161345243454
vn 0 0.9805806875228882 0.1961161345243454
vn 0 0.9805806875228882 0.1961161345243454
vn 0 0.9805806875228882 0.1961161345243454
vn -1.7010363800944625e-17 -0.9805806875228882 0.1961161345243454
vn -1.7010363800944625e-17 -0.9805806875228882 0.1961161345243454
vn -1.7010363800944625e-17 -0.9805806875228882 0.1961161345243454
vn -1.7010363800944625e-17 -0.9805806875228882 0.1961161345243454
vn 0.9805806875228882 1.7010363800944625e-17 0.1961161345243454
vn 0.9805806875228882 1.7010363800944625e-17 0.1961161345243454
vn 0.9805806875228882 1.7010363800944625e-17 0.1961161345243454
vn 0.9805806875228882 1.7010363800944625e-17 0.1961161345243454
f 145//433 146//434 147//435 148//436
f 149//437 145//438 148//439 150//440
f 151//441 147//442 146//443 152//444
f 148//445 147//446 151//447 150//448
f 149//449 152//450 146//451 145//452
f 150//453 151//454 152//455 149//456
o Solid_85
v 0.6000000238418579 0.05999999865889549 0
v 0.6010000109672546 0.061000000685453415 0.004999999888241291
v 0.6010000109672546 0.0689999982714653 0.004999999888241291
v 0.6000000238418579 0.07000000029802322 0
v 0.6100000143051147 0.05999999865889549 8.673617379884035e-19
v 0.6100000143051147 0.07000000029802322 0
v 0.609000027179718 0.0689999982714653 0.004999999888241291
v 0.609000027179718 0.061000000685453415 0.004999999888241291
vn -0.9805806875228882 0 0.1961161345243454
vn -0.9805806875228882 0 0.1961161345243454
vn -0.9805806875228882 0 0.1961161345243454
vn -0.9805806875228882 0 0.1961161345243454
vn 0 -8.673617379884035e-17 -1
vn 0 -8.673617379884035e-17 -1
vn 0 -8.673617379884035e-17 -1
vn 0 -8.673617379884035e-17 -1
vn 0 0 1
vn 0 0 1
vn 0 0 1
vn 0 0 1
vn 0 0.9805806875228882 0.1961161345243454
vn 0 0.9805806875228882 0.1961161345243454
vn 0 0.9805806875228882 0.1961161345243454
vn 0 0.9805806875228882 0.1961161345243454
vn -1.7010363800944625e-17 -0.9805806875228882 0.1961161345243454
vn -1.7010363800944625e-17 -0.9805806875228882 0.1961161345243454
vn -1.7010363800944625e-17 -0.9805806875228882 0.1961161345243454
vn -1.7010363800944625e-17 -0.9805806875228882 0.1961161345243454
vn 0.9805806875228882 1.7010363800944625e-17 0.1961161345243454
vn 0.9805806875228882 1.7010363800944625e-17 0.1961161345243454
vn 0.9805806875228882 1.7010363800944625e-17 0.1961161345243454
vn 0.9805806875228882 1.7010363800944625e-17 0.1961161345243454
f 153//457 154//458 155//459 156//460
f 157//461 153//462 156//463 158//464
f 159//465 155//466 154//467 160//468
f 156//469 155//470 159//471 158//472
f 157//473 160//474 154//475 153//476
f 158//477 159//478 160//479 157//480
o Solid_86
v 0.5899999737739563 0.05999999865889549 0
v 0.5910000205039978 0.061000000685453415 0.004999999888241291
v 0.5910000205039978 0.0689999982714653 0.004999999888241291
v 0.5899999737739563 0.07000000029802322 0
v 0.6000000238418579 0.05999999865889549 8.673617379884035e-19
v 0.6000000238418579 0.07000000029802322 0
v 0.5989999771118164 0.0689999982714653 0.004999999888241291
v 0.5989999771118164 0.061000000685453415 0.004999999888241291
vn -0.9805806875228882 0 0.1961161345243454
vn -0.9805806875228882 0 0.1961161345243454
vn -0.9805806875228882 0 0.1961161345243454
vn -0.9805806875228882 0 0.1961161345243454
vn 0 -8.673617379884035e-17 -1
vn 0 -8.673617379884035e-17 -1
vn 0 -8.673617379884035e-17 -1
vn 0 -8.673617379884035e-17 -1
vn 0 0 1
vn 0 0 1
vn 0 0 1
vn 0 0 1
vn 0 0.9805806875228882 0.1961161345243454
vn 0 0.9805806875228882 0.1961161345243454
vn 0 0.9805806875228882 0.1961161345243454
vn 0 0.9805806875228882 0.1961161345243454
vn -1.7010363800944625e-17 -0.9805806875228882 0.1961161345243454
vn -1.7010363800944625e-17 -0.9805806875228882 0.1961161345243454
vn -1.7010363800944625e-17 -0.9805806875228882 0.1961161345243454
vn -1.7010363800944625e-17 -0.9805806875228882 0.1961161345243454
vn 0.9805806875228882 1.7010363800944625e-17 0.1961161345243454
vn 0.9805806875228882 1.7010363800944625e-17 0.1961161345243454
vn 0.9805806875228882 1.7010363800944625e-17 0.1961161345243454
vn 0.9805806875228882 1.7010363800944625e-17 0.1961161345243454
f 161//481 162//482 163//483 164//484
f 165//485 161//486 164//487 166//488
f 167//489 163//490 162//491 168//492
f 164//493 163//494 167//495 166//496
f 165//497 168//498 162//499 161//500
f 166//501 167//502 168//503 165//504
o Solid_87
v 0.6200000047683716 0.05999999865889549 0
v 0.6209999918937683 0.061000000685453415 0.004999999888241291
v 0.6209999918937683 0.0689999982714653 0.004999999888241291
v 0.6200000047683716 0.07000000029802322 0
v 0.6299999952316284 0.05999999865889549 8.673617379884035e-19
v 0.6299999952316284 0.07000000029802322 0
v 0.6290000081062317 0.0689999982714653 0.004999999888241291
v 0.6290000081062317 0.061000000685453415 0.004999999888241291
vn -0.9805806875228882 0 0.1961161345243454
vn -0.9805806875228882 0 0.1961161345243454
vn -0.9805806875228882 0 0.1961161345243454
vn -0.9805806875228882 0 0.1961161345243454
vn 0 -8.673617379884035e-17 -1
vn 0 -8.673617379884035e-17 -1
vn 0 -8.673617379884035e-17 -1
vn 0 -8.673617379884035e-17 -1
vn 0 0 1
vn 0 0 1
vn 0 0 1
vn 0 0 1
vn 0 0.9805806875228882 0.1961161345243454
vn 0 0.9805806875228882 0.1961161345243454
vn 0 0.9805806875228882 0.1961161345243454
vn 0 0.9805806875228882 0.1961161345243454
vn -1.7010363800944625e-17 -0.9805806875228882 0.1961161345243454
vn -1.7010363800944625e-17 -0.9805806875228882 0.1961161345243454
vn -1.7010363800944625e-17 -0.9805806875228882 0.1961161345243454
vn -1.7010363800944625e-17 -0.9805806875228882 0.1961161345243454
vn 0.9805806875228882 1.7010363800944625e-17 0.1961161345243454
vn 0.9805806875228882 1.7010363800944625e-17 0.1961161345243454
vn 0.9805806875228882 1.7010363800944625e-17 0.1961161345243454
vn 0.9805806875228882 1.7010363800944625e-17 0.1961161345243454
f 169//505 170//506 171//507 172//508
f 173//509 169//510 172//511 174//512
f 175//513 171//514 170//515 176//516
f 172//517 171//518 175//519 174//520
f 173//521 176//522 170//523 169//524
f 174//525 175//526 176//527 173//528
o Solid_88
v 0.6299999952316284 0.05999999865889549 0
v 0.6309999823570251 0.061000000685453415 0.004999999888241291
v 0.6309999823570251 0.0689999982714653 0.004999999888241291
v 0.6299999952316284 0.07000000029802322 0
v 0.6399999856948853 0.05999999865889549 8.673617379884035e-19
v 0.6399999856948853 0.07000000029802322 0
v 0.6389999985694885 0.0689999982714653 0.004999999888241291
v 0.6389999985694885 0.061000000685453415 0.004999999888241291
vn -0.9805806875228882 0 0.1961161345243454
vn -0.9805806875228882 0 0.1961161345243454
vn -0.9805806875228882 0 0.1961161345243454
vn -0.9805806875228882 0 0.1961161345243454
vn 0 -8.673617379884035e-17 -1
vn 0 -8.673617379884035e-17 -1
vn 0 -8.673617379884035e-17 -1
vn 0 -8.673617379884035e-17 -1
vn 0 0 1
vn 0 0 1
vn 0 0 1
vn 0 0 1
vn 0 0.9805806875228882 0.1961161345243454
vn 0 0.9805806875228882 0.1961161345243454
vn 0 0.9805806875228882 0.1961161345243454
vn 0 0.9805806875228882 0.1961161345243454
vn -1.7010363800944625e-17 -0.9805806875228882 0.1961161345243454
vn -1.7010363800944625e-17 -0.9805806875228882 0.1961161345243454
vn -1.7010363800944625e-17 -0.9805806875228882 0.1961161345243454
vn -1.7010363800944625e-17 -0.9805806875228882 0.1961161345243454
vn 0.9805806875228882 1.7010363800944625e-17 0.1961161345243454
vn 0.9805806875228882 1.7010363800944625e-17 0.1961161345243454
vn 0.9805806875228882 1.7010363800944625e-17 0.1961161345243454
vn 0.9805806875228882 1.7010363800944625e-17 0.1961161345243454
f 177//529 178//530 179//531 180//532
f 181//533 177//534 180//535 182//536
f 183//537 179//538 178//539 184//540
f 180//541 179//542 183//543 182//544
f 181//545 184//546 178//547 177//548
f 182//549 183//550 184//551 181//552
o Solid_89
v 0.6399999856948853 0.05999999865889549 0
v 0.640999972820282 0.061000000685453415 0.004999999888241291
v 0.640999972820282 0.0689999982714653 0.004999999888241291
v 0.6399999856948853 0.07000000029802322 0
v 0.6499999761581421 0.05999999865889549 8.673617379884035e-19
v 0.6499999761581421 0.07000000029802322 0
v 0.6489999890327454 0.0689999982714653 0.004999999888241291
v 0.6489999890327454 0.061000000685453415 0.004999999888241291
vn -0.9805806875228882 0 0.1961161345243454
vn -0.9805806875228882 0 0.1961161345243454
vn -0.9805806875228882 0 0.1961161345243454
vn -0.9805806875228882 0 0.1961161345243454
vn 0 -8.673617379884035e-17 -1
vn 0 -8.673617379884035e-17 -1
vn 0 -8.673617379884035e-17 -1
vn 0 -8.673617379884035e-17 -1
vn 0 0 1
vn 0 0 1
vn 0 0 1
vn 0 0 1
vn 0 0.9805806875228882 0.1961161345243454
vn 0 0.9805806875228882 0.1961161345243454
vn 0 0.9805806875228882 0.1961161345243454
vn 0 0.9805806875228882 0.1961161345243454
vn -1.7010363800944625e-17 -0.9805806875228882 0.1961161345243454
vn -1.7010363800944625e-17 -0.9805806875228882 0.1961161345243454
vn -1.7010363800944625e-17 -0.9805806875228882 0.1961161345243454
vn -1.7010363800944625e-17 -0.9805806875228882 0.1961161345243454
vn 0.9805806875228882 1.7010363800944625e-17 0.1961161345243454
vn 0.9805806875228882 1.7010363800944625e-17 0.1961161345243454
vn 0.9805806875228882 1.7010363800944625e-17 0.1961161345243454
vn 0.9805806875228882 1.7010363800944625e-17 0.1961161345243454
f 185//553 186//554 187//555 188//556
f 189//557 185//558 188//559 190//560
f 191//561 187//562 186//563 192//564
f 188//565 187//566 191//567 190//568
f 189//569 192//570 186//571 185//572
f 190//573 191//574 192//575 189//576
o Solid_90
v 0.6499999761581421 0.05999999865889549 0
v 0.6510000228881836 0.061000000685453415 0.004999999888241291
v 0.6510000228881836 0.0689999982714653 0.004999999888241291
v 0.6499999761581421 0.07000000029802322 0
v 0.6600000262260437 0.05999999865889549 8.673617379884035e-19
v 0.6600000262260437 0.07000000029802322 0
v 0.6589999794960022 0.0689999982714653 0.004999999888241291
v 0.6589999794960022 0.061000000685453415 0.004999999888241291
vn -0.9805806875228882 0 0.1961161345243454
vn -0.9805806875228882 0 0.1961161345243454
vn -0.9805806875228882 0 0.1961161345243454
vn -0.9805806875228882 0 0.1961161345243454
vn 0 -8.673617379884035e-17 -1
vn 0 -8.673617379884035e-17 -1
vn 0 -8.673617379884035e-17 -1
vn 0 -8.673617379884035e-17 -1
vn 0 0 1
vn 0 0 1
vn 0 0 1
vn 0 0 1
vn 0 0.9805806875228882 0.1961161345243454
vn 0 0.9805806875228882 0.1961161345243454
vn 0 0.9805806875228882 0.1961161345243454
vn 0 0.9805806875228882 0.1961161345243454
vn -1.7010363800944625e-17 -0.9805806875228882 0.1961161345243454
vn -1.7010363800944625e-17 -0.9805806875228882 0.1961161345243454
vn -1.7010363800944625e-17 -0.9805806875228882 0.1961161345243454
vn -1.7010363800944625e-17 -0.9805806875228882 0.1961161345243454
vn 0.9805806875228882 1.7010363800944625e-17 0.1961161345243454
vn 0.9805806875228882 1.7010363800944625e-17 0.1961161345243454
vn 0.9805806875228882 1.7010363800944625e-17 0.1961161345243454
vn 0.9805806875228882 1.7010363800944625e-17 0.1961161345243454
f 193//577 194//578 195//579 196//580
f 197//581 193//582 196//583 198//584
f 199//585 195//586 194//587 200//588
f 196//589 195//590 199//591 198//592
f 197//593 200//594 194//595 193//596
f 198//597 199//598 200//599 197//600
o Solid_91
v 0.6600000262260437 0.05999999865889549 0
v 0.6610000133514404 0.061000000685453415 0.004999999888241291
v 0.6610000133514404 0.0689999982714653 0.004999999888241291
v 0.6600000262260437 0.07000000029802322 0
v 0.6700000166893005 0.05999999865889549 8.673617379884035e-19
v 0.6700000166893005 0.07000000029802322 0
v 0.6690000295639038 0.0689999982714653 0.004999999888241291
v 0.6690000295639038 0.061000000685453415 0.004999999888241291
vn -0.9805806875228882 0 0.1961161345243454
vn -0.9805806875228882 0 0.1961161345243454
vn -0.9805806875228882 0 0.1961161345243454
vn -0.9805806875228882 0 0.1961161345243454
vn 0 -8.673617379884035e-17 -1
vn 0 -8.673617379884035e-17 -1
vn 0 -8.673617379884035e-17 -1
vn 0 -8.673617379884035e-17 -1
vn 0 0 1
vn 0 0 1
vn 0 0 1
vn 0 0 1
vn 0 0.9805806875228882 0.1961161345243454
vn 0 0.9805806875228882 0.1961161345243454
vn 0 0.9805806875228882 0.1961161345243454
vn 0 0.9805806875228882 0.1961161345243454
vn -1.7010363800944625e-17 -0.9805806875228882 0.1961161345243454
vn -1.7010363800944625e-17 -0.9805806875228882 0.1961161345243454
vn -1.7010363800944625e-17 -0.9805806875228882 0.1961161345243454
vn -1.7010363800944625e-17 -0.9805806875228882 0.1961161345243454
vn 0.9805806875228882 1.7010363800944625e-17 0.1961161345243454
vn 0.9805806875228882 1.7010363800944625e-17 0.1961161345243454
vn 0.9805806875228882 1.7010363800944625e-17 0.1961161345243454
vn 0.9805806875228882 1.7010363800944625e-17 0.1961161345243454
f 201//601 202//602 203//603 204//604
f 205//605 201//606 204//607 206//608
f 207//609 203//610 202//611 208//612
f 204//613 203//614 207//615 206//616
f 205//617 208//618 202//619 201//620
f 206//621 207//622 208//623 205//624
o Solid_92
v 0.6700000166893005 0.05999999865889549 0
v 0.6710000038146973 0.061000000685453415 0.004999999888241291
v 0.6710000038146973 0.0689999982714653 0.004999999888241291
v 0.6700000166893005 0.07000000029802322 0
v 0.6800000071525574 0.05999999865889549 8.673617379884035e-19
v 0.6800000071525574 0.07000000029802322 0
v 0.6790000200271606 0.0689999982714653 0.004999999888241291
v 0.6790000200271606 0.061000000685453415 0.004999999888241291
vn -0.9805806875228882 0 0.1961161345243454
vn -0.9805806875228882 0 0.1961161345243454
vn -0.9805806875228882 0 0.1961161345243454
vn -0.9805806875228882 0 0.1961161345243454
vn 0 -8.673617379884035e-17 -1
vn 0 -8.673617379884035e-17 -1
vn 0 -8.673617379884035e-17 -1
vn 0 -8.673617379884035e-17 -1
vn 0 0 1
vn 0 0 1
vn 0 0 1
vn 0 0 1
vn 0 0.9805806875228882 0.1961161345243454
vn 0 0.9805806875228882 0.1961161345243454
vn 0 0.9805806875228882 0.1961161345243454
vn 0 0.9805806875228882 0.1961161345243454
vn -1.7010363800944625e-17 -0.9805806875228882 0.1961161345243454
vn -1.7010363800944625e-17 -0.9805806875228882 0.1961161345243454
vn -1.7010363800944625e-17 -0.9805806875228882 0.1961161345243454
vn -1.7010363800944625e-17 -0.9805806875228882 0.1961161345243454
vn 0.9805806875228882 1.7010363800944625e-17 0.1961161345243454
vn 0.9805806875228882 1.7010363800944625e-17 0.1961161345243454
vn 0.9805806875228882 1.7010363800944625e-17 0.1961161345243454
vn 0.9805806875228882 1.7010363800944625e-17 0.1961161345243454
f 209//625 210//626 211//627 212//628
f 213//629 209//630 212//631 214//632
f 215//633 211//634 210//635 216//636
f 212//637 211//638 215//639 214//640
f 213//641 216//642 210//643 209//644
f 214//645 215//646 216//647 213//648
o Solid_93
v 0.6800000071525574 0.05999999865889549 0
v 0.6809999942779541 0.061000000685453415 0.004999999888241291
v 0.6809999942779541 0.0689999982714653 0.004999999888241291
v 0.6800000071525574 0.07000000029802322 0
v 0.6899999976158142 0.05999999865889549 8.673617379884035e-19
v 0.6899999976158142 0.07000000029802322 0
v 0.6890000104904175 0.0689999982714653 0.004999999888241291
v 0.6890000104904175 0.061000000685453415 0.004999999888241291
vn -0.9805806875228882 0 0.1961161345243454
vn -0.9805806875228882 0 0.1961161345243454
vn -0.9805806875228882 0 0.1961161345243454
vn -0.9805806875228882 0 0.1961161345243454
vn 0 -8.673617379884035e-17 -1
vn 0 -8.673617379884035e-17 -1
vn 0 -8.673617379884035e-17 -1
vn 0 -8.673617379884035e-17 -1
vn 0 0 1
vn 0 0 1
vn 0 0 1
vn 0 0 1
vn 0 0.9805806875228882 0.1961161345243454
vn 0 0.9805806875228882 0.1961161345243454
vn 0 0.9805806875228882 0.1961161345243454
vn 0 0.9805806875228882 0.1961161345243454
vn -1.7010363800944625e-17 -0.9805806875228882 0.1961161345243454
vn -1.7010363800944625e-17 -0.9805806875228882 0.1961161345243454
vn -1.7010363800944625e-17 -0.9805806875228882 0.1961161345243454
vn -1.7010363800944625e-17 -0.9805806875228882 0.1961161345243454
vn 0.9805806875228882 1.7010363800944625e-17 0.1961161345243454
vn 0.9805806875228882 1.7010363800944625e-17 0.1961161345243454
vn 0.9805806875228882 1.7010363800944625e-17 0.1961161345243454
vn 0.9805806875228882 1.7010363800944625e-17 0.1961161345243454
f 217//649 218//650 219//651 220//652
f 221//653 217//654 220//655 222//656
f 223//657 219//658 218//659 224//660
f 220//661 219//662 223//663 222//664
f 221//665 224//666 218//667 217//668
f 222//669 223//670 224//671 221//672
o Solid_94
v 0.6899999976158142 0.05999999865889549 0
v 0.6909999847412109 0.061000000685453415 0.004999999888241291
v 0.6909999847412109 0.0689999982714653 0.004999999888241291
v 0.6899999976158142 0.07000000029802322 0
v 0.699999988079071 0.05999999865889549 8.673617379884035e-19
v 0.699999988079071 0.07000000029802322 0
v 0.6990000009536743 0.0689999982714653 0.004999999888241291
v 0.6990000009536743 0.061000000685453415 0.004999999888241291
vn -0.9805806875228882 0 0.1961161345243454
vn -0.9805806875228882 0 0.1961161345243454
vn -0.9805806875228882 0 0.1961161345243454
vn -0.9805806875228882 0 0.1961161345243454
vn 0 -8.673617379884035e-17 -1
vn 0 -8.673617379884035e-17 -1
vn 0 -8.673617379884035e-17 -1
vn 0 -8.673617379884035e-17 -1
vn 0 0 1
vn 0 0 1
vn 0 0 1
vn 0 0 1
vn 0 0.9805806875228882 0.1961161345243454
vn 0 0.9805806875228882 0.1961161345243454
vn 0 0.9805806875228882 0.1961161345243454
vn 0 0.9805806875228882 0.1961161345243454
vn -1.7010363800944625e-17 -0.9805806875228882 0.1961161345243454
vn -1.7010363800944625e-17 -0.9805806875228882 0.1961161345243454
vn -1.7010363800944625e-17 -0.9805806875228882 0.1961161345243454
vn -1.7010363800944625e-17 -0.9805806875228882 0.1961161345243454
vn 0.9805806875228882 1.7010363800944625e-17 0.1961161345243454
vn 0.9805806875228882 1.7010363800944625e-17 0.1961161345243454
vn 0.9805806875228882 1.7010363800944625e-17 0.1961161345243454
vn 0.9805806875228882 1.7010363800944625e-17 0.1961161345243454
f 225//673 226//674 227//675 228//676
f 229//677 225//678 228//679 230//680
f 231//681 227//682 226//683 232//684
f 228//685 227//686 231//687 230//688
f 229//689 232//690 226//691 225//692
f 230//693 231//694 232//695 229//696
o Solid_105
v 0.7099999785423279 0.05999999865889549 0
v 0.7110000252723694 0.061000000685453415 0.004999999888241291
v 0.7110000252723694 0.0689999982714653 0.004999999888241291
v 0.7099999785423279 0.07000000029802322 0
v 0.7300000190734863 0.05999999865889549 8.673617379884035e-19
v 0.7300000190734863 0.07000000029802322 0
v 0.7289999723434448 0.0689999982714653 0.004999999888241291
v 0.7289999723434448 0.061000000685453415 0.004999999888241291
vn -0.9805806875228882 0 0.1961161345243454
vn -0.9805806875228882 0 0.1961161345243454
vn -0.9805806875228882 0 0.1961161345243454
vn -0.9805806875228882 0 0.1961161345243454
vn 0 -8.673617379884035e-17 -1
vn 0 -8.673617379884035e-17 -1
vn 0 -8.673617379884035e-17 -1
vn 0 -8.673617379884035e-17 -1
vn 0 0 1
vn 0 0 1
vn 0 0 1
vn 0 0 1
vn 0 0.9805806875228882 0.1961161345243454
vn 0 0.9805806875228882 0.1961161345243454
vn 0 0.9805806875228882 0.1961161345243454
vn 0 0.9805806875228882 0.1961161345243454
vn -1.7010363800944625e-17 -0.9805806875228882 0.1961161345243454
vn -1.7010363800944625e-17 -0.9805806875228882 0.1961161345243454
vn -1.7010363800944625e-17 -0.9805806875228882 0.1961161345243454
vn -1.7010363800944625e-17 -0.9805806875228882 0.1961161345243454
vn 0.9805806875228882 1.7010363800944625e-17 0.1961161345243454
vn 0.9805806875228882 1.7010363800944625e-17 0.1961161345243454
vn 0.9805806875228882 1.7010363800944625e-17 0.1961161345243454
vn 0.9805806875228882 1.7010363800944625e-17 0.1961161345243454
f 233//697 234//698 235//699 236//700
f 237//701 233//702 236//703 238//704
f 239//705 235//706 234//707 240//708
f 236//709 235//710 239//711 238//712
f 237//713 240//714 234//715 233//716
f 238//717 239//718 240//719 237//720
o Solid_106
v 0.699999988079071 0.05999999865889549 0
v 0.7009999752044678 0.061000000685453415 0.004999999888241291
v 0.7009999752044678 0.0689999982714653 0.004999999888241291
v 0.699999988079071 0.07000000029802322 0
v 0.7099999785423279 0.05999999865889549 8.673617379884035e-19
v 0.7099999785423279 0.07000000029802322 0
v 0.7089999914169312 0.0689999982714653 0.004999999888241291
v 0.7089999914169312 0.061000000685453415 0.004999999888241291
vn -0.9805806875228882 0 0.1961161345243454
vn -0.9805806875228882 0 0.1961161345243454
vn -0.9805806875228882 0 0.1961161345243454
vn -0.9805806875228882 0 0.1961161345243454
vn 0 -8.673617379884035e-17 -1
vn 0 -8.673617379884035e-17 -1
vn 0 -8.673617379884035e-17 -1
vn 0 -8.673617379884035e-17 -1
vn 0 0 1
vn 0 0 1
vn 0 0 1
vn 0 0 1
vn 0 0.9805806875228882 0.1961161345243454
vn 0 0.9805806875228882 0.1961161345243454
vn 0 0.9805806875228882 0.1961161345243454
vn 0 0.9805806875228882 0.1961161345243454
vn -1.7010363800944625e-17 -0.9805806875228882 0.1961161345243454
vn -1.7010363800944625e-17 -0.9805806875228882 0.1961161345243454
vn -1.7010363800944625e-17 -0.9805806875228882 0.1961161345243454
vn -1.7010363800944625e-17 -0.9805806875228882 0.1961161345243454
vn 0.9805806875228882 1.7010363800944625e-17 0.1961161345243454
vn 0.9805806875228882 1.7010363800944625e-17 0.1961161345243454
vn 0.9805806875228882 1.7010363800944625e-17 0.1961161345243454
vn 0.9805806875228882 1.7010363800944625e-17 0.1961161345243454
f 241//721 242//722 243//723 244//724
f 245//725 241//726 244//727 246//728
f 247//729 243//730 242//731 248//732
f 244//733 243//734 247//735 246//736
f 245//737 248//738 242//739 241//740
f 246//741 247//742 248//743 245//744
o Solid_107
v 0.7099999785423279 0.05000000074505806 0
v 0.7110000252723694 0.050999999046325684 0.004999999888241291
v 0.7110000252723694 0.05900000035762787 0.004999999888241291
v 0.7099999785423279 0.05999999865889549 0
v 0.7300000190734863 0.05000000074505806 8.673617379884035e-19
v 0.7300000190734863 0.05999999865889549 0
v 0.7289999723434448 0.05900000035762787 0.004999999888241291
v 0.7289999723434448 0.050999999046325684 0.004999999888241291
vn -0.9805806875228882 0 0.1961161345243454
vn -0.9805806875228882 0 0.1961161345243454
vn -0.9805806875228882 0 0.1961161345243454
vn -0.9805806875228882 0 0.1961161345243454
vn 0 -8.673617379884035e-17 -1
vn 0 -8.673617379884035e-17 -1
vn 0 -8.673617379884035e-17 -1
vn 0 -8.673617379884035e-17 -1
vn 0 0 1
vn 0 0 1
vn 0 0 1
vn 0 0 1
vn 0 0.9805806875228882 0.1961161345243454
vn 0 0.9805806875228882 0.1961161345243454
vn 0 0.9805806875228882 0.1961161345243454
vn 0 0.9805806875228882 0.1961161345243454
vn -1.7010363800944625e-17 -0.9805806875228882 0.1961161345243454
vn -1.7010363800944625e-17 -0.9805806875228882 0.1961161345243454
vn -1.7010363800944625e-17 -0.9805806875228882 0.1961161345243454
vn -1.7010363800944625e-17 -0.9805806875228882 0.1961161345243454
vn 0.9805806875228882 1.7010363800944625e-17 0.1961161345243454
vn 0.9805806875228882 1.7010363800944625e-17 0.1961161345243454
vn 0.9805806875228882 1.7010363800944625e-17 0.1961161345243454
vn 0.9805806875228882 1.7010363800944625e-17 0.1961161345243454
f 249//745 250//746 251//747 252//748
f 253//749 249//750 252//751 254//752
f 255//753 251//754 250//755 256//756
f 252//757 251//758 255//759 254//760
f 253//761 256//762 250//763 249//764
f 254//765 255//766 256//767 253//768
o Solid_108
v 0.699999988079071 0.03999999910593033 0
v 0.7009999752044678 0.04100000113248825 0.004999999888241291
v 0.7009999752044678 0.04899999871850014 0.004999999888241291
v 0.699999988079071 0.05000000074505806 0
v 0.7300000190734863 0.03999999910593033 8.673617379884035e-19
v 0.7300000190734863 0.05000000074505806 0
v 0.7289999723434448 0.04899999871850014 0.004999999888241291
v 0.7289999723434448 0.04100000113248825 0.004999999888241291
vn -0.9805806875228882 0 0.1961161345243454
vn -0.9805806875228882 0 0.1961161345243454
vn -0.9805806875228882 0 0.1961161345243454
vn -0.9805806875228882 0 0.1961161345243454
vn 0 -8.673617379884035e-17 -1
vn 0 -8.673617379884035e-17 -1
vn 0 -8.673617379884035e-17 -1
vn 0 -8.673617379884035e-17 -1
vn 0 0 1
vn 0 0 1
vn 0 0 1
vn 0 0 1
vn 0 0.9805806875228882 0.1961161345243454
vn 0 0.9805806875228882 0.1961161345243454
vn 0 0.9805806875228882 0.1961161345243454
vn 0 0.9805806875228882 0.1961161345243454
vn -1.7010363800944625e-17 -0.9805806875228882 0.1961161345243454
vn -1.7010363800944625e-17 -0.9805806875228882 0.1961161345243454
vn -1.7010363800944625e-17 -0.9805806875228882 0.1961161345243454
vn -1.7010363800944625e-17 -0.9805806875228882 0.1961161345243454
vn 0.9805806875228882 1.7010363800944625e-17 0.1961161345243454
vn 0.9805806875228882 1.7010363800944625e-17 0.1961161345243454
vn 0.9805806875228882 1.7010363800944625e-17 0.1961161345243454
vn 0.9805806875228882 1.7010363800944625e-17 0.1961161345243454
f 257//769 258//770 259//771 260//772
f 261//773 257//774 260//775 262//776
f 263//777 259//778 258//779 264//780
f 260//781 259//782 263//783 262//784
f 261//785 264//786 258//787 257//788
f 262//789 263//790 264//791 261//792
o Solid_109
v 0.699999988079071 0.029999999329447746 0
v 0.7009999752044678 0.03099999949336052 0.004999999888241291
v 0.7009999752044678 0.039000000804662704 0.004999999888241291
v 0.699999988079071 0.03999999910593033 0
v 0.7200000286102295 0.029999999329447746 8.673617379884035e-19
v 0.7200000286102295 0.03999999910593033 0
v 0.718999981880188 0.039000000804662704 0.004999999888241291
v 0.718999981880188 0.03099999949336052 0.004999999888241291
vn -0.9805806875228882 0 0.1961161345243454
vn -0.9805806875228882 0 0.1961161345243454
vn -0.9805806875228882 0 0.1961161345243454
vn -0.9805806875228882 0 0.1961161345243454
vn 0 -8.673617379884035e-17 -1
vn 0 -8.673617379884035e-17 -1
vn 0 -8.673617379884035e-17 -1
vn 0 -8.673617379884035e-17 -1
vn 0 0 1
vn 0 0 1
vn 0 0 1
vn 0 0 1
vn 0 0.9805806875228882 0.1961161345243454
vn 0 0.9805806875228882 0.1961161345243454
vn 0 0.9805806875228882 0.1961161345243454
vn 0 0.9805806875228882 0.1961161345243454
vn -1.7010363800944625e-17 -0.9805806875228882 0.1961161345243454
vn -1.7010363800944625e-17 -0.9805806875228882 0.1961161345243454
vn -1.7010363800944625e-17 -0.9805806875228882 0.1961161345243454
vn -1.7010363800944625e-17 -0.9805806875228882 0.1961161345243454
vn 0.9805806875228882 1.7010363800944625e-17 0.1961161345243454
vn 0.9805806875228882 1.7010363800944625e-17 0.1961161345243454
vn 0.9805806875228882 1.7010363800944625e-17 0.1961161345243454
vn 0.9805806875228882 1.7010363800944625e-17 0.1961161345243454
f 265//793 266//794 267//795 268//796
f 269//797 265//798 268//799 270//800
f 271//801 267//802 266//803 272//804
f 268//805 267//806 271//807 270//808
f 269//809 272//810 266//811 265//812
f 270//813 271//814 272//815 269//816
o Solid_110
v 0.6899999976158142 0.019999999552965164 0
v 0.6909999847412109 0.020999999716877937 0.004999999888241291
v 0.6909999847412109 0.028999999165534973 0.004999999888241291
v 0.6899999976158142 0.029999999329447746 0
v 0.699999988079071 0.019999999552965164 8.673617379884035e-19
v 0.699999988079071 0.029999999329447746 0
v 0.6990000009536743 0.028999999165534973 0.004999999888241291
v 0.6990000009536743 0.020999999716877937 0.004999999888241291
vn -0.9805806875228882 0 0.1961161345243454
vn -0.9805806875228882 0 0.1961161345243454
vn -0.9805806875228882 0 0.1961161345243454
vn -0.9805806875228882 0 0.1961161345243454
vn 0 -8.673617379884035e-17 -1
vn 0 -8.673617379884035e-17 -1
vn 0 -8.673617379884035e-17 -1
vn 0 -8.673617379884035e-17 -1
vn 0 0 1
vn 0 0 1
vn 0 0 1
vn 0 0 1
vn 0 0.9805806875228882 0.1961161345243454
vn 0 0.9805806875228882 0.1961161345243454
vn 0 0.9805806875228882 0.1961161345243454
vn 0 0.9805806875228882 0.1961161345243454
vn -1.7010363800944625e-17 -0.9805806875228882 0.1961161345243454
vn -1.7010363800944625e-17 -0.9805806875228882 0.1961161345243454
vn -1.7010363800944625e-17 -0.9805806875228882 0.1961161345243454
vn -1.7010363800944625e-17 -0.9805806875228882 0.1961161345243454
vn 0.9805806875228882 1.7010363800944625e-17 0.1961161345243454
vn 0.9805806875228882 1.7010363800944625e-17 0.1961161345243454
vn 0.9805806875228882 1.7010363800944625e-17 0.1961161345243454
vn 0.9805806875228882 1.7010363800944625e-17 0.1961161345243454
f 273//817 274//818 275//819 276//820
f 277//821 273//822 276//823 278//824
f 279//825 275//826 274//827 280//828
f 276//829 275//830 279//831 278//832
f 277//833 280//834 274//835 273//836
f 278//837 279//838 280//839 277//840
o Solid_111
v 0.699999988079071 0.019999999552965164 0
v 0.7009999752044678 0.020999999716877937 0.004999999888241291
v 0.7009999752044678 0.028999999165534973 0.004999999888241291
v 0.699999988079071 0.029999999329447746 0
v 0.7099999785423279 0.019999999552965164 8.673617379884035e-19
v 0.7099999785423279 0.029999999329447746 0
v 0.7089999914169312 0.028999999165534973 0.004999999888241291
v 0.7089999914169312 0.020999999716877937 0.004999999888241291
vn -0.9805806875228882 0 0.1961161345243454
vn -0.9805806875228882 0 0.1961161345243454
vn -0.9805806875228882 0 0.1961161345243454
vn -0.9805806875228882 0 0.1961161345243454
vn 0 -8.673617379884035e-17 -1
vn 0 -8.673617379884035e-17 -1
vn 0 -8.673617379884035e-17 -1
vn 0 -8.673617379884035e-17 -1
vn 0 0 1
vn 0 0 1
vn 0 0 1
vn 0 0 1
vn 0 0.9805806875228882 0.1961161345243454
vn 0 0.9805806875228882 0.1961161345243454
vn 0 0.9805806875228882 0.1961161345243454
vn 0 0.9805806875228882 0.1961161345243454
vn -1.7010363800944625e-17 -0.9805806875228882 0.1961161345243454
vn -1.7010363800944625e-17 -0.9805806875228882 0.1961161345243454
vn -1.7010363800944625e-17 -0.9805806875228882 0.1961161345243454
vn -1.7010363800944625e-17 -0.9805806875228882 0.1961161345243454
vn 0.9805806875228882 1.7010363800944625e-17 0.1961161345243454
vn 0.9805806875228882 1.7010363800944625e-17 0.1961161345243454
vn 0.9805806875228882 1.7010363800944625e-17 0.1961161345243454
vn 0.9805806875228882 1.7010363800944625e-17 0.1961161345243454
f 281//841 282//842 283//843 284//844
f 285//845 281//846 284//847 286//848
f 287//849 283//850 282//851 288//852
f 284//853 283//854 287//855 286//856
f 285//857 288//858 282//859 281//860
f 286//861 287//862 288//863 285//864
o Solid_112
v 0.5899999737739563 0.019999999552965164 0
v 0.5910000205039978 0.020999999716877937 0.004999999888241291
v 0.5910000205039978 0.028999999165534973 0.004999999888241291
v 0.5899999737739563 0.029999999329447746 0
v 0.6000000238418579 0.019999999552965164 8.673617379884035e-19
v 0.6000000238418579 0.029999999329447746 0
v 0.5989999771118164 0.028999999165534973 0.004999999888241291
v 0.5989999771118164 0.020999999716877937 0.004999999888241291
vn -0.9805806875228882 0 0.1961161345243454
vn -0.9805806875228882 0 0.1961161345243454
vn -0.9805806875228882 0 0.1961161345243454
vn -0.9805806875228882 0 0.1961161345243454
vn 0 -8.673617379884035e-17 -1
vn 0 -8.673617379884035e-17 -1
vn 0 -8.673617379884035e-17 -1
vn 0 -8.673617379884035e-17 -1
vn 0 0 1
vn 0 0 1
vn 0 0 1
vn 0 0 1
vn 0 0.9805806875228882 0.1961161345243454
vn 0 0.9805806875228882 0.1961161345243454
vn 0 0.9805806875228882 0.1961161345243454
vn 0 0.9805806875228882 0.1961161345243454
vn -1.7010363800944625e-17 -0.9805806875228882 0.1961161345243454
vn -1.7010363800944625e-17 -0.9805806875228882 0.1961161345243454
vn -1.7010363800944625e-17 -0.9805806875228882 0.1961161345243454
vn -1.7010363800944625e-17 -0.9805806875228882 0.1961161345243454
vn 0.9805806875228882 1.7010363800944625e-17 0.1961161345243454
vn 0.9805806875228882 1.7010363800944625e-17 0.1961161345243454
vn 0.9805806875228882 1.7010363800944625e-17 0.1961161345243454
vn 0.9805806875228882 1.7010363800944625e-17 0.1961161345243454
f 289//865 290//866 291//867 292//868
f 293//869 289//870 292//871 294//872
f 295//873 291//874 290//875 296//876
f 292//877 291//878 295//879 294//880
f 293//881 296//882 290//883 289//884
f 294//885 295//886 296//887 293//888
o Solid_113
v 0.5799999833106995 0.019999999552965164 0
v 0.5809999704360962 0.020999999716877937 0.004999999888241291
v 0.5809999704360962 0.028999999165534973 0.004999999888241291
v 0.5799999833106995 0.029999999329447746 0
v 0.5899999737739563 0.019999999552965164 8.673617379884035e-19
v 0.5899999737739563 0.029999999329447746 0
v 0.5889999866485596 0.028999999165534973 0.004999999888241291
v 0.5889999866485596 0.020999999716877937 0.004999999888241291
vn -0.9805806875228882 0 0.1961161345243454
vn -0.9805806875228882 0 0.1961161345243454
vn -0.9805806875228882 0 0.1961161345243454
vn -0.9805806875228882 0 0.1961161345243454
vn 0 -8.673617379884035e-17 -1
vn 0 -8.673617379884035e-17 -1
vn 0 -8.673617379884035e-17 -1
vn 0 -8.673617379884035e-17 -1
vn 0 0 1
vn 0 0 1
vn 0 0 1
vn 0 0 1
vn 0 0.9805806875228882 0.1961161345243454
vn 0 0.9805806875228882 0.1961161345243454
vn 0 0.9805806875228882 0.1961161345243454
vn 0 0.9805806875228882 0.1961161345243454
vn -1.7010363800944625e-17 -0.9805806875228882 0.1961161345243454
vn -1.7010363800944625e-17 -0.9805806875228882 0.1961161345243454
vn -1.7010363800944625e-17 -0.9805806875228882 0.1961161345243454
vn -1.7010363800944625e-17 -0.9805806875228882 0.1961161345243454
vn 0.9805806875228882 1.7010363800944625e-17 0.1961161345243454
vn 0.9805806875228882 1.7010363800944625e-17 0.1961161345243454
vn 0.9805806875228882 1.7010363800944625e-17 0.1961161345243454
vn 0.9805806875228882 1.7010363800944625e-17 0.1961161345243454
f 297//889 298//890 299//891 300//892
f 301//893 297//894 300//895 302//896
f 303//897 299//898 298//899 304//900
f 300//901 299//902 303//903 302//904
f 301//905 304//906 298//907 297//908
f 302//909 303//910 304//911 301//912
o Solid_114
v 0.5699999928474426 0.019999999552965164 0
v 0.5709999799728394 0.020999999716877937 0.004999999888241291
v 0.5709999799728394 0.028999999165534973 0.004999999888241291
v 0.5699999928474426 0.029999999329447746 0
v 0.5799999833106995 0.019999999552965164 8.673617379884035e-19
v 0.5799999833106995 0.029999999329447746 0
v 0.5789999961853027 0.028999999165534973 0.004999999888241291
v 0.5789999961853027 0.020999999716877937 0.004999999888241291
vn -0.9805806875228882 0 0.1961161345243454
vn -0.9805806875228882 0 0.1961161345243454
vn -0.9805806875228882 0 0.1961161345243454
vn -0.9805806875228882 0 0.1961161345243454
vn 0 -8.673617379884035e-17 -1
vn 0 -8.673617379884035e-17 -1
vn 0 -8.673617379884035e-17 -1
vn 0 -8.673617379884035e-17 -1
vn 0 0 1
vn 0 0 1
vn 0 0 1
vn 0 0 1
vn 0 0.9805806875228882 0.1961161345243454
vn 0 0.9805806875228882 0.1961161345243454
vn 0 0.9805806875228882 0.1961161345243454
vn 0 0.9805806875228882 0.1961161345243454
vn -1.7010363800944625e-17 -0.9805806875228882 0.1961161345243454
vn -1.7010363800944625e-17 -0.9805806875228882 0.1961161345243454
vn -1.7010363800944625e-17 -0.9805806875228882 0.1961161345243454
vn -1.7010363800944625e-17 -0.9805806875228882 0.1961161345243454
vn 0.9805806875228882 1.7010363800944625e-17 0.1961161345243454
vn 0.9805806875228882 1.7010363800944625e-17 0.1961161345243454
vn 0.9805806875228882 1.7010363800944625e-17 0.1961161345243454
vn 0.9805806875228882 1.7010363800944625e-17 0.1961161345243454
f 305//913 306//914 307//915 308//916
f 309//917 305//918 308//919 310//920
f 311//921 307//922 306//923 312//924
f 308//925 307//926 311//927 310//928
f 309//929 312//930 306//931 305//932
f 310//933 311//934 312//935 309//936
o Solid_115
v 0.5600000023841858 0.03999999910593033 0
v 0.5609999895095825 0.04100000113248825 0.004999999888241291
v 0.5609999895095825 0.04899999871850014 0.004999999888241291
v 0.5600000023841858 0.05000000074505806 0
v 0.5799999833106995 0.03999999910593033 8.673617379884035e-19
v 0.5799999833106995 0.05000000074505806 0
v 0.5789999961853027 0.04899999871850014 0.004999999888241291
v 0.5789999961853027 0.04100000113248825 0.004999999888241291
vn -0.9805806875228882 0 0.1961161345243454
vn -0.9805806875228882 0 0.1961161345243454
vn -0.9805806875228882 0 0.1961161345243454
vn -0.9805806875228882 0 0.1961161345243454
vn 0 -8.673617379884035e-17 -1
vn 0 -8.673617379884035e-17 -1
vn 0 -8.673617379884035e-17 -1
vn 0 -8.673617379884035e-17 -1
vn 0 0 1
vn 0 0 1
vn 0 0 1
vn 0 0 1
vn 0 0.9805806875228882 0.1961161345243454
vn 0 0.9805806875228882 0.1961161345243454
vn 0 0.9805806875228882 0.1961161345243454
vn 0 0.9805806875228882 0.1961161345243454
vn -1.7010363800944625e-17 -0.9805806875228882 0.1961161345243454
vn -1.7010363800944625e-17 -0.9805806875228882 0.1961161345243454
vn -1.7010363800944625e-17 -0.9805806875228882 0.1961161345243454
vn -1.7010363800944625e-17 -0.9805806875228882 0.1961161345243454
vn 0.9805806875228882 1.7010363800944625e-17 0.1961161345243454
vn 0.9805806875228882 1.7010363800944625e-17 0.1961161345243454
vn 0.9805806875228882 1.7010363800944625e-17 0.1961161345243454
vn 0.9805806875228882 1.7010363800944625e-17 0.1961161345243454
f 313//937 314//938 315//939 316//940
f 317//941 313//942 316//943 318//944
f 319//945 315//946 314//947 320//948
f 316//949 315//950 319//951 318//952
f 317//953 320//954 314//955 313//956
f 318//957 319//958 320//959 317//960
o Solid_116
v 0.5600000023841858 0.05000000074505806 0
v 0.5609999895095825 0.050999999046325684 0.004999999888241291
v 0.5609999895095825 0.05900000035762787 0.004999999888241291
v 0.5600000023841858 0.05999999865889549 0
v 0.5799999833106995 0.05000000074505806 8.673617379884035e-19
v 0.5799999833106995 0.05999999865889549 0
v 0.5789999961853027 0.05900000035762787 0.004999999888241291
v 0.5789999961853027 0.050999999046325684 0.004999999888241291
vn -0.9805806875228882 0 0.1961161345243454
vn -0.9805806875228882 0 0.1961161345243454
vn -0.9805806875228882 0 0.1961161345243454
vn -0.9805806875228882 0 0.1961161345243454
vn 0 -8.673617379884035e-17 -1
vn 0 -8.673617379884035e-17 -1
vn 0 -8.673617379884035e-17 -1
vn 0 -8.673617379884035e-17 -1
vn 0 0 1
vn 0 0 1
vn 0 0 1
vn 0 0 1
vn 0 0.9805806875228882 0.1961161345243454
vn 0 0.9805806875228882 0.1961161345243454
vn 0 0.9805806875228882 0.1961161345243454
vn 0 0.9805806875228882 0.1961161345243454
vn -1.7010363800944625e-17 -0.9805806875228882 0.1961161345243454
vn -1.7010363800944625e-17 -0.9805806875228882 0.1961161345243454
vn -1.7010363800944625e-17 -0.9805806875228882 0.1961161345243454
vn -1.7010363800944625e-17 -0.9805806875228882 0.1961161345243454
vn 0.9805806875228882 1.7010363800944625e-17 0.1961161345243454
vn 0.9805806875228882 1.7010363800944625e-17 0.1961161345243454
vn 0.9805806875228882 1.7010363800944625e-17 0.1961161345243454
vn 0.9805806875228882 1.7010363800944625e-17 0.1961161345243454
f 321//961 322//962 323//963 324//964
f 325//965 321//966 324//967 326//968
f 327//969 323//970 322//971 328//972
f 324//973 323//974 327//975 326//976
f 325//977 328//978 322//979 321//980
f 326//981 327//982 328//983 325//984
o Solid_117
v 0.5600000023841858 0.029999999329447746 0
v 0.5609999895095825 0.03099999949336052 0.004999999888241291
v 0.5609999895095825 0.039000000804662704 0.004999999888241291
v 0.5600000023841858 0.03999999910593033 0
v 0.5899999737739563 0.029999999329447746 8.673617379884035e-19
v 0.5899999737739563 0.03999999910593033 0
v 0.5889999866485596 0.039000000804662704 0.004999999888241291
v 0.5889999866485596 0.03099999949336052 0.004999999888241291
vn -0.9805806875228882 0 0.1961161345243454
vn -0.9805806875228882 0 0.1961161345243454
vn -0.9805806875228882 0 0.1961161345243454
vn -0.9805806875228882 0 0.1961161345243454
vn 0 -8.673617379884035e-17 -1
vn 0 -8.673617379884035e-17 -1
vn 0 -8.673617379884035e-17 -1
vn 0 -8.673617379884035e-17 -1
vn 0 0 1
vn 0 0 1
vn 0 0 1
vn 0 0 1
vn 0 0.9805806875228882 0.1961161345243454
vn 0 0.9805806875228882 0.1961161345243454
vn 0 0.9805806875228882 0.1961161345243454
vn 0 0.9805806875228882 0.1961161345243454
vn -1.7010363800944625e-17 -0.9805806875228882 0.1961161345243454
vn -1.7010363800944625e-17 -0.9805806875228882 0.1961161345243454
vn -1.7010363800944625e-17 -0.9805806875228882 0.1961161345243454
vn -1.7010363800944625e-17 -0.9805806875228882 0.1961161345243454
vn 0.9805806875228882 1.7010363800944625e-17 0.1961161345243454
vn 0.9805806875228882 1.7010363800944625e-17 0.1961161345243454
vn 0.9805806875228882 1.7010363800944625e-17 0.1961161345243454
vn 0.9805806875228882 1.7010363800944625e-17 0.1961161345243454
f 329//985 330//986 331//987 332//988
f 333//989 329//990 332//991 334//992
f 335//993 331//994 330//995 336//996
f 332//997 331//998 335//999 334//1000
f 333//1001 336//1002 330//1003 329//1004
f 334//1005 335//1006 336//1007 333//1008
o Solid_118
v 0.5799999833106995 0.05000000074505806 0
v 0.5809999704360962 0.050999999046325684 0.004999999888241291
v 0.5809999704360962 0.05900000035762787 0.004999999888241291
v 0.5799999833106995 0.05999999865889549 0
v 0.5899999737739563 0.05000000074505806 8.673617379884035e-19
v 0.5899999737739563 0.05999999865889549 0
v 0.5889999866485596 0.05900000035762787 0.004999999888241291
v 0.5889999866485596 0.050999999046325684 0.004999999888241291
vn -0.9805806875228882 0 0.1961161345243454
vn -0.9805806875228882 0 0.1961161345243454
vn -0.9805806875228882 0 0.1961161345243454
vn -0.9805806875228882 0 0.1961161345243454
vn 0 -8.673617379884035e-17 -1
vn 0 -8.673617379884035e-17 -1
vn 0 -8.673617379884035e-17 -1
vn 0 -8.673617379884035e-17 -1
vn 0 0 1
vn 0 0 1
vn 0 0 1
vn 0 0 1
vn 0 0.9805806875228882 0.1961161345243454
vn 0 0.9805806875228882 0.1961161345243454
vn 0 0.9805806875228882 0.1961161345243454
vn 0 0.9805806875228882 0.1961161345243454
vn -1.7010363800944625e-17 -0.9805806875228882 0.1961161345243454
vn -1.7010363800944625e-17 -0.9805806875228882 0.1961161345243454
vn -1.7010363800944625e-17 -0.9805806875228882 0.1961161345243454
vn -1.7010363800944625e-17 -0.9805806875228882 0.1961161345243454
vn 0.9805806875228882 1.7010363800944625e-17 0.1961161345243454
vn 0.9805806875228882 1.7010363800944625e-17 0.1961161345243454
vn 0.9805806875228882 1.7010363800944625e-17 0.1961161345243454
vn 0.9805806875228882 1.7010363800944625e-17 0.1961161345243454
f 337//1009 338//1010 339//1011 340//1012
f 341//1013 337//1014 340//1015 342//1016
f 343//1017 339//1018 338//1019 344//1020
f 340//1021 339//1022 343//1023 342//1024
f 341//1025 344//1026 338//1027 337//1028
f 342//1029 343//1030 344//1031 341//1032
o Solid_119
v 0.5899999737739563 0.05000000074505806 0
v 0.5910000205039978 0.050999999046325684 0.004999999888241291
v 0.5910000205039978 0.05900000035762787 0.004999999888241291
v 0.5899999737739563 0.05999999865889549 0
v 0.6000000238418579 0.05000000074505806 8.673617379884035e-19
v 0.6000000238418579 0.05999999865889549 0
v 0.5989999771118164 0.05900000035762787 0.004999999888241291
v 0.5989999771118164 0.050999999046325684 0.004999999888241291
vn -0.9805806875228882 0 0.1961161345243454
vn -0.9805806875228882 0 0.1961161345243454
vn -0.9805806875228882 0 0.1961161345243454
vn -0.9805806875228882 0 0.1961161345243454
vn 0 -8.673617379884035e-17 -1
vn 0 -8.673617379884035e-17 -1
vn 0 -8.673617379884035e-17 -1
vn 0 -8.673617379884035e-17 -1
vn 0 0 1
vn 0 0 1
vn 0 0 1
vn 0 0 1
vn 0 0.9805806875228882 0.1961161345243454
vn 0 0.9805806875228882 0.1961161345243454
vn 0 0.9805806875228882 0.1961161345243454
vn 0 0.9805806875228882 0.1961161345243454
vn -1.7010363800944625e-17 -0.9805806875228882 0.1961161345243454
vn -1.7010363800944625e-17 -0.9805806875228882 0.1961161345243454
vn -1.7010363800944625e-17 -0.9805806875228882 0.1961161345243454
vn -1.7010363800944625e-17 -0.9805806875228882 0.1961161345243454
vn 0.9805806875228882 1.7010363800944625e-17 0.1961161345243454
vn 0.9805806875228882 1.7010363800944625e-17 0.1961161345243454
vn 0.9805806875228882 1.7010363800944625e-17 0.1961161345243454
vn 0.9805806875228882 1.7010363800944625e-17 0.1961161345243454
f 345//1033 346//1034 347//1035 348//1036
f 349//1037 345//1038 348//1039 350//1040
f 351//1041 347//1042 346//1043 352//1044
f 348//1045 347//1046 351//1047 350//1048
f 349//1049 352//1050 346//1051 345//1052
f 350//1053 351//1054 352//1055 349//1056
o Solid_120
v 0.6000000238418579 0.05000000074505806 0
v 0.6010000109672546 0.050999999046325684 0.004999999888241291
v 0.6010000109672546 0.05900000035762787 0.004999999888241291
v 0.6000000238418579 0.05999999865889549 0
v 0.6100000143051147 0.05000000074505806 8.673617379884035e-19
v 0.6100000143051147 0.05999999865889549 0
v 0.609000027179718 0.05900000035762787 0.004999999888241291
v 0.609000027179718 0.050999999046325684 0.004999999888241291
vn -0.9805806875228882 0 0.1961161345243454
vn -0.9805806875228882 0 0.1961161345243454
vn -0.9805806875228882 0 0.1961161345243454
vn -0.9805806875228882 0 0.1961161345243454
vn 0 -8.673617379884035e-17 -1
vn 0 -8.673617379884035e-17 -1
vn 0 -8.673617379884035e-17 -1
vn 0 -8.673617379884035e-17 -1
vn 0 0 1
vn 0 0 1
vn 0 0 1
vn 0 0 1
vn 0 0.9805806875228882 0.1961161345243454
vn 0 0.9805806875228882 0.1961161345243454
vn 0 0.9805806875228882 0.1961161345243454
vn 0 0.9805806875228882 0.1961161345243454
vn -1.7010363800944625e-17 -0.9805806875228882 0.1961161345243454
vn -1.7010363800944625e-17 -0.9805806875228882 0.1961161345243454
vn -1.7010363800944625e-17 -0.9805806875228882 0.1961161345243454
vn -1.7010363800944625e-17 -0.9805806875228882 0.1961161345243454
vn 0.9805806875228882 1.7010363800944625e-17 0.1961161345243454
vn 0.9805806875228882 1.7010363800944625e-17 0.1961161345243454
vn 0.9805806875228882 1.7010363800944625e-17 0.1961161345243454
vn 0.9805806875228882 1.7010363800944625e-17 0.1961161345243454
f 353//1057 354//1058 355//1059 356//1060
f 357//1061 353//1062 356//1063 358//1064
f 359//1065 355//1066 354//1067 360//1068
f 356//1069 355//1070 359//1071 358//1072
f 357//1073 360//1074 354//1075 353//1076
f 358//1077 359//1078 360//1079 357//1080
o Solid_121
v 0.6100000143051147 0.05000000074505806 0
v 0.6110000014305115 0.050999999046325684 0.004999999888241291
v 0.6110000014305115 0.05900000035762787 0.004999999888241291
v 0.6100000143051147 0.05999999865889549 0
v 0.6200000047683716 0.05000000074505806 8.673617379884035e-19
v 0.6200000047683716 0.05999999865889549 0
v 0.6190000176429749 0.05900000035762787 0.004999999888241291
v 0.6190000176429749 0.050999999046325684 0.004999999888241291
vn -0.9805806875228882 0 0.1961161345243454
vn -0.9805806875228882 0 0.1961161345243454
vn -0.9805806875228882 0 0.1961161345243454
vn -0.9805806875228882 0 0.1961161345243454
vn 0 -8.673617379884035e-17 -1
vn 0 -8.673617379884035e-17 -1
vn 0 -8.673617379884035e-17 -1
vn 0 -8.673617379884035e-17 -1
vn 0 0 1
vn 0 0 1
vn 0 0 1
vn 0 0 1
vn 0 0.9805806875228882 0.1961161345243454
vn 0 0.9805806875228882 0.1961161345243454
vn 0 0.9805806875228882 0.1961161345243454
vn 0 0.9805806875228882 0.1961161345243454
vn -1.7010363800944625e-17 -0.9805806875228882 0.1961161345243454
vn -1.7010363800944625e-17 -0.9805806875228882 0.1961161345243454
vn -1.7010363800944625e-17 -0.9805806875228882 0.1961161345243454
vn -1.7010363800944625e-17 -0.9805806875228882 0.1961161345243454
vn 0.9805806875228882 1.7010363800944625e-17 0.1961161345243454
vn 0.9805806875228882 1.7010363800944625e-17 0.1961161345243454
vn 0.9805806875228882 1.7010363800944625e-17 0.1961161345243454
vn 0.9805806875228882 1.7010363800944625e-17 0.1961161345243454
f 361//1081 362//1082 363//1083 364//1084
f 365//1085 361//1086 364//1087 366//1088
f 367//1089 363//1090 362//1091 368//1092
f 364//1093 363//1094 367//1095 366//1096
f 365//1097 368//1098 362//1099 361//1100
f 366//1101 367//1102 368//1103 365//1104
o Solid_122
v 0.6200000047683716 0.05000000074505806 0
v 0.6209999918937683 0.050999999046325684 0.004999999888241291
v 0.6209999918937683 0.05900000035762787 0.004999999888241291
v 0.6200000047683716 0.05999999865889549 0
v 0.6299999952316284 0.05000000074505806 8.673617379884035e-19
v 0.6299999952316284 0.05999999865889549 0
v 0.6290000081062317 0.05900000035762787 0.004999999888241291
v 0.6290000081062317 0.050999999046325684 0.004999999888241291
vn -0.9805806875228882 0 0.1961161345243454
vn -0.9805806875228882 0 0.1961161345243454
vn -0.9805806875228882 0 0.1961161345243454
vn -0.9805806875228882 0 0.1961161345243454
vn 0 -8.673617379884035e-17 -1
vn 0 -8.673617379884035e-17 -1
vn 0 -8.673617379884035e-17 -1
vn 0 -8.673617379884035e-17 -1
vn 0 0 1
vn 0 0 1
vn 0 0 1
vn 0 0 1
vn 0 0.9805806875228882 0.1961161345243454
vn 0 0.9805806875228882 0.1961161345243454
vn 0 0.9805806875228882 0.1961161345243454
vn 0 0.9805806875228882 0.1961161345243454
vn -1.7010363800944625e-17 -0.9805806875228882 0.1961161345243454
vn -1.7010363800944625e-17 -0.9805806875228882 0.1961161345243454
vn -1.7010363800944625e-17 -0.9805806875228882 0.1961161345243454
vn -1.7010363800944625e-17 -0.9805806875228882 0.1961161345243454
vn 0.9805806875228882 1.7010363800944625e-17 0.1961161345243454
vn 0.9805806875228882 1.7010363800944625e-17 0.1961161345243454
vn 0.9805806875228882 1.7010363800944625e-17 0.1961161345243454
vn 0.9805806875228882 1.7010363800944625e-17 0.1961161345243454
f 369//1105 370//1106 371//1107 372//1108
f 373//1109 369//1110 372//1111 374//1112
f 375//1113 371//1114 370//1115 376//1116
f 372//1117 371//1118 375//1119 374//1120
f 373//1121 376//1122 370//1123 369//1124
f 374//1125 375//1126 376//1127 373//1128
o Solid_123
v 0.6299999952316284 0.05000000074505806 0
v 0.6309999823570251 0.050999999046325684 0.004999999888241291
v 0.6309999823570251 0.05900000035762787 0.004999999888241291
v 0.6299999952316284 0.05999999865889549 0
v 0.6399999856948853 0.05000000074505806 8.673617379884035e-19
v 0.6399999856948853 0.05999999865889549 0
v 0.6389999985694885 0.05900000035762787 0.004999999888241291
v 0.6389999985694885 0.050999999046325684 0.004999999888241291
vn -0.9805806875228882 0 0.1961161345243454
vn -0.9805806875228882 0 0.1961161345243454
vn -0.9805806875228882 0 0.1961161345243454
vn -0.9805806875228882 0 0.1961161345243454
vn 0 -8.673617379884035e-17 -1
vn 0 -8.673617379884035e-17 -1
vn 0 -8.673617379884035e-17 -1
vn 0 -8.673617379884035e-17 -1
vn 0 0 1
vn 0 0 1
vn 0 0 1
vn 0 0 1
vn 0 0.9805806875228882 0.1961161345243454
vn 0 0.9805806875228882 0.1961161345243454
vn 0 0.9805806875228882 0.1961161345243454
vn 0 0.9805806875228882 0.1961161345243454
vn -1.7010363800944625e-17 -0.9805806875228882 0.1961161345243454
vn -1.7010363800944625e-17 -0.9805806875228882 0.1961161345243454
vn -1.7010363800944625e-17 -0.9805806875228882 0.1961161345243454
vn -1.7010363800944625e-17 -0.9805806875228882 0.1961161345243454
vn 0.9805806875228882 1.7010363800944625e-17 0.1961161345243454
vn 0.9805806875228882 1.7010363800944625e-17 0.1961161345243454
vn 0.9805806875228882 1.7010363800944625e-17 0.1961161345243454
vn 0.9805806875228882 1.7010363800944625e-17 0.1961161345243454
f 377//1129 378//1130 379//1131 380//1132
f 381//1133 377//1134 380//1135 382//1136
f 383//1137 379//1138 378//1139 384//1140
f 380//1141 379//1142 383//1143 382//1144
f 381//1145 384//1146 378//1147 377//1148
f 382//1149 383//1150 384//1151 381//1152
o Solid_124
v 0.6399999856948853 0.05000000074505806 0
v 0.640999972820282 0.050999999046325684 0.004999999888241291
v 0.640999972820282 0.05900000035762787 0.004999999888241291
v 0.6399999856948853 0.05999999865889549 0
v 0.6499999761581421 0.05000000074505806 8.673617379884035e-19
v 0.6499999761581421 0.05999999865889549 0
v 0.6489999890327454 0.05900000035762787 0.004999999888241291
v 0.6489999890327454 0.050999999046325684 0.004999999888241291
vn -0.9805806875228882 0 0.1961161345243454
vn -0.9805806875228882 0 0.1961161345243454
vn -0.9805806875228882 0 0.1961161345243454
vn -0.9805806875228882 0 0.1961161345243454
vn 0 -8.673617379884035e-17 -1
vn 0 -8.673617379884035e-17 -1
vn 0 -8.673617379884035e-17 -1
vn 0 -8.673617379884035e-17 -1
vn 0 0 1
vn 0 0 1
vn 0 0 1
vn 0 0 1
vn 0 0.9805806875228882 0.1961161345243454
vn 0 0.9805806875228882 0.1961161345243454
vn 0 0.9805806875228882 0.1961161345243454
vn 0 0.9805806875228882 0.1961161345243454
vn -1.7010363800944625e-17 -0.9805806875228882 0.1961161345243454
vn -1.7010363800944625e-17 -0.9805806875228882 0.1961161345243454
vn -1.7010363800944625e-17 -0.9805806875228882 0.1961161345243454
vn -1.7010363800944625e-17 -0.9805806875228882 0.1961161345243454
vn 0.9805806875228882 1.7010363800944625e-17 0.1961161345243454
vn 0.9805806875228882 1.7010363800944625e-17 0.1961161345243454
vn 0.9805806875228882 1.7010363800944625e-17 0.1961161345243454
vn 0.9805806875228882 1.7010363800944625e-17 0.1961161345243454
f 385//1153 386//1154 387//1155 388//1156
f 389//1157 385//1158 388//1159 390//1160
f 391//1161 387//1162 386//1163 392//1164
f 388//1165 387//1166 391//1167 390//1168
f 389//1169 392//1170 386//1171 385//1172
f 390//1173 391//1174 392//1175 389//1176
o Solid_125
v 0.6499999761581421 0.05000000074505806 0
v 0.6510000228881836 0.050999999046325684 0.004999999888241291
v 0.6510000228881836 0.05900000035762787 0.004999999888241291
v 0.6499999761581421 0.05999999865889549 0
v 0.6600000262260437 0.05000000074505806 8.673617379884035e-19
v 0.6600000262260437 0.05999999865889549 0
v 0.6589999794960022 0.05900000035762787 0.004999999888241291
v 0.6589999794960022 0.050999999046325684 0.004999999888241291
vn -0.9805806875228882 0 0.1961161345243454
vn -0.9805806875228882 0 0.1961161345243454
vn -0.9805806875228882 0 0.1961161345243454
vn -0.9805806875228882 0 0.1961161345243454
vn 0 -8.673617379884035e-17 -1
vn 0 -8.673617379884035e-17 -1
vn 0 -8.673617379884035e-17 -1
vn 0 -8.673617379884035e-17 -1
vn 0 0 1
vn 0 0 1
vn 0 0 1
vn 0 0 1
vn 0 0.9805806875228882 0.1961161345243454
vn 0 0.9805806875228882 0.1961161345243454
vn 0 0.9805806875228882 0.1961161345243454
vn 0 0.9805806875228882 0.1961161345243454
vn -1.7010363800944625e-17 -0.9805806875228882 0.1961161345243454
vn -1.7010363800944625e-17 -0.9805806875228882 0.1961161345243454
vn -1.7010363800944625e-17 -0.9805806875228882 0.1961161345243454
vn -1.7010363800944625e-17 -0.9805806875228882 0.1961161345243454
vn 0.9805806875228882 1.7010363800944625e-17 0.1961161345243454
vn 0.9805806875228882 1.7010363800944625e-17 0.1961161345243454
vn 0.9805806875228882 1.7010363800944625e-17 0.1961161345243454
vn 0.9805806875228882 1.7010363800944625e-17 0.1961161345243454
f 393//1177 394//1178 395//1179 396//1180
f 397//1181 393//1182 396//1183 398//1184
f 399//1185 395//1186 394//1187 400//1188
f 396//1189 395//1190 399//1191 398//1192
f 397//1193 400//1194 394//1195 393//1196
f 398//1197 399//1198 400//1199 397//1200
o Solid_126
v 0.6600000262260437 0.05000000074505806 0
v 0.6610000133514404 0.050999999046325684 0.004999999888241291
v 0.6610000133514404 0.05900000035762787 0.004999999888241291
v 0.6600000262260437 0.05999999865889549 0
v 0.6700000166893005 0.05000000074505806 8.673617379884035e-19
v 0.6700000166893005 0.05999999865889549 0
v 0.6690000295639038 0.05900000035762787 0.004999999888241291
v 0.6690000295639038 0.050999999046325684 0.004999999888241291
vn -0.9805806875228882 0 0.1961161345243454
vn -0.9805806875228882 0 0.1961161345243454
vn -0.9805806875228882 0 0.1961161345243454
vn -0.9805806875228882 0 0.1961161345243454
vn 0 -8.673617379884035e-17 -1
vn 0 -8.673617379884035e-17 -1
vn 0 -8.673617379884035e-17 -1
vn 0 -8.673617379884035e-17 -1
vn 0 0 1
vn 0 0 1
vn 0 0 1
vn 0 0 1
vn 0 0.9805806875228882 0.1961161345243454
vn 0 0.9805806875228882 0.1961161345243454
vn 0 0.9805806875228882 0.1961161345243454
vn 0 0.9805806875228882 0.1961161345243454
vn -1.7010363800944625e-17 -0.9805806875228882 0.1961161345243454
vn -1.7010363800944625e-17 -0.9805806875228882 0.1961161345243454
vn -1.7010363800944625e-17 -0.9805806875228882 0.1961161345243454
vn -1.7010363800944625e-17 -0.9805806875228882 0.1961161345243454
vn 0.9805806875228882 1.7010363800944625e-17 0.1961161345243454
vn 0.9805806875228882 1.7010363800944625e-17 0.1961161345243454
vn 0.9805806875228882 1.7010363800944625e-17 0.1961161345243454
vn 0.9805806875228882 1.7010363800944625e-17 0.1961161345243454
f 401//1201 402//1202 403//1203 404//1204
f 405//1205 401//1206 404//1207 406//1208
f 407//1209 403//1210 402//1211 408//1212
f 404//1213 403//1214 407//1215 406//1216
f 405//1217 408//1218 402//1219 401//1220
f 406//1221 407//1222 408//1223 405//1224
o Solid_127
v 0.6700000166893005 0.05000000074505806 0
v 0.6710000038146973 0.050999999046325684 0.004999999888241291
v 0.6710000038146973 0.05900000035762787 0.004999999888241291
v 0.6700000166893005 0.05999999865889549 0
v 0.6800000071525574 0.05000000074505806 8.673617379884035e-19
v 0.6800000071525574 0.05999999865889549 0
v 0.6790000200271606 0.05900000035762787 0.004999999888241291
v 0.6790000200271606 0.050999999046325684 0.004999999888241291
vn -0.9805806875228882 0 0.1961161345243454
vn -0.9805806875228882 0 0.1961161345243454
vn -0.9805806875228882 0 0.1961161345243454
vn -0.9805806875228882 0 0.1961161345243454
vn 0 -8.673617379884035e-17 -1
vn 0 -8.673617379884035e-17 -1
vn 0 -8.673617379884035e-17 -1
vn 0 -8.673617379884035e-17 -1
vn 0 0 1
vn 0 0 1
vn 0 0 1
vn 0 0 1
vn 0 0.9805806875228882 0.1961161345243454
vn 0 0.9805806875228882 0.1961161345243454
vn 0 0.9805806875228882 0.1961161345243454
vn 0 0.9805806875228882 0.1961161345243454
vn -1.7010363800944625e-17 -0.9805806875228882 0.1961161345243454
vn -1.7010363800944625e-17 -0.9805806875228882 0.1961161345243454
vn -1.7010363800944625e-17 -0.9805806875228882 0.1961161345243454
vn -1.7010363800944625e-17 -0.9805806875228882 0.1961161345243454
vn 0.9805806875228882 1.7010363800944625e-17 0.1961161345243454
vn 0.9805806875228882 1.7010363800944625e-17 0.1961161345243454
vn 0.9805806875228882 1.7010363800944625e-17 0.1961161345243454
vn 0.9805806875228882 1.7010363800944625e-17 0.1961161345243454
f 409//1225 410//1226 411//1227 412//1228
f 413//1229 409//1230 412//1231 414//1232
f 415//1233 411//1234 410//1235 416//1236
f 412//1237 411//1238 415//1239 414//1240
f 413//1241 416//1242 410//1243 409//1244
f 414//1245 415//1246 416//1247 413//1248
o Solid_128
v 0.6800000071525574 0.05000000074505806 0
v 0.6809999942779541 0.050999999046325684 0.004999999888241291
v 0.6809999942779541 0.05900000035762787 0.004999999888241291
v 0.6800000071525574 0.05999999865889549 0
v 0.6899999976158142 0.05000000074505806 8.673617379884035e-19
v 0.6899999976158142 0.05999999865889549 0
v 0.6890000104904175 0.05900000035762787 0.004999999888241291
v 0.6890000104904175 0.050999999046325684 0.004999999888241291
vn -0.9805806875228882 0 0.1961161345243454
vn -0.9805806875228882 0 0.1961161345243454
vn -0.9805806875228882 0 0.1961161345243454
vn -0.9805806875228882 0 0.1961161345243454
vn 0 -8.673617379884035e-17 -1
vn 0 -8.673617379884035e-17 -1
vn 0 -8.673617379884035e-17 -1
vn 0 -8.673617379884035e-17 -1
vn 0 0 1
vn 0 0 1
vn 0 0 1
vn 0 0 1
vn 0 0.9805806875228882 0.1961161345243454
vn 0 0.9805806875228882 0.1961161345243454
vn 0 0.9805806875228882 0.1961161345243454
vn 0 0.9805806875228882 0.1961161345243454
vn -1.7010363800944625e-17 -0.9805806875228882 0.1961161345243454
vn -1.7010363800944625e-17 -0.9805806875228882 0.1961161345243454
vn -1.7010363800944625e-17 -0.9805806875228882 0.1961161345243454
vn -1.7010363800944625e-17 -0.9805806875228882 0.1961161345243454
vn 0.9805806875228882 1.7010363800944625e-17 0.1961161345243454
vn 0.9805806875228882 1.7010363800944625e-17 0.1961161345243454
vn 0.9805806875228882 1.7010363800944625e-17 0.1961161345243454
vn 0.9805806875228882 1.7010363800944625e-17 0.1961161345243454
f 417//1249 418//1250 419//1251 420//1252
f 421//1253 417//1254 420//1255 422//1256
f 423//1257 419//1258 418//1259 424//1260
f 420//1261 419//1262 423//1263 422//1264
f 421//1265 424//1266 418//1267 417//1268
f 422//1269 423//1270 424//1271 421//1272
o Solid_129
v 0.6899999976158142 0.05000000074505806 0
v 0.6909999847412109 0.050999999046325684 0.004999999888241291
v 0.6909999847412109 0.05900000035762787 0.004999999888241291
v 0.6899999976158142 0.05999999865889549 0
v 0.699999988079071 0.05000000074505806 8.673617379884035e-19
v 0.699999988079071 0.05999999865889549 0
v 0.6990000009536743 0.05900000035762787 0.004999999888241291
v 0.6990000009536743 0.050999999046325684 0.004999999888241291
vn -0.9805806875228882 0 0.1961161345243454
vn -0.9805806875228882 0 0.1961161345243454
vn -0.9805806875228882 0 0.1961161345243454
vn -0.9805806875228882 0 0.1961161345243454
vn 0 -8.673617379884035e-17 -1
vn 0 -8.673617379884035e-17 -1
vn 0 -8.673617379884035e-17 -1
vn 0 -8.673617379884035e-17 -1
vn 0 0 1
vn 0 0 1
vn 0 0 1
vn 0 0 1
vn 0 0.9805806875228882 0.1961161345243454
vn 0 0.9805806875228882 0.1961161345243454
vn 0 0.9805806875228882 0.1961161345243454
vn 0 0.9805806875228882 0.1961161345243454
vn -1.7010363800944625e-17 -0.9805806875228882 0.1961161345243454
vn -1.7010363800944625e-17 -0.9805806875228882 0.1961161345243454
vn -1.7010363800944625e-17 -0.9805806875228882 0.1961161345243454
vn -1.7010363800944625e-17 -0.9805806875228882 0.1961161345243454
vn 0.9805806875228882 1.7010363800944625e-17 0.1961161345243454
vn 0.9805806875228882 1.7010363800944625e-17 0.1961161345243454
vn 0.9805806875228882 1.7010363800944625e-17 0.1961161345243454
vn 0.9805806875228882 1.7010363800944625e-17 0.1961161345243454
f 425//1273 426//1274 427//1275 428//1276
f 429//1277 425//1278 428//1279 430//1280
f 431//1281 427//1282 426//1283 432//1284
f 428//1285 427//1286 431//1287 430//1288
f 429//1289 432//1290 426//1291 425//1292
f 430//1293 431//1294 432//1295 429//1296
o Solid_130
v 0.5799999833106995 0.03999999910593033 0
v 0.5809999704360962 0.04100000113248825 0.004999999888241291
v 0.5809999704360962 0.04899999871850014 0.004999999888241291
v 0.5799999833106995 0.05000000074505806 0
v 0.5899999737739563 0.03999999910593033 8.673617379884035e-19
v 0.5899999737739563 0.05000000074505806 0
v 0.5889999866485596 0.04899999871850014 0.004999999888241291
v 0.5889999866485596 0.04100000113248825 0.004999999888241291
vn -0.9805806875228882 0 0.1961161345243454
vn -0.9805806875228882 0 0.1961161345243454
vn -0.9805806875228882 0 0.1961161345243454
vn -0.9805806875228882 0 0.1961161345243454
vn 0 -8.673617379884035e-17 -1
vn 0 -8.673617379884035e-17 -1
vn 0 -8.673617379884035e-17 -1
vn 0 -8.673617379884035e-17 -1
vn 0 0 1
vn 0 0 1
vn 0 0 1
vn 0 0 1
vn 0 0.9805806875228882 0.1961161345243454
vn 0 0.9805806875228882 0.1961161345243454
vn 0 0.9805806875228882 0.1961161345243454
vn 0 0.9805806875228882 0.1961161345243454
vn -1.7010363800944625e-17 -0.9805806875228882 0.1961161345243454
vn -1.7010363800944625e-17 -0.9805806875228882 0.1961161345243454
vn -1.7010363800944625e-17 -0.9805806875228882 0.1961161345243454
vn -1.7010363800944625e-17 -0.9805806875228882 0.1961161345243454
vn 0.9805806875228882 1.7010363800944625e-17 0.1961161345243454
vn 0.9805806875228882 1.7010363800944625e-17 0.1961161345243454
vn 0.9805806875228882 1.7010363800944625e-17 0.1961161345243454
vn 0.9805806875228882 1.7010363800944625e-17 0.1961161345243454
f 433//1297 434//1298 435//1299 436//1300
f 437//1301 433//1302 436//1303 438//1304
f 439//1305 435//1306 434//1307 440//1308
f 436//1309 435//1310 439//1311 438//1312
f 437//1313 440//1314 434//1315 433//1316
f 438//1317 439//1318 440//1319 437//1320
o Solid_131
v 0.5899999737739563 0.03999999910593033 0
v 0.5910000205039978 0.04100000113248825 0.004999999888241291
v 0.5910000205039978 0.04899999871850014 0.004999999888241291
v 0.5899999737739563 0.05000000074505806 0
v 0.6000000238418579 0.03999999910593033 8.673617379884035e-19
v 0.6000000238418579 0.05000000074505806 0
v 0.5989999771118164 0.04899999871850014 0.004999999888241291
v 0.5989999771118164 0.04100000113248825 0.004999999888241291
vn -0.9805806875228882 0 0.1961161345243454
vn -0.9805806875228882 0 0.1961161345243454
vn -0.9805806875228882 0 0.1961161345243454
vn -0.9805806875228882 0 0.1961161345243454
vn 0 -8.673617379884035e-17 -1
vn 0 -8.673617379884035e-17 -1
vn 0 -8.673617379884035e-17 -1
vn 0 -8.673617379884035e-17 -1
vn 0 0 1
vn 0 0 1
vn 0 0 1
vn 0 0 1
vn 0 0.9805806875228882 0.1961161345243454
vn 0 0.9805806875228882 0.1961161345243454
vn 0 0.9805806875228882 0.1961161345243454
vn 0 0.9805806875228882 0.1961161345243454
vn -1.7010363800944625e-17 -0.9805806875228882 0.1961161345243454
vn -1.7010363800944625e-17 -0.9805806875228882 0.1961161345243454
vn -1.7010363800944625e-17 -0.9805806875228882 0.1961161345243454
vn -1.7010363800944625e-17 -0.9805806875228882 0.1961161345243454
vn 0.9805806875228882 1.7010363800944625e-17 0.1961161345243454
vn 0.9805806875228882 1.7010363800944625e-17 0.1961161345243454
vn 0.9805806875228882 1.7010363800944625e-17 0.1961161345243454
vn 0.9805806875228882 1.7010363800944625e-17 0.1961161345243454
f 441//1321 442//1322 443//1323 444//1324
f 445//1325 441//1326 444//1327 446//1328
f 447//1329 443//1330 442//1331 448//1332
f 444//1333 443//1334 447//1335 446//1336
f 445//1337 448//1338 442//1339 441//1340
f 446//1341 447//1342 448//1343 445//1344
o Solid_132
v 0.6000000238418579 0.03999999910593033 0
v 0.6010000109672546 0.04100000113248825 0.004999999888241291
v 0.6010000109672546 0.04899999871850014 0.004999999888241291
v 0.6000000238418579 0.05000000074505806 0
v 0.6100000143051147 0.03999999910593033 8.673617379884035e-19
v 0.6100000143051147 0.05000000074505806 0
v 0.609000027179718 0.04899999871850014 0.004999999888241291
v 0.609000027179718 0.04100000113248825 0.004999999888241291
vn -0.9805806875228882 0 0.1961161345243454
vn -0.9805806875228882 0 0.1961161345243454
vn -0.9805806875228882 0 0.1961161345243454
vn -0.9805806875228882 0 0.1961161345243454
vn 0 -8.673617379884035e-17 -1
vn 0 -8.673617379884035e-17 -1
vn 0 -8.673617379884035e-17 -1
vn 0 -8.673617379884035e-17 -1
vn 0 0 1
vn 0 0 1
vn 0 0 1
vn 0 0 1
vn 0 0.9805806875228882 0.1961161345243454
vn 0 0.9805806875228882 0.1961161345243454
vn 0 0.9805806875228882 0.1961161345243454
vn 0 0.9805806875228882 0.1961161345243454
vn -1.7010363800944625e-17 -0.9805806875228882 0.1961161345243454
vn -1.7010363800944625e-17 -0.9805806875228882 0.1961161345243454
vn -1.7010363800944625e-17 -0.9805806875228882 0.1961161345243454
vn -1.7010363800944625e-17 -0.9805806875228882 0.1961161345243454
vn 0.9805806875228882 1.7010363800944625e-17 0.1961161345243454
vn 0.9805806875228882 1.7010363800944625e-17 0.1961161345243454
vn 0.9805806875228882 1.7010363800944625e-17 0.1961161345243454
vn 0.9805806875228882 1.7010363800944625e-17 0.1961161345243454
f 449//1345 450//1346 451//1347 452//1348
f 453//1349 449//1350 452//1351 454//1352
f 455//1353 451//1354 450//1355 456//1356
f 452//1357 451//1358 455//1359 454//1360
f 453//1361 456//1362 450//1363 449//1364
f 454//1365 455//1366 456//1367 453//1368
o Solid_133
v 0.6100000143051147 0.03999999910593033 0
v 0.6110000014305115 0.04100000113248825 0.004999999888241291
v 0.6110000014305115 0.04899999871850014 0.004999999888241291
v 0.6100000143051147 0.05000000074505806 0
v 0.6200000047683716 0.03999999910593033 8.673617379884035e-19
v 0.6200000047683716 0.05000000074505806 0
v 0.6190000176429749 0.04899999871850014 0.004999999888241291
v 0.6190000176429749 0.04100000113248825 0.004999999888241291
vn -0.9805806875228882 0 0.1961161345243454
vn -0.9805806875228882 0 0.1961161345243454
vn -0.9805806875228882 0 0.1961161345243454
vn -0.9805806875228882 0 0.1961161345243454
vn 0 -8.673617379884035e-17 -1
vn 0 -8.673617379884035e-17 -1
vn 0 -8.673617379884035e-17 -1
vn 0 -8.673617379884035e-17 -1
vn 0 0 1
vn 0 0 1
vn 0 0 1
vn 0 0 1
vn 0 0.9805806875228882 0.1961161345243454
vn 0 0.9805806875228882 0.1961161345243454
vn 0 0.9805806875228882 0.1961161345243454
vn 0 0.9805806875228882 0.1961161345243454
vn -1.7010363800944625e-17 -0.9805806875228882 0.1961161345243454
vn -1.7010363800944625e-17 -0.9805806875228882 0.1961161345243454
vn -1.7010363800944625e-17 -0.9805806875228882 0.1961161345243454
vn -1.7010363800944625e-17 -0.9805806875228882 0.1961161345243454
vn 0.9805806875228882 1.7010363800944625e-17 0.1961161345243454
vn 0.9805806875228882 1.7010363800944625e-17 0.1961161345243454
vn 0.9805806875228882 1.7010363800944625e-17 0.1961161345243454
vn 0.9805806875228882 1.7010363800944625e-17 0.1961161345243454
f 457//1369 458//1370 459//1371 460//1372
f 461//1373 457//1374 460//1375 462//1376
f 463//1377 459//1378 458//1379 464//1380
f 460//1381 459//1382 463//1383 462//1384
f 461//1385 464//1386 458//1387 457//1388
f 462//1389 463//1390 464//1391 461//1392
o Solid_134
v 0.6200000047683716 0.03999999910593033 0
v 0.6209999918937683 0.04100000113248825 0.004999999888241291
v 0.6209999918937683 0.04899999871850014 0.004999999888241291
v 0.6200000047683716 0.05000000074505806 0
v 0.6299999952316284 0.03999999910593033 8.673617379884035e-19
v 0.6299999952316284 0.05000000074505806 0
v 0.6290000081062317 0.04899999871850014 0.004999999888241291
v 0.6290000081062317 0.04100000113248825 0.004999999888241291
vn -0.9805806875228882 0 0.1961161345243454
vn -0.9805806875228882 0 0.1961161345243454
vn -0.9805806875228882 0 0.1961161345243454
vn -0.9805806875228882 0 0.1961161345243454
vn 0 -8.673617379884035e-17 -1
vn 0 -8.673617379884035e-17 -1
vn 0 -8.673617379884035e-17 -1
vn 0 -8.673617379884035e-17 -1
vn 0 0 1
vn 0 0 1
vn 0 0 1
vn 0 0 1
vn 0 0.9805806875228882 0.1961161345243454
vn 0 0.9805806875228882 0.1961161345243454
vn 0 0.9805806875228882 0.1961161345243454
vn 0 0.9805806875228882 0.1961161345243454
vn -1.7010363800944625e-17 -0.9805806875228882 0.1961161345243454
vn -1.7010363800944625e-17 -0.9805806875228882 0.1961161345243454
vn -1.7010363800944625e-17 -0.9805806875228882 0.1961161345243454
vn -1.7010363800944625e-17 -0.9805806875228882 0.1961161345243454
vn 0.9805806875228882 1.7010363800944625e-17 0.1961161345243454
vn 0.9805806875228882 1.7010363800944625e-17 0.1961161345243454
vn 0.9805806875228882 1.7010363800944625e-17 0.1961161345243454
vn 0.9805806875228882 1.7010363800944625e-17 0.1961161345243454
f 465//1393 466//1394 467//1395 468//1396
f 469//1397 465//1398 468//1399 470//1400
f 471//1401 467//1402 466//1403 472//1404
f 468//1405 467//1406 471//1407 470//1408
f 469//1409 472//1410 466//1411 465//1412
f 470//1413 471//1414 472//1415 469//1416
o Solid_135
v 0.6299999952316284 0.03999999910593033 0
v 0.6309999823570251 0.04100000113248825 0.004999999888241291
v 0.6309999823570251 0.04899999871850014 0.004999999888241291
v 0.6299999952316284 0.05000000074505806 0
v 0.6399999856948853 0.03999999910593033 8.673617379884035e-19
v 0.6399999856948853 0.05000000074505806 0
v 0.6389999985694885 0.04899999871850014 0.004999999888241291
v 0.6389999985694885 0.04100000113248825 0.004999999888241291
vn -0.9805806875228882 0 0.1961161345243454
vn -0.9805806875228882 0 0.1961161345243454
vn -0.9805806875228882 0 0.1961161345243454
vn -0.9805806875228882 0 0.1961161345243454
vn 0 -8.673617379884035e-17 -1
vn 0 -8.673617379884035e-17 -1
vn 0 -8.673617379884035e-17 -1
vn 0 -8.673617379884035e-17 -1
vn 0 0 1
vn 0 0 1
vn 0 0 1
vn 0 0 1
vn 0 0.9805806875228882 0.1961161345243454
vn 0 0.9805806875228882 0.1961161345243454
vn 0 0.9805806875228882 0.1961161345243454
vn 0 0.9805806875228882 0.1961161345243454
vn -1.7010363800944625e-17 -0.9805806875228882 0.1961161345243454
vn -1.7010363800944625e-17 -0.9805806875228882 0.1961161345243454
vn -1.7010363800944625e-17 -0.9805806875228882 0.1961161345243454
vn -1.7010363800944625e-17 -0.9805806875228882 0.1961161345243454
vn 0.9805806875228882 1.7010363800944625e-17 0.1961161345243454
vn 0.9805806875228882 1.7010363800944625e-17 0.1961161345243454
vn 0.9805806875228882 1.7010363800944625e-17 0.1961161345243454
vn 0.9805806875228882 1.7010363800944625e-17 0.1961161345243454
f 473//1417 474//1418 475//1419 476//1420
f 477//1421 473//1422 476//1423 478//1424
f 479//1425 475//1426 474//1427 480//1428
f 476//1429 475//1430 479//1431 478//1432
f 477//1433 480//1434 474//1435 473//1436
f 478//1437 479//1438 480//1439 477//1440
o Solid_136
v 0.6399999856948853 0.03999999910593033 0
v 0.640999972820282 0.04100000113248825 0.004999999888241291
v 0.640999972820282 0.04899999871850014 0.004999999888241291
v 0.6399999856948853 0.05000000074505806 0
v 0.6499999761581421 0.03999999910593033 8.673617379884035e-19
v 0.6499999761581421 0.05000000074505806 0
v 0.6489999890327454 0.04899999871850014 0.004999999888241291
v 0.6489999890327454 0.04100000113248825 0.004999999888241291
vn -0.9805806875228882 0 0.1961161345243454
vn -0.9805806875228882 0 0.1961161345243454
vn -0.9805806875228882 0 0.1961161345243454
vn -0.9805806875228882 0 0.1961161345243454
vn 0 -8.673617379884035e-17 -1
vn 0 -8.673617379884035e-17 -1
vn 0 -8.673617379884035e-17 -1
vn 0 -8.673617379884035e-17 -1
vn 0 0 1
vn 0 0 1
vn 0 0 1
vn 0 0 1
vn 0 0.9805806875228882 0.1961161345243454
vn 0 0.9805806875228882 0.1961161345243454
vn 0 0.9805806875228882 0.1961161345243454
vn 0 0.9805806875228882 0.1961161345243454
vn -1.7010363800944625e-17 -0.9805806875228882 0.1961161345243454
vn -1.7010363800944625e-17 -0.9805806875228882 0.1961161345243454
vn -1.7010363800944625e-17 -0.9805806875228882 0.1961161345243454
vn -1.7010363800944625e-17 -0.9805806875228882 0.1961161345243454
vn 0.9805806875228882 1.7010363800944625e-17 0.1961161345243454
vn 0.9805806875228882 1.7010363800944625e-17 0.1961161345243454
vn 0.9805806875228882 1.7010363800944625e-17 0.1961161345243454
vn 0.9805806875228882 1.7010363800944625e-17 0.1961161345243454
f 481//1441 482//1442 483//1443 484//1444
f 485//1445 481//1446 484//1447 486//1448
f 487//1449 483//1450 482//1451 488//1452
f 484//1453 483//1454 487//1455 486//1456
f 485//1457 488//1458 482//1459 481//1460
f 486//1461 487//1462 488//1463 485//1464
o Solid_137
v 0.6499999761581421 0.03999999910593033 0
v 0.6510000228881836 0.04100000113248825 0.004999999888241291
v 0.6510000228881836 0.04899999871850014 0.004999999888241291
v 0.6499999761581421 0.05000000074505806 0
v 0.6600000262260437 0.03999999910593033 8.673617379884035e-19
v 0.6600000262260437 0.05000000074505806 0
v 0.6589999794960022 0.04899999871850014 0.004999999888241291
v 0.6589999794960022 0.04100000113248825 0.004999999888241291
vn -0.9805806875228882 0 0.1961161345243454
vn -0.9805806875228882 0 0.1961161345243454
vn -0.9805806875228882 0 0.1961161345243454
vn -0.9805806875228882 0 0.1961161345243454
vn 0 -8.673617379884035e-17 -1
vn 0 -8.673617379884035e-17 -1
vn 0 -8.673617379884035e-17 -1
vn 0 -8.673617379884035e-17 -1
vn 0 0 1
vn 0 0 1
vn 0 0 1
vn 0 0 1
vn 0 0.9805806875228882 0.1961161345243454
vn 0 0.9805806875228882 0.1961161345243454
vn 0 0.9805806875228882 0.1961161345243454
vn 0 0.9805806875228882 0.1961161345243454
vn -1.7010363800944625e-17 -0.9805806875228882 0.1961161345243454
vn -1.7010363800944625e-17 -0.9805806875228882 0.1961161345243454
vn -1.7010363800944625e-17 -0.9805806875228882 0.1961161345243454
vn -1.7010363800944625e-17 -0.9805806875228882 0.1961161345243454
vn 0.9805806875228882 1.7010363800944625e-17 0.1961161345243454
vn 0.9805806875228882 1.7010363800944625e-17 0.1961161345243454
vn 0.9805806875228882 1.7010363800944625e-17 0.1961161345243454
vn 0.9805806875228882 1.7010363800944625e-17 0.1961161345243454
f 489//1465 490//1466 491//1467 492//1468
f 493//1469 489//1470 492//1471 494//1472
f 495//1473 491//1474 490//1475 496//1476
f 492//1477 491//1478 495//1479 494//1480
f 493//1481 496//1482 490//1483 489//1484
f 494//1485 495//1486 496//1487 493//1488
o Solid_138
v 0.6600000262260437 0.03999999910593033 0
v 0.6610000133514404 0.04100000113248825 0.004999999888241291
v 0.6610000133514404 0.04899999871850014 0.004999999888241291
v 0.6600000262260437 0.05000000074505806 0
v 0.6700000166893005 0.03999999910593033 8.673617379884035e-19
v 0.6700000166893005 0.05000000074505806 0
v 0.6690000295639038 0.04899999871850014 0.004999999888241291
v 0.6690000295639038 0.04100000113248825 0.004999999888241291
vn -0.9805806875228882 0 0.1961161345243454
vn -0.9805806875228882 0 0.1961161345243454
vn -0.9805806875228882 0 0.1961161345243454
vn -0.9805806875228882 0 0.1961161345243454
vn 0 -8.673617379884035e-17 -1
vn 0 -8.673617379884035e-17 -1
vn 0 -8.673617379884035e-17 -1
vn 0 -8.673617379884035e-17 -1
vn 0 0 1
vn 0 0 1
vn 0 0 1
vn 0 0 1
vn 0 0.9805806875228882 0.1961161345243454
vn 0 0.9805806875228882 0.1961161345243454
vn 0 0.9805806875228882 0.1961161345243454
vn 0 0.9805806875228882 0.1961161345243454
vn -1.7010363800944625e-17 -0.9805806875228882 0.1961161345243454
vn -1.7010363800944625e-17 -0.9805806875228882 0.1961161345243454
vn -1.7010363800944625e-17 -0.9805806875228882 0.1961161345243454
vn -1.7010363800944625e-17 -0.9805806875228882 0.1961161345243454
vn 0.9805806875228882 1.7010363800944625e-17 0.1961161345243454
vn 0.9805806875228882 1.7010363800944625e-17 0.1961161345243454
vn 0.9805806875228882 1.7010363800944625e-17 0.1961161345243454
vn 0.9805806875228882 1.7010363800944625e-17 0.1961161345243454
f 497//1489 498//1490 499//1491 500//1492
f 501//1493 497//1494 500//1495 502//1496
f 503//1497 499//1498 498//1499 504//1500
f 500//1501 499//1502 503//1503 502//1504
f 501//1505 504//1506 498//1507 497//1508
f 502//1509 503//1510 504//1511 501//1512
o Solid_139
v 0.6700000166893005 0.03999999910593033 0
v 0.6710000038146973 0.04100000113248825 0.004999999888241291
v 0.6710000038146973 0.04899999871850014 0.004999999888241291
v 0.6700000166893005 0.05000000074505806 0
v 0.6800000071525574 0.03999999910593033 8.673617379884035e-19
v 0.6800000071525574 0.05000000074505806 0
v 0.6790000200271606 0.04899999871850014 0.004999999888241291
v 0.6790000200271606 0.04100000113248825 0.004999999888241291
vn -0.9805806875228882 0 0.1961161345243454
vn -0.9805806875228882 0 0.1961161345243454
vn -0.9805806875228882 0 0.1961161345243454
vn -0.9805806875228882 0 0.1961161345243454
vn 0 -8.673617379884035e-17 -1
vn 0 -8.673617379884035e-17 -1
vn 0 -8.673617379884035e-17 -1
vn 0 -8.673617379884035e-17 -1
vn 0 0 1
vn 0 0 1
vn 0 0 1
vn 0 0 1
vn 0 0.9805806875228882 0.1961161345243454
vn 0 0.9805806875228882 0.1961161345243454
vn 0 0.9805806875228882 0.1961161345243454
vn 0 0.9805806875228882 0.1961161345243454
vn -1.7010363800944625e-17 -0.9805806875228882 0.1961161345243454
vn -1.7010363800944625e-17 -0.9805806875228882 0.1961161345243454
vn -1.7010363800944625e-17 -0.9805806875228882 0.1961161345243454
vn -1.7010363800944625e-17 -0.9805806875228882 0.1961161345243454
vn 0.9805806875228882 1.7010363800944625e-17 0.1961161345243454
vn 0.9805806875228882 1.7010363800944625e-17 0.1961161345243454
vn 0.9805806875228882 1.7010363800944625e-17 0.1961161345243454
vn 0.9805806875228882 1.7010363800944625e-17 0.1961161345243454
f 505//1513 506//1514 507//1515 508//1516
f 509//1517 505//1518 508//1519 510//1520
f 511//1521 507//1522 506//1523 512//1524
f 508//1525 507//1526 511//1527 510//1528
f 509//1529 512//1530 506//1531 505//1532
f 510//1533 511//1534 512//1535 509//1536
o Solid_140
v 0.6800000071525574 0.03999999910593033 0
v 0.6809999942779541 0.04100000113248825 0.004999999888241291
v 0.6809999942779541 0.04899999871850014 0.004999999888241291
v 0.6800000071525574 0.05000000074505806 0
v 0.6899999976158142 0.03999999910593033 8.673617379884035e-19
v 0.6899999976158142 0.05000000074505806 0
v 0.6890000104904175 0.04899999871850014 0.004999999888241291
v 0.6890000104904175 0.04100000113248825 0.004999999888241291
vn -0.9805806875228882 0 0.1961161345243454
vn -0.9805806875228882 0 0.1961161345243454
vn -0.9805806875228882 0 0.1961161345243454
vn -0.9805806875228882 0 0.1961161345243454
vn 0 -8.673617379884035e-17 -1
vn 0 -8.673617379884035e-17 -1
vn 0 -8.673617379884035e-17 -1
vn 0 -8.673617379884035e-17 -1
vn 0 0 1
vn 0 0 1
vn 0 0 1
vn 0 0 1
vn 0 0.9805806875228882 0.1961161345243454
vn 0 0.9805806875228882 0.1961161345243454
vn 0 0.9805806875228882 0.1961161345243454
vn 0 0.9805806875228882 0.1961161345243454
vn -1.7010363800944625e-17 -0.9805806875228882 0.1961161345243454
vn -1.7010363800944625e-17 -0.9805806875228882 0.1961161345243454
vn -1.7010363800944625e-17 -0.9805806875228882 0.1961161345243454
vn -1.7010363800944625e-17 -0.9805806875228882 0.1961161345243454
vn 0.9805806875228882 1.7010363800944625e-17 0.1961161345243454
vn 0.9805806875228882 1.7010363800944625e-17 0.1961161345243454
vn 0.9805806875228882 1.7010363800944625e-17 0.1961161345243454
vn 0.9805806875228882 1.7010363800944625e-17 0.1961161345243454
f 513//1537 514//1538 515//1539 516//1540
f 517//1541 513//1542 516//1543 518//1544
f 519//1545 515//1546 514//1547 520//1548
f 516//1549 515//1550 519//1551 518//1552
f 517//1553 520//1554 514//1555 513//1556
f 518//1557 519//1558 520//1559 517//1560
o Solid_141
v 0.6899999976158142 0.03999999910593033 0
v 0.6909999847412109 0.04100000113248825 0.004999999888241291
v 0.6909999847412109 0.04899999871850014 0.004999999888241291
v 0.6899999976158142 0.05000000074505806 0
v 0.699999988079071 0.03999999910593033 8.673617379884035e-19
v 0.699999988079071 0.05000000074505806 0
v 0.6990000009536743 0.04899999871850014 0.004999999888241291
v 0.6990000009536743 0.04100000113248825 0.004999999888241291
vn -0.9805806875228882 0 0.1961161345243454
vn -0.9805806875228882 0 0.1961161345243454
vn -0.9805806875228882 0 0.1961161345243454
vn -0.9805806875228882 0 0.1961161345243454
vn 0 -8.673617379884035e-17 -1
vn 0 -8.673617379884035e-17 -1
vn 0 -8.673617379884035e-17 -1
vn 0 -8.673617379884035e-17 -1
vn 0 0 1
vn 0 0 1
vn 0 0 1
vn 0 0 1
vn 0 0.9805806875228882 0.1961161345243454
vn 0 0.9805806875228882 0.1961161345243454
vn 0 0.9805806875228882 0.1961161345243454
vn 0 0.9805806875228882 0.1961161345243454
vn -1.7010363800944625e-17 -0.9805806875228882 0.1961161345243454
vn -1.7010363800944625e-17 -0.9805806875228882 0.1961161345243454
vn -1.7010363800944625e-17 -0.9805806875228882 0.1961161345243454
vn -1.7010363800944625e-17 -0.9805806875228882 0.1961161345243454
vn 0.9805806875228882 1.7010363800944625e-17 0.1961161345243454
vn 0.9805806875228882 1.7010363800944625e-17 0.1961161345243454
vn 0.9805806875228882 1.7010363800944625e-17 0.1961161345243454
vn 0.9805806875228882 1.7010363800944625e-17 0.1961161345243454
f 521//1561 522//1562 523//1563 524//1564
f 525//1565 521//1566 524//1567 526//1568
f 527//1569 523//1570 522//1571 528//1572
f 524//1573 523//1574 527//1575 526//1576
f 525//1577 528//1578 522//1579 521//1580
f 526//1581 527//1582 528//1583 525//1584
o Solid_142
v 0.6899999976158142 0.029999999329447746 0
v 0.6909999847412109 0.03099999949336052 0.004999999888241291
v 0.6909999847412109 0.039000000804662704 0.004999999888241291
v 0.6899999976158142 0.03999999910593033 0
v 0.699999988079071 0.029999999329447746 8.673617379884035e-19
v 0.699999988079071 0.03999999910593033 0
v 0.6990000009536743 0.039000000804662704 0.004999999888241291
v 0.6990000009536743 0.03099999949336052 0.004999999888241291
vn -0.9805806875228882 0 0.1961161345243454
vn -0.9805806875228882 0 0.1961161345243454
vn -0.9805806875228882 0 0.1961161345243454
vn -0.9805806875228882 0 0.1961161345243454
vn 0 -8.673617379884035e-17 -1
vn 0 -8.673617379884035e-17 -1
vn 0 -8.673617379884035e-17 -1
vn 0 -8.673617379884035e-17 -1
vn 0 0 1
vn 0 0 1
vn 0 0 1
vn 0 0 1
vn 0 0.9805806875228882 0.1961161345243454
vn 0 0.9805806875228882 0.1961161345243454
vn 0 0.9805806875228882 0.1961161345243454
vn 0 0.9805806875228882 0.1961161345243454
vn -1.7010363800944625e-17 -0.9805806875228882 0.1961161345243454
vn -1.7010363800944625e-17 -0.9805806875228882 0.1961161345243454
vn -1.7010363800944625e-17 -0.9805806875228882 0.1961161345243454
vn -1.7010363800944625e-17 -0.9805806875228882 0.1961161345243454
vn 0.9805806875228882 1.7010363800944625e-17 0.1961161345243454
vn 0.9805806875228882 1.7010363800944625e-17 0.1961161345243454
vn 0.9805806875228882 1.7010363800944625e-17 0.1961161345243454
vn 0.9805806875228882 1.7010363800944625e-17 0.1961161345243454
f 529//1585 530//1586 531//1587 532//1588
f 533//1589 529//1590 532//1591 534//1592
f 535//1593 531//1594 530//1595 536//1596
f 532//1597 531//1598 535//1599 534//1600
f 533//1601 536//1602 530//1603 529//1604
f 534//1605 535//1606 536//1607 533//1608
o Solid_143
v 0.6800000071525574 0.029999999329447746 0
v 0.6809999942779541 0.03099999949336052 0.004999999888241291
v 0.6809999942779541 0.039000000804662704 0.004999999888241291
v 0.6800000071525574 0.03999999910593033 0
v 0.6899999976158142 0.029999999329447746 8.673617379884035e-19
v 0.6899999976158142 0.03999999910593033 0
v 0.6890000104904175 0.039000000804662704 0.004999999888241291
v 0.6890000104904175 0.03099999949336052 0.004999999888241291
vn -0.9805806875228882 0 0.1961161345243454
vn -0.9805806875228882 0 0.1961161345243454
vn -0.9805806875228882 0 0.1961161345243454
vn -0.9805806875228882 0 0.1961161345243454
vn 0 -8.673617379884035e-17 -1
vn 0 -8.673617379884035e-17 -1
vn 0 -8.673617379884035e-17 -1
vn 0 -8.673617379884035e-17 -1
vn 0 0 1
vn 0 0 1
vn 0 0 1
vn 0 0 1
vn 0 0.9805806875228882 0.1961161345243454
vn 0 0.9805806875228882 0.1961161345243454
vn 0 0.9805806875228882 0.1961161345243454
vn 0 0.9805806875228882 0.1961161345243454
vn -1.7010363800944625e-17 -0.9805806875228882 0.1961161345243454
vn -1.7010363800944625e-17 -0.9805806875228882 0.1961161345243454
vn -1.7010363800944625e-17 -0.9805806875228882 0.1961161345243454
vn -1.7010363800944625e-17 -0.9805806875228882 0.1961161345243454
vn 0.9805806875228882 1.7010363800944625e-17 0.1961161345243454
vn 0.9805806875228882 1.7010363800944625e-17 0.1961161345243454
vn 0.9805806875228882 1.7010363800944625e-17 0.1961161345243454
vn 0.9805806875228882 1.7010363800944625e-17 0.1961161345243454
f 537//1609 538//1610 539//1611 540//1612
f 541//1613 537//1614 540//1615 542//1616
f 543//1617 539//1618 538//1619 544//1620
f 540//1621 539//1622 543//1623 542//1624
f 541//1625 544//1626 538//1627 537//1628
f 542//1629 543//1630 544//1631 541//1632
o Solid_144
v 0.6700000166893005 0.029999999329447746 0
v 0.6710000038146973 0.03099999949336052 0.004999999888241291
v 0.6710000038146973 0.039000000804662704 0.004999999888241291
v 0.6700000166893005 0.03999999910593033 0
v 0.6800000071525574 0.029999999329447746 8.673617379884035e-19
v 0.6800000071525574 0.03999999910593033 0
v 0.6790000200271606 0.039000000804662704 0.004999999888241291
v 0.6790000200271606 0.03099999949336052 0.004999999888241291
vn -0.9805806875228882 0 0.1961161345243454
vn -0.9805806875228882 0 0.1961161345243454
vn -0.9805806875228882 0 0.1961161345243454
vn -0.9805806875228882 0 0.1961161345243454
vn 0 -8.673617379884035e-17 -1
vn 0 -8.673617379884035e-17 -1
vn 0 -8.673617379884035e-17 -1
vn 0 -8.673617379884035e-17 -1
vn 0 0 1
vn 0 0 1
vn 0 0 1
vn 0 0 1
vn 0 0.9805806875228882 0.1961161345243454
vn 0 0.9805806875228882 0.1961161345243454
vn 0 0.9805806875228882 0.1961161345243454
vn 0 0.9805806875228882 0.1961161345243454
vn -1.7010363800944625e-17 -0.9805806875228882 0.1961161345243454
vn -1.7010363800944625e-17 -0.9805806875228882 0.1961161345243454
vn -1.7010363800944625e-17 -0.9805806875228882 0.1961161345243454
vn -1.7010363800944625e-17 -0.9805806875228882 0.1961161345243454
vn 0.9805806875228882 1.7010363800944625e-17 0.1961161345243454
vn 0.9805806875228882 1.7010363800944625e-17 0.1961161345243454
vn 0.9805806875228882 1.7010363800944625e-17 0.1961161345243454
vn 0.9805806875228882 1.7010363800944625e-17 0.1961161345243454
f 545//1633 546//1634 547//1635 548//1636
f 549//1637 545//1638 548//1639 550//1640
f 551//1641 547//1642 546//1643 552//1644
f 548//1645 547//1646 551//1647 550//1648
f 549//1649 552//1650 546//1651 545//1652
f 550//1653 551//1654 552//1655 549//1656
o Solid_145
v 0.6600000262260437 0.029999999329447746 0
v 0.6610000133514404 0.03099999949336052 0.004999999888241291
v 0.6610000133514404 0.039000000804662704 0.004999999888241291
v 0.6600000262260437 0.03999999910593033 0
v 0.6700000166893005 0.029999999329447746 8.673617379884035e-19
v 0.6700000166893005 0.03999999910593033 0
v 0.6690000295639038 0.039000000804662704 0.004999999888241291
v 0.6690000295639038 0.03099999949336052 0.004999999888241291
vn -0.9805806875228882 0 0.1961161345243454
vn -0.9805806875228882 0 0.1961161345243454
vn -0.9805806875228882 0 0.1961161345243454
vn -0.9805806875228882 0 0.1961161345243454
vn 0 -8.673617379884035e-17 -1
vn 0 -8.673617379884035e-17 -1
vn 0 -8.673617379884035e-17 -1
vn 0 -8.673617379884035e-17 -1
vn 0 0 1
vn 0 0 1
vn 0 0 1
vn 0 0 1
vn 0 0.9805806875228882 0.1961161345243454
vn 0 0.9805806875228882 0.1961161345243454
vn 0 0.9805806875228882 0.1961161345243454
vn 0 0.9805806875228882 0.1961161345243454
vn -1.7010363800944625e-17 -0.9805806875228882 0.1961161345243454
vn -1.7010363800944625e-17 -0.9805806875228882 0.1961161345243454
vn -1.7010363800944625e-17 -0.9805806875228882 0.1961161345243454
vn -1.7010363800944625e-17 -0.9805806875228882 0.1961161345243454
vn 0.9805806875228882 1.7010363800944625e-17 0.1961161345243454
vn 0.9805806875228882 1.7010363800944625e-17 0.1961161345243454
vn 0.9805806875228882 1.7010363800944625e-17 0.1961161345243454
vn 0.9805806875228882 1.7010363800944625e-17 0.1961161345243454
f 553//1657 554//1658 555//1659 556//1660
f 557//1661 553//1662 556//1663 558//1664
f 559//1665 555//1666 554//1667 560//1668
f 556//1669 555//1670 559//1671 558//1672
f 557//1673 560//1674 554//1675 553//1676
f 558//1677 559//1678 560//1679 557//1680
o Solid_146
v 0.6499999761581421 0.029999999329447746 0
v 0.6510000228881836 0.03099999949336052 0.004999999888241291
v 0.6510000228881836 0.039000000804662704 0.004999999888241291
v 0.6499999761581421 0.03999999910593033 0
v 0.6600000262260437 0.029999999329447746 8.673617379884035e-19
v 0.6600000262260437 0.03999999910593033 0
v 0.6589999794960022 0.039000000804662704 0.004999999888241291
v 0.6589999794960022 0.03099999949336052 0.004999999888241291
vn -0.9805806875228882 0 0.1961161345243454
vn -0.9805806875228882 0 0.1961161345243454
vn -0.9805806875228882 0 0.1961161345243454
vn -0.9805806875228882 0 0.1961161345243454
vn 0 -8.673617379884035e-17 -1
vn 0 -8.673617379884035e-17 -1
vn 0 -8.673617379884035e-17 -1
vn 0 -8.673617379884035e-17 -1
vn 0 0 1
vn 0 0 1
vn 0 0 1
vn 0 0 1
vn 0 0.9805806875228882 0.1961161345243454
vn 0 0.9805806875228882 0.1961161345243454
vn 0 0.9805806875228882 0.1961161345243454
vn 0 0.9805806875228882 0.1961161345243454
vn -1.7010363800944625e-17 -0.9805806875228882 0.1961161345243454
vn -1.7010363800944625e-17 -0.9805806875228882 0.1961161345243454
vn -1.7010363800944625e-17 -0.9805806875228882 0.1961161345243454
vn -1.7010363800944625e-17 -0.9805806875228882 0.1961161345243454
vn 0.9805806875228882 1.7010363800944625e-17 0.1961161345243454
vn 0.9805806875228882 1.7010363800944625e-17 0.1961161345243454
vn 0.9805806875228882 1.7010363800944625e-17 0.1961161345243454
vn 0.9805806875228882 1.7010363800944625e-17 0.1961161345243454
f 561//1681 562//1682 563//1683 564//1684
f 565//1685 561//1686 564//1687 566//1688
f 567//1689 563//1690 562//1691 568//1692
f 564//1693 563//1694 567//1695 566//1696
f 565//1697 568//1698 562//1699 561//1700
f 566//1701 567//1702 568//1703 565//1704
o Solid_147
v 0.6399999856948853 0.029999999329447746 0
v 0.640999972820282 0.03099999949336052 0.004999999888241291
v 0.640999972820282 0.039000000804662704 0.004999999888241291
v 0.6399999856948853 0.03999999910593033 0
v 0.6499999761581421 0.029999999329447746 8.673617379884035e-19
v 0.6499999761581421 0.03999999910593033 0
v 0.6489999890327454 0.039000000804662704 0.004999999888241291
v 0.6489999890327454 0.03099999949336052 0.004999999888241291
vn -0.9805806875228882 0 0.1961161345243454
vn -0.9805806875228882 0 0.1961161345243454
vn -0.9805806875228882 0 0.1961161345243454
vn -0.9805806875228882 0 0.1961161345243454
vn 0 -8.673617379884035e-17 -1
vn 0 -8.673617379884035e-17 -1
vn 0 -8.673617379884035e-17 -1
vn 0 -8.673617379884035e-17 -1
vn 0 0 1
vn 0 0 1
vn 0 0 1
vn 0 0 1
vn 0 0.9805806875228882 0.1961161345243454
vn 0 0.9805806875228882 0.1961161345243454
vn 0 0.9805806875228882 0.1961161345243454
vn 0 0.9805806875228882 0.1961161345243454
vn -1.7010363800944625e-17 -0.9805806875228882 0.1961161345243454
vn -1.7010363800944625e-17 -0.9805806875228882 0.1961161345243454
vn -1.7010363800944625e-17 -0.9805806875228882 0.1961161345243454
vn -1.7010363800944625e-17 -0.9805806875228882 0.1961161345243454
vn 0.9805806875228882 1.7010363800944625e-17 0.1961161345243454
vn 0.9805806875228882 1.7010363800944625e-17 0.1961161345243454
vn 0.9805806875228882 1.7010363800944625e-17 0.1961161345243454
vn 0.9805806875228882 1.7010363800944625e-17 0.1961161345243454
f 569//1705 570//1706 571//1707 572//1708
f 573//1709 569//1710 572//1711 574//1712
f 575//1713 571//1714 570//1715 576//1716
f 572//1717 571//1718 575//1719 574//1720
f 573//1721 576//1722 570//1723 569//1724
f 574//1725 575//1726 576//1727 573//1728
o Solid_148
v 0.6299999952316284 0.029999999329447746 0
v 0.6309999823570251 0.03099999949336052 0.004999999888241291
v 0.6309999823570251 0.039000000804662704 0.004999999888241291
v 0.6299999952316284 0.03999999910593033 0
v 0.6399999856948853 0.029999999329447746 8.673617379884035e-19
v 0.6399999856948853 0.03999999910593033 0
v 0.6389999985694885 0.039000000804662704 0.004999999888241291
v 0.6389999985694885 0.03099999949336052 0.004999999888241291
vn -0.9805806875228882 0 0.1961161345243454
vn -0.9805806875228882 0 0.1961161345243454
vn -0.9805806875228882 0 0.1961161345243454
vn -0.9805806875228882 0 0.1961161345243454
vn 0 -8.673617379884035e-17 -1
vn 0 -8.673617379884035e-17 -1
vn 0 -8.673617379884035e-17 -1
vn 0 -8.673617379884035e-17 -1
vn 0 0 1
vn 0 0 1
vn 0 0 1
vn 0 0 1
vn 0 0.9805806875228882 0.1961161345243454
vn 0 0.9805806875228882 0.1961161345243454
vn 0 0.9805806875228882 0.1961161345243454
vn 0 0.9805806875228882 0.1961161345243454
vn -1.7010363800944625e-17 -0.9805806875228882 0.1961161345243454
vn -1.7010363800944625e-17 -0.9805806875228882 0.1961161345243454
vn -1.7010363800944625e-17 -0.9805806875228882 0.1961161345243454
vn -1.7010363800944625e-17 -0.9805806875228882 0.1961161345243454
vn 0.9805806875228882 1.7010363800944625e-17 0.1961161345243454
vn 0.9805806875228882 1.7010363800944625e-17 0.1961161345243454
vn 0.9805806875228882 1.7010363800944625e-17 0.1961161345243454
vn 0.9805806875228882 1.7010363800944625e-17 0.1961161345243454
f 577//1729 578//1730 579//1731 580//1732
f 581//1733 577//1734 580//1735 582//1736
f 583//1737 579//1738 578//1739 584//1740
f 580//1741 579//1742 583//1743 582//1744
f 581//1745 584//1746 578//1747 577//1748
f 582//1749 583//1750 584//1751 581//1752
o Solid_149
v 0.6200000047683716 0.029999999329447746 0
v 0.6209999918937683 0.03099999949336052 0.004999999888241291
v 0.6209999918937683 0.039000000804662704 0.004999999888241291
v 0.6200000047683716 0.03999999910593033 0
v 0.6299999952316284 0.029999999329447746 8.673617379884035e-19
v 0.6299999952316284 0.03999999910593033 0
v 0.6290000081062317 0.039000000804662704 0.004999999888241291
v 0.6290000081062317 0.03099999949336052 0.004999999888241291
vn -0.9805806875228882 0 0.1961161345243454
vn -0.9805806875228882 0 0.1961161345243454
vn -0.9805806875228882 0 0.1961161345243454
vn -0.9805806875228882 0 0.1961161345243454
vn 0 -8.673617379884035e-17 -1
vn 0 -8.673617379884035e-17 -1
vn 0 -8.673617379884035e-17 -1
vn 0 -8.673617379884035e-17 -1
vn 0 0 1
vn 0 0 1
vn 0 0 1
vn 0 0 1
vn 0 0.9805806875228882 0.1961161345243454
vn 0 0.9805806875228882 0.1961161345243454
vn 0 0.9805806875228882 0.1961161345243454
vn 0 0.9805806875228882 0.1961161345243454
vn -1.7010363800944625e-17 -0.9805806875228882 0.1961161345243454
vn -1.7010363800944625e-17 -0.9805806875228882 0.1961161345243454
vn -1.7010363800944625e-17 -0.9805806875228882 0.1961161345243454
vn -1.7010363800944625e-17 -0.9805806875228882 0.1961161345243454
vn 0.9805806875228882 1.7010363800944625e-17 0.1961161345243454
vn 0.9805806875228882 1.7010363800944625e-17 0.1961161345243454
vn 0.9805806875228882 1.7010363800944625e-17 0.1961161345243454
vn 0.9805806875228882 1.7010363800944625e-17 0.1961161345243454
f 585//1753 586//1754 587//1755 588//1756
f 589//1757 585//1758 588//1759 590//1760
f 591//1761 587//1762 586//1763 592//1764
f 588//1765 587//1766 591//1767 590//1768
f 589//1769 592//1770 586//1771 585//1772
f 590//1773 591//1774 592//1775 589//1776
o Solid_150
v 0.6100000143051147 0.029999999329447746 0
v 0.6110000014305115 0.03099999949336052 0.004999999888241291
v 0.6110000014305115 0.039000000804662704 0.004999999888241291
v 0.6100000143051147 0.03999999910593033 0
v 0.6200000047683716 0.029999999329447746 8.673617379884035e-19
v 0.6200000047683716 0.03999999910593033 0
v 0.6190000176429749 0.039000000804662704 0.004999999888241291
v 0.6190000176429749 0.03099999949336052 0.004999999888241291
vn -0.9805806875228882 0 0.1961161345243454
vn -0.9805806875228882 0 0.1961161345243454
vn -0.9805806875228882 0 0.1961161345243454
vn -0.9805806875228882 0 0.1961161345243454
vn 0 -8.673617379884035e-17 -1
vn 0 -8.673617379884035e-17 -1
vn 0 -8.673617379884035e-17 -1
vn 0 -8.673617379884035e-17 -1
vn 0 0 1
vn 0 0 1
vn 0 0 1
vn 0 0 1
vn 0 0.9805806875228882 0.1961161345243454
vn 0 0.9805806875228882 0.1961161345243454
vn 0 0.9805806875228882 0.1961161345243454
vn 0 0.9805806875228882 0.1961161345243454
vn -1.7010363800944625e-17 -0.9805806875228882 0.1961161345243454
vn -1.7010363800944625e-17 -0.9805806875228882 0.1961161345243454
vn -1.7010363800944625e-17 -0.9805806875228882 0.1961161345243454
vn -1.7010363800944625e-17 -0.9805806875228882 0.1961161345243454
vn 0.9805806875228882 1.7010363800944625e-17 0.1961161345243454
vn 0.9805806875228882 1.7010363800944625e-17 0.1961161345243454
vn 0.9805806875228882 1.7010363800944625e-17 0.1961161345243454
vn 0.9805806875228882 1.7010363800944625e-17 0.1961161345243454
f 593//1777 594//1778 595//1779 596//1780
f 597//1781 593//1782 596//1783 598//1784
f 599//1785 595//1786 594//1787 600//1788
f 596//1789 595//1790 599//1791 598//1792
f 597//1793 600//1794 594//1795 593//1796
f 598//1797 599//1798 600//1799 597//1800
o Solid_151
v 0.6000000238418579 0.029999999329447746 0
v 0.6010000109672546 0.03099999949336052 0.004999999888241291
v 0.6010000109672546 0.039000000804662704 0.004999999888241291
v 0.6000000238418579 0.03999999910593033 0
v 0.6100000143051147 0.029999999329447746 8.673617379884035e-19
v 0.6100000143051147 0.03999999910593033 0
v 0.609000027179718 0.039000000804662704 0.004999999888241291
v 0.609000027179718 0.03099999949336052 0.004999999888241291
vn -0.9805806875228882 0 0.1961161345243454
vn -0.9805806875228882 0 0.1961161345243454
vn -0.9805806875228882 0 0.1961161345243454
vn -0.9805806875228882 0 0.1961161345243454
vn 0 -8.673617379884035e-17 -1
vn 0 -8.673617379884035e-17 -1
vn 0 -8.673617379884035e-17 -1
vn 0 -8.673617379884035e-17 -1
vn 0 0 1
vn 0 0 1
vn 0 0 1
vn 0 0 1
vn 0 0.9805806875228882 0.1961161345243454
vn 0 0.9805806875228882 0.1961161345243454
vn 0 0.9805806875228882 0.1961161345243454
vn 0 0.9805806875228882 0.1961161345243454
vn -1.7010363800944625e-17 -0.9805806875228882 0.1961161345243454
vn -1.7010363800944625e-17 -0.9805806875228882 0.1961161345243454
vn -1.7010363800944625e-17 -0.9805806875228882 0.1961161345243454
vn -1.7010363800944625e-17 -0.9805806875228882 0.1961161345243454
vn 0.9805806875228882 1.7010363800944625e-17 0.1961161345243454
vn 0.9805806875228882 1.7010363800944625e-17 0.1961161345243454
vn 0.9805806875228882 1.7010363800944625e-17 0.1961161345243454
vn 0.9805806875228882 1.7010363800944625e-17 0.1961161345243454
f 601//1801 602//1802 603//1803 604//1804
f 605//1805 601//1806 604//1807 606//1808
f 607//1809 603//1810 602//1811 608//1812
f 604//1813 603//1814 607//1815 606//1816
f 605//1817 608//1818 602//1819 601//1820
f 606//1821 607//1822 608//1823 605//1824
o Solid_152
v 0.5899999737739563 0.029999999329447746 0
v 0.5910000205039978 0.03099999949336052 0.004999999888241291
v 0.5910000205039978 0.039000000804662704 0.004999999888241291
v 0.5899999737739563 0.03999999910593033 0
v 0.6000000238418579 0.029999999329447746 8.673617379884035e-19
v 0.6000000238418579 0.03999999910593033 0
v 0.5989999771118164 0.039000000804662704 0.004999999888241291
v 0.5989999771118164 0.03099999949336052 0.004999999888241291
vn -0.9805806875228882 0 0.1961161345243454
vn -0.9805806875228882 0 0.1961161345243454
vn -0.9805806875228882 0 0.1961161345243454
vn -0.9805806875228882 0 0.1961161345243454
vn 0 -8.673617379884035e-17 -1
vn 0 -8.673617379884035e-17 -1
vn 0 -8.673617379884035e-17 -1
vn 0 -8.673617379884035e-17 -1
vn 0 0 1
vn 0 0 1
vn 0 0 1
vn 0 0 1
vn 0 0.9805806875228882 0.1961161345243454
vn 0 0.9805806875228882 0.1961161345243454
vn 0 0.9805806875228882 0.1961161345243454
vn 0 0.9805806875228882 0.1961161345243454
vn -1.7010363800944625e-17 -0.9805806875228882 0.1961161345243454
vn -1.7010363800944625e-17 -0.9805806875228882 0.1961161345243454
vn -1.7010363800944625e-17 -0.9805806875228882 0.1961161345243454
vn -1.7010363800944625e-17 -0.9805806875228882 0.1961161345243454
vn 0.9805806875228882 1.7010363800944625e-17 0.1961161345243454
vn 0.9805806875228882 1.7010363800944625e-17 0.1961161345243454
vn 0.9805806875228882 1.7010363800944625e-17 0.1961161345243454
vn 0.9805806875228882 1.7010363800944625e-17 0.1961161345243454
f 609//1825 610//1826 611//1827 612//1828
f 613//1829 609//1830 612//1831 614//1832
f 615//1833 611//1834 610//1835 616//1836
f 612//1837 611//1838 615//1839 614//1840
f 613//1841 616//1842 610//1843 609//1844
f 614//1845 615//1846 616//1847 613//1848
o Solid_153
v 0.699999988079071 0.05000000074505806 0
v 0.7009999752044678 0.050999999046325684 0.004999999888241291
v 0.7009999752044678 0.05900000035762787 0.004999999888241291
v 0.699999988079071 0.05999999865889549 0
v 0.7099999785423279 0.05000000074505806 8.673617379884035e-19
v 0.7099999785423279 0.05999999865889549 0
v 0.7089999914169312 0.05900000035762787 0.004999999888241291
v 0.7089999914169312 0.050999999046325684 0.004999999888241291
vn -0.9805806875228882 0 0.1961161345243454
vn -0.9805806875228882 0 0.1961161345243454
vn -0.9805806875228882 0 0.1961161345243454
vn -0.9805806875228882 0 0.1961161345243454
vn 0 -8.673617379884035e-17 -1
vn 0 -8.673617379884035e-17 -1
vn 0 -8.673617379884035e-17 -1
vn 0 -8.673617379884035e-17 -1
vn 0 0 1
vn 0 0 1
vn 0 0 1
vn 0 0 1
vn 0 0.9805806875228882 0.1961161345243454
vn 0 0.9805806875228882 0.1961161345243454
vn 0 0.9805806875228882 0.1961161345243454
vn 0 0.9805806875228882 0.1961161345243454
vn -1.7010363800944625e-17 -0.9805806875228882 0.1961161345243454
vn -1.7010363800944625e-17 -0.9805806875228882 0.1961161345243454
vn -1.7010363800944625e-17 -0.9805806875228882 0.1961161345243454
vn -1.7010363800944625e-17 -0.9805806875228882 0.1961161345243454
vn 0.9805806875228882 1.7010363800944625e-17 0.1961161345243454
vn 0.9805806875228882 1.7010363800944625e-17 0.1961161345243454
vn 0.9805806875228882 1.7010363800944625e-17 0.1961161345243454
vn 0.9805806875228882 1.7010363800944625e-17 0.1961161345243454
f 617//1849 618//1850 619//1851 620//1852
f 621//1853 617//1854 620//1855 622//1856
f 623//1857 619//1858 618//1859 624//1860
f 620//1861 619//1862 623//1863 622//1864
f 621//1865 624//1866 618//1867 617//1868
f 622//1869 623//1870 624//1871 621//1872
o Solid_154
v 0.7350000143051147 0.019999999552965164 0
v 0.7360000014305115 0.020999999716877937 0.004999999888241291
v 0.7360000014305115 0.028999999165534973 0.004999999888241291
v 0.7350000143051147 0.029999999329447746 0
v 0.7450000047683716 0.019999999552965164 8.673617379884035e-19
v 0.7450000047683716 0.029999999329447746 0
v 0.7440000176429749 0.028999999165534973 0.004999999888241291
v 0.7440000176429749 0.020999999716877937 0.004999999888241291
vn -0.9805806875228882 0 0.1961161345243454
vn -0.9805806875228882 0 0.1961161345243454
vn -0.9805806875228882 0 0.1961161345243454
vn -0.9805806875228882 0 0.1961161345243454
vn 0 -8.673617379884035e-17 -1
vn 0 -8.673617379884035e-17 -1
vn 0 -8.673617379884035e-17 -1
vn 0 -8.673617379884035e-17 -1
vn 0 0 1
vn 0 0 1
vn 0 0 1
vn 0 0 1
vn 0 0.9805806875228882 0.1961161345243454
vn 0 0.9805806875228882 0.1961161345243454
vn 0 0.9805806875228882 0.1961161345243454
vn 0 0.9805806875228882 0.1961161345243454
vn -1.7010363800944625e-17 -0.9805806875228882 0.1961161345243454
vn -1.7010363800944625e-17 -0.9805806875228882 0.1961161345243454
vn -1.7010363800944625e-17 -0.9805806875228882 0.1961161345243454
vn -1.7010363800944625e-17 -0.9805806875228882 0.1961161345243454
vn 0.9805806875228882 1.7010363800944625e-17 0.1961161345243454
vn 0.9805806875228882 1.7010363800944625e-17 0.1961161345243454
vn 0.9805806875228882 1.7010363800944625e-17 0.1961161345243454
vn 0.9805806875228882 1.7010363800944625e-17 0.1961161345243454
f 625//1873 626//1874 627//1875 628//1876
f 629//1877 625//1878 628//1879 630//1880
f 631//1881 627//1882 626//1883 632//1884
f 628//1885 627//1886 631//1887 630//1888
f 629//1889 632//1890 626//1891 625//1892
f 630//1893 631//1894 632//1895 629//1896
o Solid_155
v 0.7350000143051147 0.029999999329447746 0
v 0.7360000014305115 0.03099999949336052 0.004999999888241291
v 0.7360000014305115 0.039000000804662704 0.004999999888241291
v 0.7350000143051147 0.03999999910593033 0
v 0.7450000047683716 0.029999999329447746 8.673617379884035e-19
v 0.7450000047683716 0.03999999910593033 0
v 0.7440000176429749 0.039000000804662704 0.004999999888241291
v 0.7440000176429749 0.03099999949336052 0.004999999888241291
vn -0.9805806875228882 0 0.1961161345243454
vn -0.9805806875228882 0 0.1961161345243454
vn -0.9805806875228882 0 0.1961161345243454
vn -0.9805806875228882 0 0.1961161345243454
vn 0 -8.673617379884035e-17 -1
vn 0 -8.673617379884035e-17 -1
vn 0 -8.673617379884035e-17 -1
vn 0 -8.673617379884035e-17 -1
vn 0 0 1
vn 0 0 1
vn 0 0 1
vn 0 0 1
vn 0 0.9805806875228882 0.1961161345243454
vn 0 0.9805806875228882 0.1961161345243454
vn 0 0.9805806875228882 0.1961161345243454
vn 0 0.9805806875228882 0.1961161345243454
vn -1.7010363800944625e-17 -0.9805806875228882 0.1961161345243454
vn -1.7010363800944625e-17 -0.9805806875228882 0.1961161345243454
vn -1.7010363800944625e-17 -0.9805806875228882 0.1961161345243454
vn -1.7010363800944625e-17 -0.9805806875228882 0.1961161345243454
vn 0.9805806875228882 1.7010363800944625e-17 0.1961161345243454
vn 0.9805806875228882 1.7010363800944625e-17 0.1961161345243454
vn 0.9805806875228882 1.7010363800944625e-17 0.1961161345243454
vn 0.9805806875228882 1.7010363800944625e-17 0.1961161345243454
f 633//1897 634//1898 635//1899 636//1900
f 637//1901 633//1902 636//1903 638//1904
f 639//1905 635//1906 634//1907 640//1908
f 636//1909 635//1910 639//1911 638//1912
f 637//1913 640//1914 634//1915 633//1916
f 638//1917 639//1918 640//1919 637//1920
o Solid_156
v 0.7250000238418579 0.019999999552965164 0
v 0.7260000109672546 0.020999999716877937 0.004999999888241291
v 0.7260000109672546 0.028999999165534973 0.004999999888241291
v 0.7250000238418579 0.029999999329447746 0
v 0.7350000143051147 0.019999999552965164 8.673617379884035e-19
v 0.7350000143051147 0.029999999329447746 0
v 0.734000027179718 0.028999999165534973 0.004999999888241291
v 0.734000027179718 0.020999999716877937 0.004999999888241291
vn -0.9805806875228882 0 0.1961161345243454
vn -0.9805806875228882 0 0.1961161345243454
vn -0.9805806875228882 0 0.1961161345243454
vn -0.9805806875228882 0 0.1961161345243454
vn 0 -8.673617379884035e-17 -1
vn 0 -8.673617379884035e-17 -1
vn 0 -8.673617379884035e-17 -1
vn 0 -8.673617379884035e-17 -1
vn 0 0 1
vn 0 0 1
vn 0 0 1
vn 0 0 1
vn 0 0.9805806875228882 0.1961161345243454
vn 0 0.9805806875228882 0.1961161345243454
vn 0 0.9805806875228882 0.1961161345243454
vn 0 0.9805806875228882 0.1961161345243454
vn -1.7010363800944625e-17 -0.9805806875228882 0.1961161345243454
vn -1.7010363800944625e-17 -0.9805806875228882 0.1961161345243454
vn -1.7010363800944625e-17 -0.9805806875228882 0.1961161345243454
vn -1.7010363800944625e-17 -0.9805806875228882 0.1961161345243454
vn 0.9805806875228882 1.7010363800944625e-17 0.1961161345243454
vn 0.9805806875228882 1.7010363800944625e-17 0.1961161345243454
vn 0.9805806875228882 1.7010363800944625e-17 0.1961161345243454
vn 0.9805806875228882 1.7010363800944625e-17 0.1961161345243454
f 641//1921 642//1922 643//1923 644//1924
f 645//1925 641//1926 644//1927 646//1928
f 647//1929 643//1930 642//1931 648//1932
f 644//1933 643//1934 647//1935 646//1936
f 645//1937 648//1938 642//1939 641//1940
f 646//1941 647//1942 648//1943 645//1944
o Solid_157
v 0.7450000047683716 0.019999999552965164 0
v 0.7459999918937683 0.020999999716877937 0.004999999888241291
v 0.7459999918937683 0.028999999165534973 0.004999999888241291
v 0.7450000047683716 0.029999999329447746 0
v 0.7549999952316284 0.019999999552965164 8.673617379884035e-19
v 0.7549999952316284 0.029999999329447746 0
v 0.7540000081062317 0.028999999165534973 0.004999999888241291
v 0.7540000081062317 0.020999999716877937 0.004999999888241291
vn -0.9805806875228882 0 0.1961161345243454
vn -0.9805806875228882 0 0.1961161345243454
vn -0.9805806875228882 0 0.1961161345243454
vn -0.9805806875228882 0 0.1961161345243454
vn 0 -8.673617379884035e-17 -1
vn 0 -8.673617379884035e-17 -1
vn 0 -8.673617379884035e-17 -1
vn 0 -8.673617379884035e-17 -1
vn 0 0 1
vn 0 0 1
vn 0 0 1
vn 0 0 1
vn 0 0.9805806875228882 0.1961161345243454
vn 0 0.9805806875228882 0.1961161345243454
vn 0 0.9805806875228882 0.1961161345243454
vn 0 0.9805806875228882 0.1961161345243454
vn -1.7010363800944625e-17 -0.9805806875228882 0.1961161345243454
vn -1.7010363800944625e-17 -0.9805806875228882 0.1961161345243454
vn -1.7010363800944625e-17 -0.9805806875228882 0.1961161345243454
vn -1.7010363800944625e-17 -0.9805806875228882 0.1961161345243454
vn 0.9805806875228882 1.7010363800944625e-17 0.1961161345243454
vn 0.9805806875228882 1.7010363800944625e-17 0.1961161345243454
vn 0.9805806875228882 1.7010363800944625e-17 0.1961161345243454
vn 0.9805806875228882 1.7010363800944625e-17 0.1961161345243454
f 649//1945 650//1946 651//1947 652//1948
f 653//1949 649//1950 652//1951 654//1952
f 655//1953 651//1954 650//1955 656//1956
f 652//1957 651//1958 655//1959 654//1960
f 653//1961 656//1962 650//1963 649//1964
f 654//1965 655//1966 656//1967 653//1968
o Solid_158
v 0.7900000214576721 0.07999999821186066 0
v 0.7910000085830688 0.08100000023841858 0.004999999888241291
v 0.7910000085830688 0.08900000154972076 0.004999999888241291
v 0.7900000214576721 0.09000000357627869 0
v 0.800000011920929 0.07999999821186066 8.673617379884035e-19
v 0.800000011920929 0.09000000357627869 0
v 0.7990000247955322 0.08900000154972076 0.004999999888241291
v 0.7990000247955322 0.08100000023841858 0.004999999888241291
vn -0.9805806875228882 0 0.1961161345243454
vn -0.9805806875228882 0 0.1961161345243454
vn -0.9805806875228882 0 0.1961161345243454
vn -0.9805806875228882 0 0.1961161345243454
vn 0 -8.673617379884035e-17 -1
vn 0 -8.673617379884035e-17 -1
vn 0 -8.673617379884035e-17 -1
vn 0 -8.673617379884035e-17 -1
vn 0 0 1
vn 0 0 1
vn 0 0 1
vn 0 0 1
vn 0 0.9805806875228882 0.1961161345243454
vn 0 0.9805806875228882 0.1961161345243454
vn 0 0.9805806875228882 0.1961161345243454
vn 0 0.9805806875228882 0.1961161345243454
vn -1.7010363800944625e-17 -0.9805806875228882 0.1961161345243454
vn -1.7010363800944625e-17 -0.9805806875228882 0.1961161345243454
vn -1.7010363800944625e-17 -0.9805806875228882 0.1961161345243454
vn -1.7010363800944625e-17 -0.9805806875228882 0.1961161345243454
vn 0.9805806875228882 1.7010363800944625e-17 0.1961161345243454
vn 0.9805806875228882 1.7010363800944625e-17 0.1961161345243454
vn 0.9805806875228882 1.7010363800944625e-17 0.1961161345243454
vn 0.9805806875228882 1.7010363800944625e-17 0.1961161345243454
f 657//1969 658//1970 659//1971 660//1972
f 661//1973 657//1974 660//1975 662//1976
f 663//1977 659//1978 658//1979 664//1980
f 660//1981 659//1982 663//1983 662//1984
f 661//1985 664//1986 658//1987 657//1988
f 662//1989 663//1990 664//1991 661//1992
o Solid_159
v 0.7799999713897705 0.07999999821186066 0
v 0.781000018119812 0.08100000023841858 0.004999999888241291
v 0.781000018119812 0.08900000154972076 0.004999999888241291
v 0.7799999713897705 0.09000000357627869 0
v 0.7900000214576721 0.07999999821186066 8.673617379884035e-19
v 0.7900000214576721 0.09000000357627869 0
v 0.7889999747276306 0.08900000154972076 0.004999999888241291
v 0.7889999747276306 0.08100000023841858 0.004999999888241291
vn -0.9805806875228882 0 0.1961161345243454
vn -0.9805806875228882 0 0.1961161345243454
vn -0.9805806875228882 0 0.1961161345243454
vn -0.9805806875228882 0 0.1961161345243454
vn 0 -8.673617379884035e-17 -1
vn 0 -8.673617379884035e-17 -1
vn 0 -8.673617379884035e-17 -1
vn 0 -8.673617379884035e-17 -1
vn 0 0 1
vn 0 0 1
vn 0 0 1
vn 0 0 1
vn 0 0.9805806875228882 0.1961161345243454
vn 0 0.9805806875228882 0.1961161345243454
vn 0 0.9805806875228882 0.1961161345243454
vn 0 0.9805806875228882 0.1961161345243454
vn -1.7010363800944625e-17 -0.9805806875228882 0.1961161345243454
vn -1.7010363800944625e-17 -0.9805806875228882 0.1961161345243454
vn -1.7010363800944625e-17 -0.9805806875228882 0.1961161345243454
vn -1.7010363800944625e-17 -0.9805806875228882 0.1961161345243454
vn 0.9805806875228882 1.7010363800944625e-17 0.1961161345243454
vn 0.9805806875228882 1.7010363800944625e-17 0.1961161345243454
vn 0.9805806875228882 1.7010363800944625e-17 0.1961161345243454
vn 0.9805806875228882 1.7010363800944625e-17 0.1961161345243454
f 665//1993 666//1994 667//1995 668//1996
f 669//1997 665//1998 668//1999 670//2000
f 671//2001 667//2002 666//2003 672//2004
f 668//2005 667//2006 671//2007 670//2008
f 669//2009 672//2010 666//2011 665//2012
f 670//2013 671//2014 672//2015 669//2016
o Solid_160
v 0.7699999809265137 0.07999999821186066 0
v 0.7710000276565552 0.08100000023841858 0.004999999888241291
v 0.7710000276565552 0.08900000154972076 0.004999999888241291
v 0.7699999809265137 0.09000000357627869 0
v 0.7799999713897705 0.07999999821186066 8.673617379884035e-19
v 0.7799999713897705 0.09000000357627869 0
v 0.7789999842643738 0.08900000154972076 0.004999999888241291
v 0.7789999842643738 0.08100000023841858 0.004999999888241291
vn -0.9805806875228882 0 0.1961161345243454
vn -0.9805806875228882 0 0.1961161345243454
vn -0.9805806875228882 0 0.1961161345243454
vn -0.9805806875228882 0 0.1961161345243454
vn 0 -8.673617379884035e-17 -1
vn 0 -8.673617379884035e-17 -1
vn 0 -8.673617379884035e-17 -1
vn 0 -8.673617379884035e-17 -1
vn 0 0 1
vn 0 0 1
vn 0 0 1
vn 0 0 1
vn 0 0.9805806875228882 0.1961161345243454
vn 0 0.9805806875228882 0.1961161345243454
vn 0 0.9805806875228882 0.1961161345243454
vn 0 0.9805806875228882 0.1961161345243454
vn -1.7010363800944625e-17 -0.9805806875228882 0.1961161345243454
vn -1.7010363800944625e-17 -0.9805806875228882 0.1961161345243454
vn -1.7010363800944625e-17 -0.9805806875228882 0.1961161345243454
vn -1.7010363800944625e-17 -0.9805806875228882 0.1961161345243454
vn 0.9805806875228882 1.7010363800944625e-17 0.1961161345243454
vn 0.9805806875228882 1.7010363800944625e-17 0.1961161345243454
vn 0.9805806875228882 1.7010363800944625e-17 0.1961161345243454
vn 0.9805806875228882 1.7010363800944625e-17 0.1961161345243454
f 673//2017 674//2018 675//2019 676//2020
f 677//2021 673//2022 676//2023 678//2024
f 679//2025 675//2026 674//2027 680//2028
f 676//2029 675//2030 679//2031 678//2032
f 677//2033 680//2034 674//2035 673//2036
f 678//2037 679//2038 680//2039 677//2040
o Solid_161
v 0.7599999904632568 0.07999999821186066 0
v 0.7609999775886536 0.08100000023841858 0.004999999888241291
v 0.7609999775886536 0.08900000154972076 0.004999999888241291
v 0.7599999904632568 0.09000000357627869 0
v 0.7699999809265137 0.07999999821186066 8.673617379884035e-19
v 0.7699999809265137 0.09000000357627869 0
v 0.7689999938011169 0.08900000154972076 0.004999999888241291
v 0.7689999938011169 0.08100000023841858 0.004999999888241291
vn -0.9805806875228882 0 0.1961161345243454
vn -0.9805806875228882 0 0.1961161345243454
vn -0.9805806875228882 0 0.1961161345243454
vn -0.9805806875228882 0 0.1961161345243454
vn 0 -8.673617379884035e-17 -1
vn 0 -8.673617379884035e-17 -1
vn 0 -8.673617379884035e-17 -1
vn 0 -8.673617379884035e-17 -1
vn 0 0 1
vn 0 0 1
vn 0 0 1
vn 0 0 1
vn 0 0.9805806875228882 0.1961161345243454
vn 0 0.9805806875228882 0.1961161345243454
vn 0 0.9805806875228882 0.1961161345243454
vn 0 0.9805806875228882 0.1961161345243454
vn -1.7010363800944625e-17 -0.9805806875228882 0.1961161345243454
vn -1.7010363800944625e-17 -0.9805806875228882 0.1961161345243454
vn -1.7010363800944625e-17 -0.9805806875228882 0.1961161345243454
vn -1.7010363800944625e-17 -0.9805806875228882 0.1961161345243454
vn 0.9805806875228882 1.7010363800944625e-17 0.1961161345243454
vn 0.9805806875228882 1.7010363800944625e-17 0.1961161345243454
vn 0.9805806875228882 1.7010363800944625e-17 0.1961161345243454
vn 0.9805806875228882 1.7010363800944625e-17 0.1961161345243454
f 681//2041 682//2042 683//2043 684//2044
f 685//2045 681//2046 684//2047 686//2048
f 687//2049 683//2050 682//2051 688//2052
f 684//2053 683//2054 687//2055 686//2056
f 685//2057 688//2058 682//2059 681//2060
f 686//2061 687//2062 688//2063 685//2064
o Solid_162
v 0.7599999904632568 0.05999999865889549 0
v 0.7609999775886536 0.061000000685453415 0.004999999888241291
v 0.7609999775886536 0.0689999982714653 0.004999999888241291
v 0.7599999904632568 0.07000000029802322 0
v 0.7699999809265137 0.05999999865889549 8.673617379884035e-19
v 0.7699999809265137 0.07000000029802322 0
v 0.7689999938011169 0.0689999982714653 0.004999999888241291
v 0.7689999938011169 0.061000000685453415 0.004999999888241291
vn -0.9805806875228882 0 0.1961161345243454
vn -0.9805806875228882 0 0.1961161345243454
vn -0.9805806875228882 0 0.1961161345243454
vn -0.9805806875228882 0 0.1961161345243454
vn 0 -8.673617379884035e-17 -1
vn 0 -8.673617379884035e-17 -1
vn 0 -8.673617379884035e-17 -1
vn 0 -8.673617379884035e-17 -1
vn 0 0 1
vn 0 0 1
vn 0 0 1
vn 0 0 1
vn 0 0.9805806875228882 0.1961161345243454
vn 0 0.9805806875228882 0.1961161345243454
vn 0 0.9805806875228882 0.1961161345243454
vn 0 0.9805806875228882 0.1961161345243454
vn -1.7010363800944625e-17 -0.9805806875228882 0.1961161345243454
vn -1.7010363800944625e-17 -0.9805806875228882 0.1961161345243454
vn -1.7010363800944625e-17 -0.9805806875228882 0.1961161345243454
vn -1.7010363800944625e-17 -0.9805806875228882 0.1961161345243454
vn 0.9805806875228882 1.7010363800944625e-17 0.1961161345243454
vn 0.9805806875228882 1.7010363800944625e-17 0.1961161345243454
vn 0.9805806875228882 1.7010363800944625e-17 0.1961161345243454
vn 0.9805806875228882 1.7010363800944625e-17 0.1961161345243454
f 689//2065 690//2066 691//2067 692//2068
f 693//2069 689//2070 692//2071 694//2072
f 695//2073 691//2074 690//2075 696//2076
f 692//2077 691//2078 695//2079 694//2080
f 693//2081 696//2082 690//2083 689//2084
f 694//2085 695//2086 696//2087 693//2088
o Solid_163
v 0.7699999809265137 0.05999999865889549 0
v 0.7710000276565552 0.061000000685453415 0.004999999888241291
v 0.7710000276565552 0.0689999982714653 0.004999999888241291
v 0.7699999809265137 0.07000000029802322 0
v 0.7799999713897705 0.05999999865889549 8.673617379884035e-19
v 0.7799999713897705 0.07000000029802322 0
v 0.7789999842643738 0.0689999982714653 0.004999999888241291
v 0.7789999842643738 0.061000000685453415 0.004999999888241291
vn -0.9805806875228882 0 0.1961161345243454
vn -0.9805806875228882 0 0.1961161345243454
vn -0.9805806875228882 0 0.1961161345243454
vn -0.9805806875228882 0 0.1961161345243454
vn 0 -8.673617379884035e-17 -1
vn 0 -8.673617379884035e-17 -1
vn 0 -8.673617379884035e-17 -1
vn 0 -8.673617379884035e-17 -1
vn 0 0 1
vn 0 0 1
vn 0 0 1
vn 0 0 1
vn 0 0.9805806875228882 0.1961161345243454
vn 0 0.9805806875228882 0.1961161345243454
vn 0 0.9805806875228882 0.1961161345243454
vn 0 0.9805806875228882 0.1961161345243454
vn -1.7010363800944625e-17 -0.9805806875228882 0.1961161345243454
vn -1.7010363800944625e-17 -0.9805806875228882 0.1961161345243454
vn -1.7010363800944625e-17 -0.9805806875228882 0.1961161345243454
vn -1.7010363800944625e-17 -0.9805806875228882 0.1961161345243454
vn 0.9805806875228882 1.7010363800944625e-17 0.1961161345243454
vn 0.9805806875228882 1.7010363800944625e-17 0.1961161345243454
vn 0.9805806875228882 1.7010363800944625e-17 0.1961161345243454
vn 0.9805806875228882 1.7010363800944625e-17 0.1961161345243454
f 697//2089 698//2090 699//2091 700//2092
f 701//2093 697//2094 700//2095 702//2096
f 703//2097 699//2098 698//2099 704//2100
f 700//2101 699//2102 703//2103 702//2104
f 701//2105 704//2106 698//2107 697//2108
f 702//2109 703//2110 704//2111 701//2112
o Solid_164
v 0.7799999713897705 0.05999999865889549 0
v 0.781000018119812 0.061000000685453415 0.004999999888241291
v 0.781000018119812 0.0689999982714653 0.004999999888241291
v 0.7799999713897705 0.07000000029802322 0
v 0.7900000214576721 0.05999999865889549 8.673617379884035e-19
v 0.7900000214576721 0.07000000029802322 0
v 0.7889999747276306 0.0689999982714653 0.004999999888241291
v 0.7889999747276306 0.061000000685453415 0.004999999888241291
vn -0.9805806875228882 0 0.1961161345243454
vn -0.9805806875228882 0 0.1961161345243454
vn -0.9805806875228882 0 0.1961161345243454
vn -0.9805806875228882 0 0.1961161345243454
vn 0 -8.673617379884035e-17 -1
vn 0 -8.673617379884035e-17 -1
vn 0 -8.673617379884035e-17 -1
vn 0 -8.673617379884035e-17 -1
vn 0 0 1
vn 0 0 1
vn 0 0 1
vn 0 0 1
vn 0 0.9805806875228882 0.1961161345243454
vn 0 0.9805806875228882 0.1961161345243454
vn 0 0.9805806875228882 0.1961161345243454
vn 0 0.9805806875228882 0.1961161345243454
vn -1.7010363800944625e-17 -0.9805806875228882 0.1961161345243454
vn -1.7010363800944625e-17 -0.9805806875228882 0.1961161345243454
vn -1.7010363800944625e-17 -0.9805806875228882 0.1961161345243454
vn -1.7010363800944625e-17 -0.9805806875228882 0.1961161345243454
vn 0.9805806875228882 1.7010363800944625e-17 0.1961161345243454
vn 0.9805806875228882 1.7010363800944625e-17 0.1961161345243454
vn 0.9805806875228882 1.7010363800944625e-17 0.1961161345243454
vn 0.9805806875228882 1.7010363800944625e-17 0.1961161345243454
f 705//2113 706//2114 707//2115 708//2116
f 709//2117 705//2118 708//2119 710//2120
f 711//2121 707//2122 706//2123 712//2124
f 708//2125 707//2126 711//2127 710//2128
f 709//2129 712//2130 706//2131 705//2132
f 710//2133 711//2134 712//2135 709//2136
o Solid_165
v 0.7900000214576721 0.05999999865889549 0
v 0.7910000085830688 0.061000000685453415 0.004999999888241291
v 0.7910000085830688 0.0689999982714653 0.004999999888241291
v 0.7900000214576721 0.07000000029802322 0
v 0.800000011920929 0.05999999865889549 8.673617379884035e-19
v 0.800000011920929 0.07000000029802322 0
v 0.7990000247955322 0.0689999982714653 0.004999999888241291
v 0.7990000247955322 0.061000000685453415 0.004999999888241291
vn -0.9805806875228882 0 0.1961161345243454
vn -0.9805806875228882 0 0.1961161345243454
vn -0.9805806875228882 0 0.1961161345243454
vn -0.9805806875228882 0 0.1961161345243454
vn 0 -8.673617379884035e-17 -1
vn 0 -8.673617379884035e-17 -1
vn 0 -8.673617379884035e-17 -1
vn 0 -8.673617379884035e-17 -1
vn 0 0 1
vn 0 0 1
vn 0 0 1
vn 0 0 1
vn 0 0.9805806875228882 0.1961161345243454
vn 0 0.9805806875228882 0.1961161345243454
vn 0 0.9805806875228882 0.1961161345243454
vn 0 0.9805806875228882 0.1961161345243454
vn -1.7010363800944625e-17 -0.9805806875228882 0.1961161345243454
vn -1.7010363800944625e-17 -0.9805806875228882 0.1961161345243454
vn -1.7010363800944625e-17 -0.9805806875228882 0.1961161345243454
vn -1.7010363800944625e-17 -0.9805806875228882 0.1961161345243454
vn 0.9805806875228882 1.7010363800944625e-17 0.1961161345243454
vn 0.9805806875228882 1.7010363800944625e-17 0.1961161345243454
vn 0.9805806875228882 1.7010363800944625e-17 0.1961161345243454
vn 0.9805806875228882 1.7010363800944625e-17 0.1961161345243454
f 713//2137 714//2138 715//2139 716//2140
f 717//2141 713//2142 716//2143 718//2144
f 719//2145 715//2146 714//2147 720//2148
f 716//2149 715//2150 719//2151 718//2152
f 717//2153 720//2154 714//2155 713//2156
f 718//2157 719//2158 720//2159 717//2160
o Solid_167
v 0.800000011920929 0.03999999910593033 0
v 0.7990000247955322 0.04100000113248825 0.004999999888241291
v 0.7910000085830688 0.04100000113248825 0.004999999888241291
v 0.7900000214576721 0.03999999910593033 0
v 0.800000011920929 0.05999999865889549 8.673617379884035e-19
v 0.7900000214576721 0.05999999865889549 0
v 0.7910000085830688 0.05900000035762787 0.004999999888241291
v 0.7990000247955322 0.05900000035762787 0.004999999888241291
vn -2.1773265135813528e-16 -0.9805806875228882 0.1961161345243454
vn -2.1773265135813528e-16 -0.9805806875228882 0.1961161345243454
vn -2.1773265135813528e-16 -0.9805806875228882 0.1961161345243454
vn -2.1773265135813528e-16 -0.9805806875228882 0.1961161345243454
vn 8.673617379884035e-17 -1.9259299443872359e-32 -1
vn 8.673617379884035e-17 -1.9259299443872359e-32 -1
vn 8.673617379884035e-17 -1.9259299443872359e-32 -1
vn 8.673617379884035e-17 -1.9259299443872359e-32 -1
vn 0 0 1
vn 0 0 1
vn 0 0 1
vn 0 0 1
vn -0.9805806875228882 2.1773265135813528e-16 0.1961161345243454
vn -0.9805806875228882 2.1773265135813528e-16 0.1961161345243454
vn -0.9805806875228882 2.1773265135813528e-16 0.1961161345243454
vn -0.9805806875228882 2.1773265135813528e-16 0.1961161345243454
vn 0.9805806875228882 -2.3474300523291256e-16 0.1961161345243454
vn 0.9805806875228882 -2.3474300523291256e-16 0.1961161345243454
vn 0.9805806875228882 -2.3474300523291256e-16 0.1961161345243454
vn 0.9805806875228882 -2.3474300523291256e-16 0.1961161345243454
vn 2.007222842484682e-16 0.9805806875228882 0.1961161345243454
vn 2.007222842484682e-16 0.9805806875228882 0.1961161345243454
vn 2.007222842484682e-16 0.9805806875228882 0.1961161345243454
vn 2.007222842484682e-16 0.9805806875228882 0.1961161345243454
f 721//2161 722//2162 723//2163 724//2164
f 725//2165 721//2166 724//2167 726//2168
f 727//2169 723//2170 722//2171 728//2172
f 724//2173 723//2174 727//2175 726//2176
f 725//2177 728//2178 722//2179 721//2180
f 726//2181 727//2182 728//2183 725//2184
o Solid_168
v 0.800000011920929 0.019999999552965164 0
v 0.7990000247955322 0.020999999716877937 0.004999999888241291
v 0.7910000085830688 0.020999999716877937 0.004999999888241291
v 0.7900000214576721 0.019999999552965164 0
v 0.800000011920929 0.03999999910593033 8.673617379884035e-19
v 0.7900000214576721 0.03999999910593033 0
v 0.7910000085830688 0.039000000804662704 0.004999999888241291
v 0.7990000247955322 0.039000000804662704 0.004999999888241291
vn -2.1773265135813528e-16 -0.9805806875228882 0.1961161345243454
vn -2.1773265135813528e-16 -0.9805806875228882 0.1961161345243454
vn -2.1773265135813528e-16 -0.9805806875228882 0.1961161345243454
vn -2.1773265135813528e-16 -0.9805806875228882 0.1961161345243454
vn 8.673617379884035e-17 -1.9259299443872359e-32 -1
vn 8.673617379884035e-17 -1.9259299443872359e-32 -1
vn 8.673617379884035e-17 -1.9259299443872359e-32 -1
vn 8.673617379884035e-17 -1.9259299443872359e-32 -1
vn 0 0 1
vn 0 0 1
vn 0 0 1
vn 0 0 1
vn -0.9805806875228882 2.1773265135813528e-16 0.1961161345243454
vn -0.9805806875228882 2.1773265135813528e-16 0.1961161345243454
vn -0.9805806875228882 2.1773265135813528e-16 0.1961161345243454
vn -0.9805806875228882 2.1773265135813528e-16 0.1961161345243454
vn 0.9805806875228882 -2.3474300523291256e-16 0.1961161345243454
vn 0.9805806875228882 -2.3474300523291256e-16 0.1961161345243454
vn 0.9805806875228882 -2.3474300523291256e-16 0.1961161345243454
vn 0.9805806875228882 -2.3474300523291256e-16 0.1961161345243454
vn 2.007222842484682e-16 0.9805806875228882 0.1961161345243454
vn 2.007222842484682e-16 0.9805806875228882 0.1961161345243454
vn 2.007222842484682e-16 0.9805806875228882 0.1961161345243454
vn 2.007222842484682e-16 0.9805806875228882 0.1961161345243454
f 729//2185 730//2186 731//2187 732//2188
f 733//2189 729//2190 732//2191 734//2192
f 735//2193 731//2194 730//2195 736//2196
f 732//2197 731//2198 735//2199 734//2200
f 733//2201 736//2202 730//2203 729//2204
f 734//2205 735//2206 736//2207 733//2208
o Solid_169
v 0.7799999713897705 0.05000000074505806 0
v 0.781000018119812 0.050999999046325684 0.004999999888241291
v 0.781000018119812 0.05900000035762787 0.004999999888241291
v 0.7799999713897705 0.05999999865889549 0
v 0.7900000214576721 0.05000000074505806 8.673617379884035e-19
v 0.7900000214576721 0.05999999865889549 0
v 0.7889999747276306 0.05900000035762787 0.004999999888241291
v 0.7889999747276306 0.050999999046325684 0.004999999888241291
vn -0.9805806875228882 0 0.1961161345243454
vn -0.9805806875228882 0 0.1961161345243454
vn -0.9805806875228882 0 0.1961161345243454
vn -0.9805806875228882 0 0.1961161345243454
vn 0 -8.673617379884035e-17 -1
vn 0 -8.673617379884035e-17 -1
vn 0 -8.673617379884035e-17 -1
vn 0 -8.673617379884035e-17 -1
vn 0 0 1
vn 0 0 1
vn 0 0 1
vn 0 0 1
vn 0 0.9805806875228882 0.1961161345243454
vn 0 0.9805806875228882 0.1961161345243454
vn 0 0.9805806875228882 0.1961161345243454
vn 0 0.9805806875228882 0.1961161345243454
vn -1.7010363800944625e-17 -0.9805806875228882 0.1961161345243454
vn -1.7010363800944625e-17 -0.9805806875228882 0.1961161345243454
vn -1.7010363800944625e-17 -0.9805806875228882 0.1961161345243454
vn -1.7010363800944625e-17 -0.9805806875228882 0.1961161345243454
vn 0.9805806875228882 1.7010363800944625e-17 0.1961161345243454
vn 0.9805806875228882 1.7010363800944625e-17 0.1961161345243454
vn 0.9805806875228882 1.7010363800944625e-17 0.1961161345243454
vn 0.9805806875228882 1.7010363800944625e-17 0.1961161345243454
f 737//2209 738//2210 739//2211 740//2212
f 741//2213 737//2214 740//2215 742//2216
f 743//2217 739//2218 738//2219 744//2220
f 740//2221 739//2222 743//2223 742//2224
f 741//2225 744//2226 738//2227 737//2228
f 742//2229 743//2230 744//2231 741//2232
o Solid_170
v 0.7699999809265137 0.05000000074505806 0
v 0.7710000276565552 0.050999999046325684 0.004999999888241291
v 0.7710000276565552 0.05900000035762787 0.004999999888241291
v 0.7699999809265137 0.05999999865889549 0
v 0.7799999713897705 0.05000000074505806 8.673617379884035e-19
v 0.7799999713897705 0.05999999865889549 0
v 0.7789999842643738 0.05900000035762787 0.004999999888241291
v 0.7789999842643738 0.050999999046325684 0.004999999888241291
vn -0.9805806875228882 0 0.1961161345243454
vn -0.9805806875228882 0 0.1961161345243454
vn -0.9805806875228882 0 0.1961161345243454
vn -0.9805806875228882 0 0.1961161345243454
vn 0 -8.673617379884035e-17 -1
vn 0 -8.673617379884035e-17 -1
vn 0 -8.673617379884035e-17 -1
vn 0 -8.673617379884035e-17 -1
vn 0 0 1
vn 0 0 1
vn 0 0 1
vn 0 0 1
vn 0 0.9805806875228882 0.1961161345243454
vn 0 0.9805806875228882 0.1961161345243454
vn 0 0.9805806875228882 0.1961161345243454
vn 0 0.9805806875228882 0.1961161345243454
vn -1.7010363800944625e-17 -0.9805806875228882 0.1961161345243454
vn -1.7010363800944625e-17 -0.9805806875228882 0.1961161345243454
vn -1.7010363800944625e-17 -0.9805806875228882 0.1961161345243454
vn -1.7010363800944625e-17 -0.9805806875228882 0.1961161345243454
vn 0.9805806875228882 1.7010363800944625e-17 0.1961161345243454
vn 0.9805806875228882 1.7010363800944625e-17 0.1961161345243454
vn 0.9805806875228882 1.7010363800944625e-17 0.1961161345243454
vn 0.9805806875228882 1.7010363800944625e-17 0.1961161345243454
f 745//2233 746//2234 747//2235 748//2236
f 749//2237 745//2238 748//2239 750//2240
f 751//2241 747//2242 746//2243 752//2244
f 748//2245 747//2246 751//2247 750//2248
f 749//2249 752//2250 746//2251 745//2252
f 750//2253 751//2254 752//2255 749//2256
o Solid_171
v 0.7599999904632568 0.05000000074505806 0
v 0.7609999775886536 0.050999999046325684 0.004999999888241291
v 0.7609999775886536 0.05900000035762787 0.004999999888241291
v 0.7599999904632568 0.05999999865889549 0
v 0.7699999809265137 0.05000000074505806 8.673617379884035e-19
v 0.7699999809265137 0.05999999865889549 0
v 0.7689999938011169 0.05900000035762787 0.004999999888241291
v 0.7689999938011169 0.050999999046325684 0.004999999888241291
vn -0.9805806875228882 0 0.1961161345243454
vn -0.9805806875228882 0 0.1961161345243454
vn -0.9805806875228882 0 0.1961161345243454
vn -0.9805806875228882 0 0.1961161345243454
vn 0 -8.673617379884035e-17 -1
vn 0 -8.673617379884035e-17 -1
vn 0 -8.673617379884035e-17 -1
vn 0 -8.673617379884035e-17 -1
vn 0 0 1
vn 0 0 1
vn 0 0 1
vn 0 0 1
vn 0 0.9805806875228882 0.1961161345243454
vn 0 0.9805806875228882 0.1961161345243454
vn 0 0.9805806875228882 0.1961161345243454
vn 0 0.9805806875228882 0.1961161345243454
vn -1.7010363800944625e-17 -0.9805806875228882 0.1961161345243454
vn -1.7010363800944625e-17 -0.9805806875228882 0.1961161345243454
vn -1.7010363800944625e-17 -0.9805806875228882 0.1961161345243454
vn -1.7010363800944625e-17 -0.9805806875228882 0.1961161345243454
vn 0.9805806875228882 1.7010363800944625e-17 0.1961161345243454
vn 0.9805806875228882 1.7010363800944625e-17 0.1961161345243454
vn 0.9805806875228882 1.7010363800944625e-17 0.1961161345243454
vn 0.9805806875228882 1.7010363800944625e-17 0.1961161345243454
f 753//2257 754//2258 755//2259 756//2260
f 757//2261 753//2262 756//2263 758//2264
f 759//2265 755//2266 754//2267 760//2268
f 756//2269 755//2270 759//2271 758//2272
f 757//2273 760//2274 754//2275 753//2276
f 758//2277 759//2278 760//2279 757//2280
o Solid_172
v 0.7799999713897705 0.03999999910593033 0
v 0.781000018119812 0.04100000113248825 0.004999999888241291
v 0.781000018119812 0.04899999871850014 0.004999999888241291
v 0.7799999713897705 0.05000000074505806 0
v 0.7900000214576721 0.03999999910593033 8.673617379884035e-19
v 0.7900000214576721 0.05000000074505806 0
v 0.7889999747276306 0.04899999871850014 0.004999999888241291
v 0.7889999747276306 0.04100000113248825 0.004999999888241291
vn -0.9805806875228882 0 0.1961161345243454
vn -0.9805806875228882 0 0.1961161345243454
vn -0.9805806875228882 0 0.1961161345243454
vn -0.9805806875228882 0 0.1961161345243454
vn 0 -8.673617379884035e-17 -1
vn 0 -8.673617379884035e-17 -1
vn 0 -8.673617379884035e-17 -1
vn 0 -8.673617379884035e-17 -1
vn 0 0 1
vn 0 0 1
vn 0 0 1
vn 0 0 1
vn 0 0.9805806875228882 0.1961161345243454
vn 0 0.9805806875228882 0.1961161345243454
vn 0 0.9805806875228882 0.1961161345243454
vn 0 0.9805806875228882 0.1961161345243454
vn -1.7010363800944625e-17 -0.9805806875228882 0.1961161345243454
vn -1.7010363800944625e-17 -0.9805806875228882 0.1961161345243454
vn -1.7010363800944625e-17 -0.9805806875228882 0.1961161345243454
vn -1.7010363800944625e-17 -0.9805806875228882 0.1961161345243454
vn 0.9805806875228882 1.7010363800944625e-17 0.1961161345243454
vn 0.9805806875228882 1.7010363800944625e-17 0.1961161345243454
vn 0.9805806875228882 1.7010363800944625e-17 0.1961161345243454
vn 0.9805806875228882 1.7010363800944625e-17 0.1961161345243454
f 761//2281 762//2282 763//2283 764//2284
f 765//2285 761//2286 764//2287 766//2288
f 767//2289 763//2290 762//2291 768//2292
f 764//2293 763//2294 767//2295 766//2296
f 765//2297 768//2298 762//2299 761//2300
f 766//2301 767//2302 768//2303 765//2304
o Solid_173
v 0.7699999809265137 0.03999999910593033 0
v 0.7710000276565552 0.04100000113248825 0.004999999888241291
v 0.7710000276565552 0.04899999871850014 0.004999999888241291
v 0.7699999809265137 0.05000000074505806 0
v 0.7799999713897705 0.03999999910593033 8.673617379884035e-19
v 0.7799999713897705 0.05000000074505806 0
v 0.7789999842643738 0.04899999871850014 0.004999999888241291
v 0.7789999842643738 0.04100000113248825 0.004999999888241291
vn -0.9805806875228882 0 0.1961161345243454
vn -0.9805806875228882 0 0.1961161345243454
vn -0.9805806875228882 0 0.1961161345243454
vn -0.9805806875228882 0 0.1961161345243454
vn 0 -8.673617379884035e-17 -1
vn 0 -8.673617379884035e-17 -1
vn 0 -8.673617379884035e-17 -1
vn 0 -8.673617379884035e-17 -1
vn 0 0 1
vn 0 0 1
vn 0 0 1
vn 0 0 1
vn 0 0.9805806875228882 0.1961161345243454
vn 0 0.9805806875228882 0.1961161345243454
vn 0 0.9805806875228882 0.1961161345243454
vn 0 0.9805806875228882 0.1961161345243454
vn -1.7010363800944625e-17 -0.9805806875228882 0.1961161345243454
vn -1.7010363800944625e-17 -0.9805806875228882 0.1961161345243454
vn -1.7010363800944625e-17 -0.9805806875228882 0.1961161345243454
vn -1.7010363800944625e-17 -0.9805806875228882 0.1961161345243454
vn 0.9805806875228882 1.7010363800944625e-17 0.1961161345243454
vn 0.9805806875228882 1.7010363800944625e-17 0.1961161345243454
vn 0.9805806875228882 1.7010363800944625e-17 0.1961161345243454
vn 0.9805806875228882 1.7010363800944625e-17 0.1961161345243454
f 769//2305 770//2306 771//2307 772//2308
f 773//2309 769//2310 772//2311 774//2312
f 775//2313 771//2314 770//2315 776//2316
f 772//2317 771//2318 775//2319 774//2320
f 773//2321 776//2322 770//2323 769//2324
f 774//2325 775//2326 776//2327 773//2328
o Solid_174
v 0.7599999904632568 0.03999999910593033 0
v 0.7609999775886536 0.04100000113248825 0.004999999888241291
v 0.7609999775886536 0.04899999871850014 0.004999999888241291
v 0.7599999904632568 0.05000000074505806 0
v 0.7699999809265137 0.03999999910593033 8.673617379884035e-19
v 0.7699999809265137 0.05000000074505806 0
v 0.7689999938011169 0.04899999871850014 0.004999999888241291
v 0.7689999938011169 0.04100000113248825 0.004999999888241291
vn -0.9805806875228882 0 0.1961161345243454
vn -0.9805806875228882 0 0.1961161345243454
vn -0.9805806875228882 0 0.1961161345243454
vn -0.9805806875228882 0 0.1961161345243454
vn 0 -8.673617379884035e-17 -1
vn 0 -8.673617379884035e-17 -1
vn 0 -8.673617379884035e-17 -1
vn 0 -8.673617379884035e-17 -1
vn 0 0 1
vn 0 0 1
vn 0 0 1
vn 0 0 1
vn 0 0.9805806875228882 0.1961161345243454
vn 0 0.9805806875228882 0.1961161345243454
vn 0 0.9805806875228882 0.1961161345243454
vn 0 0.9805806875228882 0.1961161345243454
vn -1.7010363800944625e-17 -0.9805806875228882 0.1961161345243454
vn -1.7010363800944625e-17 -0.9805806875228882 0.1961161345243454
vn -1.7010363800944625e-17 -0.9805806875228882 0.1961161345243454
vn -1.7010363800944625e-17 -0.9805806875228882 0.1961161345243454
vn 0.9805806875228882 1.7010363800944625e-17 0.1961161345243454
vn 0.9805806875228882 1.7010363800944625e-17 0.1961161345243454
vn 0.9805806875228882 1.7010363800944625e-17 0.1961161345243454
vn 0.9805806875228882 1.7010363800944625e-17 0.1961161345243454
f 777//2329 778//2330 779//2331 780//2332
f 781//2333 777//2334 780//2335 782//2336
f 783//2337 779//2338 778//2339 784//2340
f 780//2341 779//2342 783//2343 782//2344
f 781//2345 784//2346 778//2347 777//2348
f 782//2349 783//2350 784//2351 781//2352
o Solid_175
v 0.7799999713897705 0.029999999329447746 0
v 0.781000018119812 0.03099999949336052 0.004999999888241291
v 0.781000018119812 0.039000000804662704 0.004999999888241291
v 0.7799999713897705 0.03999999910593033 0
v 0.7900000214576721 0.029999999329447746 8.673617379884035e-19
v 0.7900000214576721 0.03999999910593033 0
v 0.7889999747276306 0.039000000804662704 0.004999999888241291
v 0.7889999747276306 0.03099999949336052 0.004999999888241291
vn -0.9805806875228882 0 0.1961161345243454
vn -0.9805806875228882 0 0.1961161345243454
vn -0.9805806875228882 0 0.1961161345243454
vn -0.9805806875228882 0 0.1961161345243454
vn 0 -8.673617379884035e-17 -1
vn 0 -8.673617379884035e-17 -1
vn 0 -8.673617379884035e-17 -1
vn 0 -8.673617379884035e-17 -1
vn 0 0 1
vn 0 0 1
vn 0 0 1
vn 0 0 1
vn 0 0.9805806875228882 0.1961161345243454
vn 0 0.9805806875228882 0.1961161345243454
vn 0 0.9805806875228882 0.1961161345243454
vn 0 0.9805806875228882 0.1961161345243454
vn -1.7010363800944625e-17 -0.9805806875228882 0.1961161345243454
vn -1.7010363800944625e-17 -0.9805806875228882 0.1961161345243454
vn -1.7010363800944625e-17 -0.9805806875228882 0.1961161345243454
vn -1.7010363800944625e-17 -0.9805806875228882 0.1961161345243454
vn 0.9805806875228882 1.7010363800944625e-17 0.1961161345243454
vn 0.9805806875228882 1.7010363800944625e-17 0.1961161345243454
vn 0.9805806875228882 1.7010363800944625e-17 0.1961161345243454
vn 0.9805806875228882 1.7010363800944625e-17 0.1961161345243454
f 785//2353 786//2354 787//2355 788//2356
f 789//2357 785//2358 788//2359 790//2360
f 791//2361 787//2362 786//2363 792//2364
f 788//2365 787//2366 791//2367 790//2368
f 789//2369 792//2370 786//2371 785//2372
f 790//2373 791//2374 792//2375 789//2376
o Solid_176
v 0.7699999809265137 0.029999999329447746 0
v 0.7710000276565552 0.03099999949336052 0.004999999888241291
v 0.7710000276565552 0.039000000804662704 0.004999999888241291
v 0.7699999809265137 0.03999999910593033 0
v 0.7799999713897705 0.029999999329447746 8.673617379884035e-19
v 0.7799999713897705 0.03999999910593033 0
v 0.7789999842643738 0.039000000804662704 0.004999999888241291
v 0.7789999842643738 0.03099999949336052 0.004999999888241291
vn -0.9805806875228882 0 0.1961161345243454
vn -0.9805806875228882 0 0.1961161345243454
vn -0.9805806875228882 0 0.1961161345243454
vn -0.9805806875228882 0 0.1961161345243454
vn 0 -8.673617379884035e-17 -1
vn 0 -8.673617379884035e-17 -1
vn 0 -8.673617379884035e-17 -1
vn 0 -8.673617379884035e-17 -1
vn 0 0 1
vn 0 0 1
vn 0 0 1
vn 0 0 1
vn 0 0.9805806875228882 0.1961161345243454
vn 0 0.9805806875228882 0.1961161345243454
vn 0 0.9805806875228882 0.1961161345243454
vn 0 0.9805806875228882 0.1961161345243454
vn -1.7010363800944625e-17 -0.9805806875228882 0.1961161345243454
vn -1.7010363800944625e-17 -0.9805806875228882 0.1961161345243454
vn -1.7010363800944625e-17 -0.9805806875228882 0.1961161345243454
vn -1.7010363800944625e-17 -0.9805806875228882 0.1961161345243454
vn 0.9805806875228882 1.7010363800944625e-17 0.1961161345243454
vn 0.9805806875228882 1.7010363800944625e-17 0.1961161345243454
vn 0.9805806875228882 1.7010363800944625e-17 0.1961161345243454
vn 0.9805806875228882 1.7010363800944625e-17 0.1961161345243454
f 793//2377 794//2378 795//2379 796//2380
f 797//2381 793//2382 796//2383 798//2384
f 799//2385 795//2386 794//2387 800//2388
f 796//2389 795//2390 799//2391 798//2392
f 797//2393 800//2394 794//2395 793//2396
f 798//2397 799//2398 800//2399 797//2400
o Solid_177
v 0.7599999904632568 0.029999999329447746 0
v 0.7609999775886536 0.03099999949336052 0.004999999888241291
v 0.7609999775886536 0.039000000804662704 0.004999999888241291
v 0.7599999904632568 0.03999999910593033 0
v 0.7699999809265137 0.029999999329447746 8.673617379884035e-19
v 0.7699999809265137 0.03999999910593033 0
v 0.7689999938011169 0.039000000804662704 0.004999999888241291
v 0.7689999938011169 0.03099999949336052 0.004999999888241291
vn -0.9805806875228882 0 0.1961161345243454
vn -0.9805806875228882 0 0.1961161345243454
vn -0.9805806875228882 0 0.1961161345243454
vn -0.9805806875228882 0 0.1961161345243454
vn 0 -8.673617379884035e-17 -1
vn 0 -8.673617379884035e-17 -1
vn 0 -8.673617379884035e-17 -1
vn 0 -8.673617379884035e-17 -1
vn 0 0 1
vn 0 0 1
vn 0 0 1
vn 0 0 1
vn 0 0.9805806875228882 0.1961161345243454
vn 0 0.9805806875228882 0.1961161345243454
vn 0 0.9805806875228882 0.1961161345243454
vn 0 0.9805806875228882 0.1961161345243454
vn -1.7010363800944625e-17 -0.9805806875228882 0.1961161345243454
vn -1.7010363800944625e-17 -0.9805806875228882 0.1961161345243454
vn -1.7010363800944625e-17 -0.9805806875228882 0.1961161345243454
vn -1.7010363800944625e-17 -0.9805806875228882 0.1961161345243454
vn 0.9805806875228882 1.7010363800944625e-17 0.1961161345243454
vn 0.9805806875228882 1.7010363800944625e-17 0.1961161345243454
vn 0.9805806875228882 1.7010363800944625e-17 0.1961161345243454
vn 0.9805806875228882 1.7010363800944625e-17 0.1961161345243454
f 801//2401 802//2402 803//2403 804//2404
f 805//2405 801//2406 804//2407 806//2408
f 807//2409 803//2410 802//2411 808//2412
f 804//2413 803//2414 807//2415 806//2416
f 805//2417 808//2418 802//2419 801//2420
f 806//2421 807//2422 808//2423 805//2424
o Solid_178
v 0.7599999904632568 0.019999999552965164 0
v 0.7609999775886536 0.020999999716877937 0.004999999888241291
v 0.7609999775886536 0.028999999165534973 0.004999999888241291
v 0.7599999904632568 0.029999999329447746 0
v 0.7799999713897705 0.019999999552965164 8.673617379884035e-19
v 0.7799999713897705 0.029999999329447746 0
v 0.7789999842643738 0.028999999165534973 0.004999999888241291
v 0.7789999842643738 0.020999999716877937 0.004999999888241291
vn -0.9805806875228882 0 0.1961161345243454
vn -0.9805806875228882 0 0.1961161345243454
vn -0.9805806875228882 0 0.1961161345243454
vn -0.9805806875228882 0 0.1961161345243454
vn 0 -8.673617379884035e-17 -1
vn 0 -8.673617379884035e-17 -1
vn 0 -8.673617379884035e-17 -1
vn 0 -8.673617379884035e-17 -1
vn 0 0 1
vn 0 0 1
vn 0 0 1
vn 0 0 1
vn 0 0.9805806875228882 0.1961161345243454
vn 0 0.9805806875228882 0.1961161345243454
vn 0 0.9805806875228882 0.1961161345243454
vn 0 0.9805806875228882 0.1961161345243454
vn -1.7010363800944625e-17 -0.9805806875228882 0.1961161345243454
vn -1.7010363800944625e-17 -0.9805806875228882 0.1961161345243454
vn -1.7010363800944625e-17 -0.9805806875228882 0.1961161345243454
vn -1.7010363800944625e-17 -0.9805806875228882 0.1961161345243454
vn 0.9805806875228882 1.7010363800944625e-17 0.1961161345243454
vn 0.9805806875228882 1.7010363800944625e-17 0.1961161345243454
vn 0.9805806875228882 1.7010363800944625e-17 0.1961161345243454
vn 0.9805806875228882 1.7010363800944625e-17 0.1961161345243454
f 809//2425 810//2426 811//2427 812//2428
f 813//2429 809//2430 812//2431 814//2432
f 815//2433 811//2434 810//2435 816//2436
f 812//2437 811//2438 815//2439 814//2440
f 813//2441 816//2442 810//2443 809//2444
f 814//2445 815//2446 816//2447 813//2448
o Solid_179
v 0.7799999713897705 0.019999999552965164 0
v 0.781000018119812 0.020999999716877937 0.004999999888241291
v 0.781000018119812 0.028999999165534973 0.004999999888241291
v 0.7799999713897705 0.029999999329447746 0
v 0.7900000214576721 0.019999999552965164 8.673617379884035e-19
v 0.7900000214576721 0.029999999329447746 0
v 0.7889999747276306 0.028999999165534973 0.004999999888241291
v 0.7889999747276306 0.020999999716877937 0.004999999888241291
vn -0.9805806875228882 0 0.1961161345243454
vn -0.9805806875228882 0 0.1961161345243454
vn -0.9805806875228882 0 0.1961161345243454
vn -0.9805806875228882 0 0.1961161345243454
vn 0 -8.673617379884035e-17 -1
vn 0 -8.673617379884035e-17 -1
vn 0 -8.673617379884035e-17 -1
vn 0 -8.673617379884035e-17 -1
vn 0 0 1
vn 0 0 1
vn 0 0 1
vn 0 0 1
vn 0 0.9805806875228882 0.1961161345243454
vn 0 0.9805806875228882 0.1961161345243454
vn 0 0.9805806875228882 0.1961161345243454
vn 0 0.9805806875228882 0.1961161345243454
vn -1.7010363800944625e-17 -0.9805806875228882 0.1961161345243454
vn -1.7010363800944625e-17 -0.9805806875228882 0.1961161345243454
vn -1.7010363800944625e-17 -0.9805806875228882 0.1961161345243454
vn -1.7010363800944625e-17 -0.9805806875228882 0.1961161345243454
vn 0.9805806875228882 1.7010363800944625e-17 0.1961161345243454
vn 0.9805806875228882 1.7010363800944625e-17 0.1961161345243454
vn 0.9805806875228882 1.7010363800944625e-17 0.1961161345243454
vn 0.9805806875228882 1.7010363800944625e-17 0.1961161345243454
f 817//2449 818//2450 819//2451 820//2452
f 821//2453 817//2454 820//2455 822//2456
f 823//2457 819//2458 818//2459 824//2460
f 820//2461 819//2462 823//2463 822//2464
f 821//2465 824//2466 818//2467 817//2468
f 822//2469 823//2470 824//2471 821//2472
